num_controls=37
num_derivatives=0
num_iterations=620
num_multipliers=2
num_parameters=0
num_slacks=2
num_states=78
objective=1.776046
objective_control_effort=0.351843
objective_state_tracking=1.424202
solver_duration=5322.747636
status=Solve_Succeeded
success=true
DataType=double
version=3
OpenSimVersion=4.2
endheader
time	/jointset/ground_pelvis/pelvis_tilt/value	/jointset/ground_pelvis/pelvis_list/value	/jointset/ground_pelvis/pelvis_rotation/value	/jointset/ground_pelvis/pelvis_tx/value	/jointset/ground_pelvis/pelvis_ty/value	/jointset/ground_pelvis/pelvis_tz/value	/jointset/hip_r/hip_flexion_r/value	/jointset/hip_r/hip_adduction_r/value	/jointset/hip_r/hip_rotation_r/value	/jointset/hip_l/hip_flexion_l/value	/jointset/hip_l/hip_adduction_l/value	/jointset/hip_l/hip_rotation_l/value	/jointset/back/lumbar_extension/value	/jointset/back/lumbar_bending/value	/jointset/back/lumbar_rotation/value	/jointset/walker_knee_r/knee_angle_r/value	/jointset/patellofemoral_r/knee_angle_r_beta/value	/jointset/walker_knee_l/knee_angle_l/value	/jointset/patellofemoral_l/knee_angle_l_beta/value	/jointset/acromial_r/arm_flex_r/value	/jointset/acromial_r/arm_add_r/value	/jointset/acromial_r/arm_rot_r/value	/jointset/acromial_l/arm_flex_l/value	/jointset/acromial_l/arm_add_l/value	/jointset/acromial_l/arm_rot_l/value	/jointset/ankle_r/ankle_angle_r/value	/jointset/ankle_l/ankle_angle_l/value	/jointset/elbow_r/elbow_flex_r/value	/jointset/elbow_l/elbow_flex_l/value	/jointset/subtalar_r/subtalar_angle_r/value	/jointset/subtalar_l/subtalar_angle_l/value	/jointset/radioulnar_r/pro_sup_r/value	/jointset/radioulnar_l/pro_sup_l/value	/jointset/mtp_r/mtp_angle_r/value	/jointset/mtp_l/mtp_angle_l/value	/jointset/radius_hand_r/wrist_flex_r/value	/jointset/radius_hand_r/wrist_dev_r/value	/jointset/radius_hand_l/wrist_flex_l/value	/jointset/radius_hand_l/wrist_dev_l/value	/jointset/ground_pelvis/pelvis_tilt/speed	/jointset/ground_pelvis/pelvis_list/speed	/jointset/ground_pelvis/pelvis_rotation/speed	/jointset/ground_pelvis/pelvis_tx/speed	/jointset/ground_pelvis/pelvis_ty/speed	/jointset/ground_pelvis/pelvis_tz/speed	/jointset/hip_r/hip_flexion_r/speed	/jointset/hip_r/hip_adduction_r/speed	/jointset/hip_r/hip_rotation_r/speed	/jointset/hip_l/hip_flexion_l/speed	/jointset/hip_l/hip_adduction_l/speed	/jointset/hip_l/hip_rotation_l/speed	/jointset/back/lumbar_extension/speed	/jointset/back/lumbar_bending/speed	/jointset/back/lumbar_rotation/speed	/jointset/walker_knee_r/knee_angle_r/speed	/jointset/patellofemoral_r/knee_angle_r_beta/speed	/jointset/walker_knee_l/knee_angle_l/speed	/jointset/patellofemoral_l/knee_angle_l_beta/speed	/jointset/acromial_r/arm_flex_r/speed	/jointset/acromial_r/arm_add_r/speed	/jointset/acromial_r/arm_rot_r/speed	/jointset/acromial_l/arm_flex_l/speed	/jointset/acromial_l/arm_add_l/speed	/jointset/acromial_l/arm_rot_l/speed	/jointset/ankle_r/ankle_angle_r/speed	/jointset/ankle_l/ankle_angle_l/speed	/jointset/elbow_r/elbow_flex_r/speed	/jointset/elbow_l/elbow_flex_l/speed	/jointset/subtalar_r/subtalar_angle_r/speed	/jointset/subtalar_l/subtalar_angle_l/speed	/jointset/radioulnar_r/pro_sup_r/speed	/jointset/radioulnar_l/pro_sup_l/speed	/jointset/mtp_r/mtp_angle_r/speed	/jointset/mtp_l/mtp_angle_l/speed	/jointset/radius_hand_r/wrist_flex_r/speed	/jointset/radius_hand_r/wrist_dev_r/speed	/jointset/radius_hand_l/wrist_flex_l/speed	/jointset/radius_hand_l/wrist_dev_l/speed	/forceset/pelvis_tilt_act	/forceset/pelvis_list_act	/forceset/pelvis_rotation_act	/forceset/pelvis_tx_act	/forceset/pelvis_ty_act	/forceset/pelvis_tz_act	/forceset/hip_flexion_r_act	/forceset/hip_adduction_r_act	/forceset/hip_rotation_r_act	/forceset/knee_angle_r_act	/forceset/ankle_angle_r_act	/forceset/subtalar_angle_r_act	/forceset/mtp_angle_r_act	/forceset/hip_flexion_l_act	/forceset/hip_adduction_l_act	/forceset/hip_rotation_l_act	/forceset/knee_angle_l_act	/forceset/ankle_angle_l_act	/forceset/subtalar_angle_l_act	/forceset/mtp_angle_l_act	/forceset/lumbar_ext	/forceset/lumbar_bend	/forceset/lumbar_rot	/forceset/shoulder_flex_r	/forceset/shoulder_add_r	/forceset/shoulder_rot_r	/forceset/elbow_flex_r	/forceset/pro_sup_r	/forceset/wrist_flex_r	/forceset/wrist_dev_r	/forceset/shoulder_flex_l	/forceset/shoulder_add_l	/forceset/shoulder_rot_l	/forceset/elbow_flex_l	/forceset/pro_sup_l	/forceset/wrist_flex_l	/forceset/wrist_dev_l	lambda_cid39_p0	lambda_cid40_p0	gamma_cid39_p0	gamma_cid40_p0
4.4	-0.3377742042934289	0.04380326491261437	0.01939114416236754	-0.6258964703966758	0.8981891660465116	0.00994501996185564	0.4910065235377121	0.01255572912760424	-0.001494416438728277	0.284097962445282	0.006958462522229975	-0.00022313943165904	0.02819592561985816	0.01897009197191754	0.006838778576101853	0.2344965918291279	0.2344965918291279	0.02062686032035193	0.02062686032035193	0.3360826647727288	-0.01202209355606891	1.570616880421767	0.3227209122544207	0.002591451239082247	1.570717485744095	0.007148445353538846	-0.002994288782884355	0	0.001806684710814646	0.001400875785317386	0.0003058517030383814	9.613497970217964e-05	2.282501998945502e-05	1.774566824398935e-06	-2.034219066184844e-05	5.361999801378026e-05	3.936885671839802e-05	4.689754715581003e-06	1.644719091485171e-05	-0.1349464805126358	-0.008740712250101788	-0.001706076449279771	0.02159350742820218	0.3223238907045027	0.001768767196151804	0.1084399536011992	0.00422846560896325	-0.0003891291417952496	0.1121019556564875	0.008641573658753088	-0.0002270247779034306	0.08298129966237838	0.003447346007379936	0.0007187264227558374	-0.01575301294992889	-0.01575301294992889	-0.0129356610474927	-0.0129356610474927	0.02838142225036311	0.01072408037568917	0.0008226755720696567	0.02513704549070216	-0.004275897057793877	-6.240127387870312e-05	-0.0005058565373807205	0.001728527232311768	0.004005997216520433	-0.004136637014978893	-0.0001997660421959828	0.00175128222020453	-0.001598592714495838	-9.646354553905478e-05	0.0006971679107638111	0.003414861678421484	-0.0009850476730403521	-0.002808853170930633	0.000525433187624377	-0.0005894399449146568	-0.003655147655829156	0.0008949101205572792	-0.0006339644444222142	0.0003873527453908542	-0.000690165568263045	-0.000747672400456702	0.008193493041076397	0.002861800194775466	0.0004382681354323914	-0.003910190839149329	0.005761253932261317	-0.0007387251888505058	-0.0001493590031267809	-0.0111135926965151	-0.006698422885050918	-0.0005098500230131255	-0.001765001025076535	0.005151111501594158	-0.0001679460273014355	-0.0001345030397386903	0.02269362247735228	-0.01264710315054262	-0.004504514906803961	0.1215301917619243	-0.01270009116067684	-0.001170244676203485	-0.01753748478034213	4.692648072596867e-06	2.62823728977295e-05	3.59457514657184e-05	0.1101306294036923	0.05511364150674113	-0.001200402847598517	0.0347534039258006	-2.158001978049409e-06	-3.23087342246042e-05	5.565901792223262e-05	-0.03273100542943366	-0.03179610747799939	6.194394523114159e-18	7.043195764348003e-19
4.421333333333334	-0.3403648925992462	0.04370577382354358	0.01935775448925779	-0.6255606225888776	0.9050722664560432	0.01006323772122247	0.4928097400659348	0.01266253358538928	-0.001511162150303077	0.2863147956895686	0.00695468255174576	-0.0002262712039996296	0.02986789063021372	0.01897625127545139	0.006853349725040016	0.2336338461738164	0.2336338461738164	0.02061858288164587	0.02061858288164587	0.3366723136375342	-0.01177558291498565	1.570614006624144	0.3232236579290172	0.002474147497753083	1.570717962371	0.007127074178847692	-0.002996552566599589	0.0001075498408816581	0.001706141712552	0.001408391234982897	0.0003049027392243271	0.0001118558971936416	2.365240589237621e-05	-9.982710400212565e-06	-5.424948711428859e-05	6.078741850282879e-05	7.104355214937322e-05	-1.26138621929614e-06	2.182272196691964e-05	-0.1095139373539595	-0.0006906538572210102	-0.0008763816953418689	0.01127492402435084	0.3232004518391906	0.008061845891575745	0.05867142873386777	0.004412681293018506	-0.0008872260582020303	0.09570770345171369	-0.005593128341523645	-3.819830909459598e-05	0.0740934359682955	-0.002866902517108044	0.0001243889412375775	-0.06977695610475776	-0.06977695610475775	0.009164771067925419	0.009164771067925419	0.02550627126808695	0.01168494921163621	-0.0006070950068242634	0.0216996381918021	-0.006127269267678634	9.810150960909699e-05	-0.001067958835274803	-0.001614331303348178	0.005461235092762339	-0.005008805293239189	0.0004218135269440037	-0.001074426275631853	0.001600335430772145	9.643993499343669e-05	-0.0006966933187705387	-0.003425053769221098	0.0009667075990778417	0.002770817407479049	-0.0005113231775682401	0.000572476543091643	-0.0002856723390327725	0.001915643004930728	-0.002130084944631331	-0.0001940508443514251	-0.0003509138550213442	0.0001974593628271355	-0.007520552313306682	-0.06634074030523862	0.0118574678125131	-0.05471672558176956	0.02755876377478186	-0.005040489183603066	-0.0001505891848286428	-0.01330725637436411	-0.01469760892964621	6.762655201065086e-06	0.003045857318376053	0.001718182605965104	-0.001541636489518789	-0.0001358754698657932	0.031496317662085	-0.03133529855305779	-0.009490642424178956	0.07225316103197649	-0.02091742700789725	-0.0006851353941123772	-0.02048812704372836	1.274362489207647e-06	3.871892833887036e-05	1.576187608779259e-05	0.07171956070854096	0.04139956234106856	-0.00079722526753796	0.02759478310863035	-1.546712355337824e-05	-5.074147324483364e-05	2.49547185241227e-05	-0.03069844411065627	-0.03224875633854446	4.11479861263183e-19	1.418044241429049e-18
4.442666666666667	-0.3425143568929033	0.04376135641707701	0.01937712568830141	-0.6253564117941879	0.911989022302054	0.01023556050750526	0.4934270573637627	0.01268547463278405	-0.001519746392778912	0.2881807036040253	0.006865009261796948	-0.0002235583218633	0.03137124089999185	0.01884789917263715	0.006821774164039057	0.2313211456435712	0.2313211456435712	0.02089010900161275	0.02089010900161275	0.3371115451443992	-0.01155345969164624	1.570611670996083	0.3236341459560053	0.002355367619091125	1.57072128811094	0.007121214352765105	-0.003049239423997163	0.0002066997030331686	0.001604942139536387	0.001398285389820869	0.0002926845575027401	0.0001016066440103987	2.362923955421051e-05	1.909834338034842e-05	-3.128349487963736e-05	6.541399712917334e-05	2.926875847300164e-05	7.279889974573303e-06	1.86469607340414e-05	-0.09358172937262071	0.005609945494043265	0.003240255315098316	0.009252537449270551	0.3254790878744183	0.006841113469524178	-0.00273809924829691	-0.00363372911512511	0.0003760085862327972	0.0792027059849305	0.0005890749589469679	0.0003209115793077579	0.06717366773324317	-0.009163098337753665	-0.003607527634036804	-0.1516862824749507	-0.1516862824749507	0.01329592257809466	0.01329592257809466	0.01427979494344189	0.008437759962203998	0.0008731289684658165	0.01648789102741477	-0.004414284932743323	0.0002047030730500574	0.0009483323946724778	-0.002998635925407636	0.003217582786929342	-0.004198190898069607	-0.001851762432277704	0.0006947930413733251	-0.004033296215249433	-0.0001762028181409506	0.004525761442498756	0.008746732492836333	-0.001223251597668852	-0.009694742774744436	0.001884097293444378	-0.001391123596628363	0.003083802977763611	0.002936375889304177	-0.003626205444840448	-0.0007754544340937044	-1.166214177964345e-05	0.001142591126110973	-0.02323459766768976	-0.1355432808052527	0.02327666748959381	-0.1055232603243898	0.0493562736173024	-0.009342253178355625	-0.0001518193665305046	-0.01550092005221312	-0.0226967949742415	0.0005233753334152558	0.007856715661828641	-0.001714746289663952	-0.002915326951736142	-0.0001372478999928961	0.04029901284681772	-0.05002349395557296	-0.01447676994155395	0.02297613030202865	-0.02913476285511767	-0.0002000261120212696	-0.02343876930711459	-2.143923094181573e-06	5.115548378001122e-05	-4.421999290133217e-06	0.03330849201338964	0.02768548317539598	-0.0003940476874774029	0.0204361622914601	-2.877624512870708e-05	-6.917421226506308e-05	-5.749580873987229e-06	-0.03305328130176968	-0.03326157496686804	-5.371434800587553e-18	2.131768906423269e-18
4.464	-0.3445801645321391	0.04373323322648827	0.01938064756635191	-0.6251455175524577	0.9189383507470741	0.01033918761166802	0.4930313189497499	0.0127621391334755	-0.0015121261594936	0.2899410037844803	0.006734010722129865	-0.0002033909463891421	0.03294145512203615	0.01880383249878574	0.006799962871921845	0.2273537962159952	0.2273537962159952	0.02139990021291802	0.02139990021291802	0.337294367719687	-0.011446025835483	1.570648438000676	0.3239054432816099	0.002310405049014591	1.570710408979505	0.007044414376580644	-0.003051745175476123	0.000208558779101958	0.001584848587993623	0.001416986108588354	0.0003079522621029822	6.183107281615847e-05	1.957571126165094e-05	-3.919558183369655e-05	5.581926786124585e-05	6.878680895901146e-06	3.901047896436851e-05	8.96789552998603e-07	5.520469449515966e-06	-0.1043008216173294	-0.006084721878185797	-0.001728671079146612	0.01058232579078935	0.3256461393901607	0.002566683445971445	-0.02839751914160746	0.0077906198250375	-4.204774071605395e-05	0.08998595026235127	-0.009808448432074271	0.0009274653574084884	0.08429636223089579	0.00195480337436301	0.0009586037035518514	-0.216857126689428	-0.216857126689428	0.03236711515409523	0.03236711515409523	0.0008156253086692234	0.001424167109930845	0.001366762513817439	0.00807387771382795	0.000176113158126835	-0.0007029548831967115	-0.005562627938885927	0.000409013994055941	-0.002493786610235813	0.001292044658817042	0.001609422178247433	1.192822059460761e-05	0.0001156587577732029	-9.429311225549407e-05	-0.005565581121887936	-0.0003730893683125597	-0.002365896625424088	0.005651604690220858	-0.001194966181337513	1.71658558044466e-05	0.0006956989488998266	0.005565212724006564	-0.007649207739344447	-0.007184159145411997	-0.0006633164968201604	0.0007400577070189925	-0.0224147292751	-0.136292062043519	0.02304333846024499	-0.1161824299423469	0.05389443574033218	-0.009158824777368114	-0.0001493514384879143	-0.004706525650243648	-0.02364695297471741	0.000560952432585209	0.002337544523272865	-0.00109992997479784	-0.003244238326427837	-0.0001366430547009211	0.02042088586691573	-0.06910578960932706	-0.02461638527346302	-0.01083643872762756	-0.047269913540786	0.0001131126249697673	-0.03261761640766681	-4.89476304667197e-07	5.460638136171995e-05	1.732532552406365e-06	0.01866918400986537	0.02973718615809294	-0.000236300569346704	0.02387926254868503	-2.984544804974177e-05	-7.20301072827827e-05	-5.636045763774077e-06	-0.03132928672145869	-0.03215739143462727	1.08912111377048e-17	6.026175454491457e-19
4.485333333333334	-0.3471442835672043	0.04359397725357259	0.01935377580412309	-0.6249021886957925	0.9258672868325769	0.01033196325294352	0.4924699304851365	0.01288857707950948	-0.001537772366781994	0.292197619426616	0.006577149685843335	-0.0002113918858772746	0.03514975007880294	0.01880001689357758	0.006836899002825424	0.2222134538241127	0.2222134538241127	0.02218023067953989	0.02218023067953989	0.3370591261205081	-0.01150165509786438	1.570618486881544	0.3239414109023365	0.002361903398427032	1.570713553151095	0.006994198855557366	-0.003132255690072611	0.0001237438069268724	0.001616448011608861	0.00138181134351753	0.0002622761170244404	9.849117093336131e-05	2.427902023796586e-05	-2.955638995129939e-05	-3.833758557815341e-05	4.547334852553184e-05	5.892978501728577e-05	1.122999537369746e-05	1.326313877797823e-05	-0.140298422731635	-0.004808752849108327	0.0003908515389118265	0.01229328259942085	0.3235673041696771	-0.00355121117615512	-0.01826779149209573	0.001032531385737686	-0.002742720217551989	0.1257322805174803	-0.001835534099126027	-0.002319867948406921	0.1269937366134754	-0.005389560652450138	0.001900043274162156	-0.261654372878681	-0.261654372878681	0.03865897776402592	0.03865897776402592	-0.02491372141279996	-0.006849407401353632	-0.005381695130852549	-0.005574268804905632	0.004628926269347926	0.001519387731607701	0.00344062506603326	-0.01031158246767585	-0.004908109235933815	0.000648025522992996	-0.00690258904211904	-0.005018692866012591	0.003132547782698247	0.0006447506758160216	0.01089449117029011	-0.008246356524064899	0.007882684389478159	-0.008740594128349101	0.003451251003657501	0.0005653602108392042	-0.001692405079963958	0.008194049558708952	-0.01167221003384844	-0.01359286385673029	-0.001314970851860677	0.0003375242879270121	-0.02159486088251024	-0.1370408432817854	0.02281000943089618	-0.126841599560304	0.05843259786336196	-0.0089753963763806	-0.0001468835104453241	0.006087868751725825	-0.02459711097519331	0.000598529531755162	-0.00318162661528291	-0.0004851136599317276	-0.003573149701119531	-0.0001360382094089462	0.0005427588870137464	-0.08818808526308118	-0.03475600060537208	-0.04464900775728377	-0.06540506422645434	0.0004262513619608043	-0.04179646350821904	1.164970484847179e-06	5.805727894342868e-05	7.887064394945947e-06	0.004029876006341112	0.0317888891407899	-7.85534512160051e-05	0.02732236280590996	-3.091465097077645e-05	-7.488600230050231e-05	-5.522510653560923e-06	-0.03294727167363543	-0.0335550228724173	2.745379667599949e-17	-9.570491356062195e-19
4.506666666666667	-0.3506773606387754	0.04337666269682016	0.01934259998459586	-0.6246256133780637	0.9327256690542197	0.01021376831619193	0.49241042643582	0.01303606486685698	-0.001592961083872664	0.2954276724796639	0.006400806300972507	-0.0002163375033593594	0.03850331088023912	0.01871383988944718	0.006871762287432981	0.2162276416751538	0.2162276416751538	0.02306550116335566	0.02306550116335566	0.336446863340831	-0.0116470651323297	1.570558349429098	0.3236462707044038	0.002486188458428598	1.570737013728281	0.006953441352739846	-0.003227627137978402	1.332145469239445e-05	0.001638468018717922	0.001304025485494928	0.0002362756025790582	0.0001234512516488966	2.216481627299764e-05	0.0001470999258696359	-3.225535208344071e-05	0.0001205639620655763	-1.923362438605751e-05	-1.129753636503105e-05	3.791211793386608e-05	-0.191806498103021	-0.01245203416835002	-0.001354031489985113	0.01281278186915925	0.3190198410515196	-0.006796323268936733	0.01911489502093359	0.01027374234895854	-0.00184023922338797	0.1804433732365041	-0.01183564070555665	0.00112112233939518	0.1863863951161335	-0.005967365093090374	0.0003617335784877101	-0.291210450456337	-0.291210450456337	0.04394966654633333	0.04394966654633333	-0.02157186981668415	-0.004568719121093236	-0.0002499557776458009	-0.01969201694121793	0.00464859359784011	0.0004136281271725706	-0.006083887653409744	-0.0008651966660243972	-0.004172227652096046	0.001721742626216652	-0.0002062574112269316	0.0008034602229191639	-0.0004245689292733034	-0.0003857018384688812	0.00330609827520271	0.004665640394507353	-0.0001840416823172805	0.0006044005111495155	-0.002971555309177679	0.001212834152760177	0.01699785957382367	0.004498408546444172	-0.007662810347783799	-0.0160083315514884	0.0002515817289805497	-0.0005723477244697026	-0.02656013081392334	-0.09417478494472553	0.01569050211059128	-0.1127768990596038	0.05377841820609141	-0.004990309621863767	-0.0001457438181589174	0.003179268090059543	-0.01526696849485661	0.0002601434173186815	-0.002987293457034052	0.0008219518026040406	-0.002361256787210572	-0.0001392498189357732	0.03025835478055929	-0.1098342867807533	-0.03667914148689141	-0.002576416431407881	-0.03244121274331854	2.188149059986264e-05	-0.02489108510377971	-3.087778959265308e-05	7.592814976434018e-05	-0.0001517997648707067	-0.0004095313626573908	0.05253335384175756	-2.537244836326948e-05	0.04517877686929489	-3.119427381163534e-05	-6.906270475821577e-05	-1.885015878667132e-05	-0.03155600646528076	-0.0317335506427479	1.169973653711927e-17	7.510426069187929e-19
4.528	-0.3553655291555943	0.04319548844332114	0.01929961139408019	-0.6243906191896311	0.9394623226936413	0.01007327173748467	0.4935596586205259	0.01321937328302209	-0.001591073974763971	0.3000398190326851	0.006194232430223113	-0.0001949213421192421	0.0430588786851431	0.01840555516765092	0.006809382309457063	0.2101428240715172	0.2101428240715172	0.02403897000749567	0.02403897000749567	0.3366043922345802	-0.01160212037412749	1.570608088139385	0.3232037507794072	0.0024589439995953	1.570719834319088	0.006784870456553902	-0.003264560865904361	0	0.001702939109590805	0.001380843677386165	0.0002207092182118682	9.607633816835612e-05	2.733197471664452e-05	1.077035618129764e-05	-1.637641758581284e-05	6.573387142534576e-05	5.022691677252451e-05	-4.979221231829724e-06	4.228443885243385e-05	-0.248588245723624	-0.001420599419101937	-0.002591595741254369	0.008395051727888276	0.3121552495864359	-0.005641990109499884	0.09505123044749336	0.00439071533738919	0.002608138488638248	0.2553035461399741	-0.004669642150241397	0.0001515488067995409	0.2396818931885829	-0.02621215918362525	-0.007216512593038745	-0.270936134254715	-0.270936134254715	0.04692757404442392	0.04692757404442392	0.04725424797091964	0.01099635441122689	0.004919195125323331	-0.01939111821714652	-0.009576966121420631	-0.002290610991342238	-0.008541880562256535	-0.004833046219566596	0.004194205735456794	0.004627814625851321	0.007591540637303517	-0.004040493171182062	-0.00177385792318389	0.001327378401623692	-0.01844793559620446	-0.007327915805041598	-0.004297381627422688	0.005099151236831479	0.00615554914790094	-0.001335576498909565	0.03568812422761129	0.0008027675341793924	-0.003653410661719156	-0.0184237992462465	0.001818134309821777	-0.001482219736866417	-0.03152540074533644	-0.05130872660766565	0.008570994790286387	-0.09871219855890356	0.04912423854882086	-0.001005222867346933	-0.0001446041258725108	0.0002706674283932603	-0.005936826014519913	-7.824269711779897e-05	-0.002792960298785195	0.002129017265139809	-0.001149363873301613	-0.0001424614284626003	0.05997395067410483	-0.1314804882984253	-0.03860228236841073	0.03949617489446801	0.0005226387398172536	-0.000382488380761079	-0.007985706699340386	-6.292054967015333e-05	9.379902058525167e-05	-0.0003114865941363594	-0.004848938731655894	0.07327781854272523	2.780855448946615e-05	0.06303519093267983	-3.147389665249422e-05	-6.323940721592924e-05	-3.217780691978172e-05	-0.03285623348132686	-0.03380831138096369	-4.945817275614525e-18	2.549279409404696e-18
4.549333333333334	-0.3611692316261697	0.04323037280835661	0.01928839036445645	-0.6242342935227029	0.9460579030592301	0.009966847652284372	0.496294572966456	0.01325551570229908	-0.001588386099855524	0.306114216947582	0.006166726068360141	-0.0001965368965499294	0.04869866361417199	0.01781121302440783	0.00662698840129677	0.2046234939295986	0.2046234939295986	0.02492366527978928	0.02492366527978928	0.3388933226417067	-0.01129658195452188	1.570647370519343	0.3227959350415771	0.002289640474497633	1.570690888144876	0.006734013668762264	-0.003334079283434001	0.0002067424166629241	0.001731885233120334	0.001382913798644631	0.0002220828960018827	6.93104180845563e-05	1.210357155343896e-05	-0.0001723424333062756	-2.321310225274583e-05	-5.213142959957439e-05	6.206053880815136e-05	5.263553498665078e-05	-8.086753268084758e-05	-0.29141511402411	0.002508792873523561	0.0006711021763405454	0.007741367212163182	0.3059886193808398	-0.004050196188893375	0.1576855217587181	0.001471695201668911	-0.00159352697505878	0.3061057016404063	-0.0009572801676763186	-4.683023583014682e-05	0.2874634803520139	-0.0265403444224976	-0.007750289726973223	-0.2428489197038025	-0.2428489197038025	0.03739337075877119	0.03739337075877119	0.1808680893677346	0.01614803835874028	-0.0008139362119101112	-0.01898485331641264	-0.005212991912569698	-0.0002439960389163385	0.003178522993307505	-0.002000691074924331	0.0131247209502889	-0.001873135940547504	-0.003748679524734063	0.00175385421869835	-0.0003060268733526154	-0.001454851245132536	0.0008232429003589187	0.003471161617281147	-0.003621986746282801	-0.001937528581979918	-0.0002673337369465986	-0.005483767165988317	0.02326889376007314	0.000105714980311904	-0.01087595364894074	-0.02383535334387032	0.001399035288826034	-0.000899888868696049	-0.001788776768762309	-0.04961537256418472	0.008168201605002069	-0.1054122898617545	0.04920570182123678	-0.001043054841383079	-0.0001369627409933227	-0.002179614840628167	-0.005407433684247987	-9.26006211443495e-05	-0.005124296824600959	0.006065392965546635	-0.0002654292215372768	-0.0001365290480216732	0.009347144296768629	-0.1017774966548088	-0.04253772108974205	-0.08386901053153349	0.006243310937155439	0.0006465272753406746	0.01885545307155371	-0.00013474494000285	6.89535289675819e-05	-0.0006228311473772804	0.02447459498127982	0.05000362119421561	-0.0003177067794870645	0.03825043344563842	-3.665066047042613e-05	-5.364988278274595e-05	-5.903945649971736e-05	-0.03178438368170332	-0.03153036582950995	-3.15311454255342e-18	1.590617625085237e-18
4.570666666666667	-0.3676245741542244	0.04320942239983826	0.0192911881466627	-0.6239971363148491	0.9525096540674718	0.009912626425494951	0.500131351592642	0.01338772545085181	-0.001626525867420878	0.3127561985483839	0.006023331904956322	-0.0001859892220972183	0.05525638340177878	0.0173997622247355	0.006569695348093539	0.1999370950962661	0.1999370950962661	0.02569333304896512	0.02569333304896512	0.3448989288122136	-0.01097713032439175	1.570591388388149	0.3223876185371293	0.002282698902266077	1.570717065284984	0.006895077999159754	-0.003363422806214185	0.0004719116099161838	0.001624767105915623	0.00137658160676661	0.0001924823584103016	0.0001013411205882869	2.073309292076829e-05	2.635965619083224e-05	-5.481628591864408e-06	4.476392373886235e-05	5.512044240587361e-05	4.386038651910534e-06	9.959596201084916e-06	-0.309679501112319	-0.006655109439773061	-0.001277332132192847	0.01597300868967971	0.2986712473351409	-0.0007479721334804484	0.1983510067214814	0.01339702745698949	-0.001219452993280629	0.3085145166935641	-0.01553412354469594	0.001291851514618145	0.325738286180263	-0.009066095723866331	0.004511692559185826	-0.1928488240747659	-0.1928488240747659	0.0361437456271338	0.0361437456271338	0.3956926007878404	0.01230071789790087	-0.004011852795141256	-0.01943806508754405	0.005644466959777324	0.002877199726138393	0.01132572426797434	-0.001066649836805128	0.009670821867621015	-0.008128208880483836	0.006803823780757829	-0.006944325863206667	0.003738325444397116	0.003564058826361352	0.0173472093086096	-0.005024650961808983	0.01583642971914214	0.003339115133277913	-0.003769224528963564	0.01872496416501686	0.01084966329253499	-0.0005913375735555844	-0.01809849663616232	-0.02924690744149413	0.0009799362678302918	-0.0003175580005256809	0.02794784720781182	-0.0479220185207038	0.007765408419717754	-0.1121123811646054	0.04928716509365269	-0.001080886815419224	-0.0001293213561141347	-0.004629897109649594	-0.004878041353976061	-0.0001069585451709	-0.007455633350416723	0.01000176866595346	0.0006185054302270594	-0.0001305966675807461	-0.04127966208056758	-0.07207450501119217	-0.04647315981107337	-0.207234195957535	0.01196398313449363	0.001675542931442428	0.04569661284244781	-0.0002065693303355467	4.41080373499121e-05	-0.0009341757006182015	0.05379812869421553	0.026729423845706	-0.0006632221134635952	0.013465675958597	-4.182742428835804e-05	-4.406035834956266e-05	-8.590110607965301e-05	-0.0327716657311002	-0.03233821808170426	-5.867786677106147e-19	5.16281774186546e-19
4.592000000000001	-0.3744137358874532	0.04320068518587157	0.01934110672722131	-0.6235419191111834	0.9588117302293557	0.009949785234129984	0.5048069553267996	0.01354725994040566	-0.001644029496446822	0.3192468301561454	0.005799182916886912	-0.0001812153281898689	0.0625699149794557	0.01703261142430183	0.006592627599278811	0.1964728675749856	0.1964728675749856	0.02631088514515393	0.02631088514515393	0.3558748823427806	-0.0106076632104611	1.570546718428095	0.3218165876255051	0.002263145212361808	1.570736812888746	0.006968139811542984	-0.003461020043588622	0.0007109655658627213	0.001557920876199781	0.001482522911365562	8.048063405737989e-05	0.0001227692115477007	4.635362934916109e-05	9.58795005314749e-05	-7.536796082195879e-05	0.0001934295783757484	3.575366193788416e-06	-3.546942283812807e-05	0.0001456366125805086	-0.3265758144628552	0.004669613750581864	0.005426610118665027	0.02594470626724832	0.2922414355575661	0.003855949765209524	0.2369692057122897	0.002617104294228401	-0.0003514481247042305	0.2986796112569888	-0.006496518704318323	-0.0004686221009172271	0.3543292504285503	-0.02249518252977065	-0.001976538775591799	-0.1376756041834866	-0.1376756041834866	0.01799041879667314	0.01799041879667314	0.6253607392943074	0.02096154199003031	-0.0003248992022321064	-0.03468256814622379	-0.00582635116236679	-0.0005510384437079194	-0.002085806928014318	-0.006326141640706155	0.01263499059229191	0.000514760812774965	0.001844814885612911	-0.002116378080248621	-0.001194826383790879	-0.0005976066140542813	-0.005969475575745327	-0.0008330234365205288	-0.001085149196345503	-0.005575333087524554	-9.401377060936259e-05	-0.003011455873402649	0.02284690987395056	-2.353226944307258e-05	-0.001008540841244419	-0.02589387700690591	0.003142785994328333	-0.0003602237844587505	0.01539610327087769	-0.06091701230034721	0.009498524123687218	-0.1012025248524637	0.04603493073681166	-0.002415292423949692	-0.0001337279880435771	-0.02094811757502511	-0.003476778023597135	-0.0002841325113434774	-0.0005655618086100581	0.009127269935271151	0.001245139543473704	-0.0001362127536734678	0.008450848991420722	-0.04178869591251846	-0.02084161935044897	-0.0987205893570384	0.007368837015244132	0.0007487174897506544	0.02303081680384728	-0.0001627917842647837	4.491819885640122e-05	-0.0007204128587540781	0.02581312304420092	0.01299220425437092	-0.0003206232637585755	0.00670746929117792	-2.605887166746929e-05	-5.235573538914567e-05	-5.595298778961517e-06	-0.03162082323164681	-0.03171485561812488	-2.705841497630365e-18	2.834068803900895e-18
4.613333333333333	-0.3815487221029318	0.04335889362632433	0.01950008505024743	-0.622922541823947	0.9649825918071476	0.01006111875989087	0.5101132851635768	0.01354452023057546	-0.001638531585671833	0.3254442849901931	0.005702768989891784	-0.0001899548857145117	0.07013652000466503	0.01656195643304479	0.006501800583693877	0.1938174704638744	0.1938174704638744	0.02630044021495033	0.02630044021495033	0.3712421154100071	-0.01014144989998803	1.570571171110516	0.320882805591413	0.002104562286311687	1.57071381344439	0.006908072793869848	-0.003558375003093711	0.001006503383024098	0.001589274701901811	0.001400537073255437	0.0001636004228106245	7.31721242947528e-05	1.932169273264886e-05	-2.096737313466482e-05	-1.14060739584202e-05	3.318957511989629e-05	-7.199209719468795e-05	-5.034870382378355e-06	9.205767193747169e-06	-0.342100546323247	0.008996045662050214	0.008947018724136111	0.0313630165244369	0.2863698800765193	0.006205907597068145	0.2574815788420612	-0.00181617873526422	0.0009369413630569175	0.2810291941579026	-0.003558961568981753	2.496544286888397e-05	0.3494639218864278	-0.01876961361355831	-0.006153238700521115	-0.117020973121387	-0.117020973121387	-0.02273097559715598	-0.02273097559715598	0.8073750573496732	0.02137067382375234	0.002468394936905371	-0.05344598281891027	-0.007389523928896444	-0.001130336034842747	-0.001155103549810092	-0.001043936286553775	0.01496618385651219	0.001078046314941684	-0.01081434584821818	0.01134831599049653	-0.002920285013011846	-0.001372110521598523	-0.0001246705045263564	0.007523619578219185	-0.01312347570830224	0.001087016335491226	0.002820464278454131	-0.006785147875563139	0.03484415645536613	0.0005442730346694392	0.01608141495367348	-0.02254084657231768	0.005305635720826374	-0.0004028895683918201	0.002844359333943557	-0.07391200607999061	0.01123163982765668	-0.0902926685403219	0.04278269637997063	-0.00374969803248016	-0.0001381346199730194	-0.03726633804040064	-0.002075514693218209	-0.0004613064775160548	0.006324509733196607	0.008252771204588843	0.001871773656720349	-0.0001418288397661896	0.05818136006340902	-0.01150288681384473	0.004789921110175433	0.009793017243458218	0.002773690895994639	-0.0001781079519411192	0.0003650207652467566	-0.0001190142381940205	4.572836036289035e-05	-0.0005066500168899547	-0.002171882605813698	-0.0007450153369641552	2.197558594644422e-05	-5.073737624116231e-05	-1.029031904658055e-05	-6.065111242872867e-05	7.471050852172998e-05	-0.03252459783328799	-0.03143878078188453	-5.090742551933858e-18	5.344316706274141e-18
4.634666666666667	-0.3889632831384876	0.04356865644971091	0.01965451359481222	-0.6222119447013056	0.9710285117204062	0.01020913640024055	0.5157449684444694	0.01349999276586642	-0.001636927083706243	0.3312397353469224	0.005629269787863426	-0.0001818869649395605	0.07732378381720603	0.01631291010189464	0.00642832643360136	0.1914727642499076	0.1914727642499076	0.02538742846522738	0.02538742846522738	0.3900017455778341	-0.009733525455596002	1.5706235025078	0.319606347935066	0.002026146200711239	1.570693842259074	0.006900454159602056	-0.003663475622239721	0.001124805546482779	0.001565873683896231	0.001364029239985382	0.0001639837128259255	0.00016805516921331	1.635792224711547e-05	-1.453470616450187e-05	8.098469304200532e-07	-8.789500440445374e-06	0.0004547839086385587	7.951671983550554e-05	-7.553125277208329e-05	-0.349496148130246	0.009553668348558522	0.005192100303485087	0.03591932230027297	0.2800628372340047	0.008056762865509812	0.2660323010592081	-0.000356507863627105	-0.0005974615988664426	0.2612089180369714	-0.005457601610734225	0.0006808032125235618	0.3213460236828425	-0.004220330190905769	-0.0004314084225210693	-0.1028069828478491	-0.1028069828478491	-0.05694423080213344	-0.05694423080213343	0.9399226109695538	0.01375161209711734	0.001287824813799614	-0.06243776810041253	-0.0004132157485349348	-0.0003007905384077995	0.000439294938757011	-0.005779966027666527	0.001047636505545366	-0.001786133218893732	0.004055483314348415	-0.006804464349680425	0.006354117350356178	0.0006180325964712275	0.0007037658298969376	-0.00346707646303912	0.005080726515105789	0.02581387913858666	0.002672057388225799	-0.0003586519110063571	0.02406605826324281	0.002976307557111273	0.01336683192814316	-0.02421287768880463	-0.0001540858057512556	0.0007194396279518224	-0.01075107276251523	-0.06649812293419104	0.009980079161577143	-0.07588515941642679	0.03806433370752085	-0.00286807764235179	-0.0001348108826019072	-0.04100712389439835	-0.006416237051559754	-0.000274896977472428	0.009938604115111913	0.007444558983025347	0.001683728185883949	-0.0001349608329141303	0.06365198858197185	-0.009435726355442072	0.002892791009564097	0.0125380394373642	0.001221960504867815	-0.0001869761051355492	-0.001184476276042668	-9.915326387872095e-05	7.588101962944045e-06	-0.0003796172245001455	0.0008055805326280394	-0.001111135160424931	-1.753533127471725e-05	-0.0008789398152437003	-2.383631822152752e-05	-4.899966885215971e-05	2.850738573931479e-06	-0.03125211337747837	-0.03141709015892481	-2.925285477541507e-18	2.955377509435786e-18
4.656000000000001	-0.3963104392442823	0.0437189199801025	0.0197071695634488	-0.6213616594398467	0.9769160558146807	0.01042134402049056	0.5212738557609868	0.01361471779234416	-0.00165595681848037	0.3365428901865016	0.005379201433612669	-0.0001630661691165657	0.08371945277592513	0.01639717006717626	0.006496345480786576	0.1894305379302123	0.1894305379302123	0.02412339122658132	0.02412339122658132	0.4108583266550225	-0.009687861362121998	1.570577058089465	0.3183802514052919	0.002067679197205578	1.570719803055555	0.006926749414256379	-0.00367573757576352	0.001261250222207105	0.001576458715349374	0.001431224226302745	6.561445383787506e-05	0.0001112591312957521	2.537217398545677e-05	8.037368276098302e-06	-3.511918035576714e-05	7.472624309605947e-05	7.006759627937972e-05	5.11414175540236e-06	2.804924129382782e-05	-0.3357813341581439	0.003417986943770052	-0.0005941602691342463	0.0444587795385752	0.2715221470467593	0.01222371821272402	0.2478444571818735	0.01311374231349619	-0.0009975183312915809	0.2348764894250817	-0.02011231958983119	0.001033047478622958	0.2752519043406262	0.01247785167692079	0.007111748544266243	-0.0886634830334429	-0.0886634830334429	-0.05563961518369752	-0.05563961518369752	1.003964205102311	-0.01259123407481211	-0.006791837777400184	-0.04872462720271577	0.003855702517489681	0.003175787258590827	0.002024323536638088	0.007659688615528339	0.01666704438141628	0.004264238451696824	-0.001092206511897806	0.002090264521432481	-0.01714019902889742	-0.0002491709381102877	0.00138839894582711	0.003010030686810429	-0.001358336417973053	-0.08436538849504741	-0.01208148899948194	0.01086961906491237	0.0132879600711195	0.005408342079553106	0.01065224890261285	-0.02588490880529157	-0.005613807332328885	0.001841768824295465	-0.02434650485897401	-0.05908423978839145	0.008728518495497608	-0.06147765029253168	0.03334597103507107	-0.00198645725222342	-0.0001314871452307951	-0.04474790974839607	-0.0107569594099013	-8.848747742880116e-05	0.01355269849702722	0.006636346761461851	0.001495682715047549	-0.000128092826062071	0.06912261710053469	-0.007368565897039416	0.0009956609089527601	0.01528306163127019	-0.0003297698862590093	-0.0001958442583299792	-0.002733973317332092	-7.929228956342136e-05	-3.055215643700226e-05	-0.0002525844321103362	0.003783043671069777	-0.001477254983885707	-5.704624849587872e-05	-0.001707142254246238	-3.738231739647449e-05	-3.734822527559074e-05	-6.900903137386702e-05	-0.0315731593196702	-0.03126461435684752	-4.324645089983501e-19	2.139788090569998e-19
4.677333333333333	-0.4031894185517247	0.04394295004354153	0.01971040465149121	-0.6203205075185767	0.9825956683451064	0.01071979309905855	0.5263081503909381	0.01377791989406539	-0.001665776168233957	0.3412844549673039	0.005089809422281541	-0.0001905704377565762	0.08892264917617114	0.01659653728284476	0.006616982445339803	0.1878367597801574	0.1878367597801574	0.02308502779385332	0.02308502779385332	0.4328876531215335	-0.009951994875463912	1.570554405138279	0.31756987714798	0.002149284721665659	1.570729966143438	0.00696535419216146	-0.003618504047205736	0.001324665931848274	0.001601362111616787	0.001315846643683208	0.000139289097636094	5.864005283550211e-09	2.564490027282954e-05	1.508901431352052e-05	7.36068402228415e-06	5.831957832777737e-05	-0.0004600339229460092	-6.934383939426314e-05	8.95936041266534e-05	-0.3051129168320251	0.01910931926332707	0.003099680658764321	0.05267467055505475	0.2593230814699371	0.01523590099005086	0.2210725394510131	-0.001145763849072923	0.0002633628653302767	0.2072585348888653	-0.003568651719495006	-0.002125274735637689	0.2060028495659909	0.00420704259057642	0.002466940152261828	-0.05974874865737687	-0.05974874865737687	-0.04108421237675361	-0.04108421237675361	1.052796309721787	-0.01071505595825743	0.002686881015576259	-0.0246597366906196	0.002496074937638772	-0.001229681468846764	0.001454029037581069	-0.003608184958270467	-0.007109627371763392	-0.0006678599322683071	-0.005857586213104583	0.002216992330539657	0.003478381648077902	0.0001407944911121411	-0.0006546745482734229	0.000571844084838081	-0.0003487213554315448	0.01809827054269485	0.002721737432676033	-0.002859610437189835	0.02017217327720551	-0.005689290882969521	0.004015698390249053	-0.02881731256104258	-0.004984879849706052	0.001288513853960936	-0.03179239741655802	-0.06316758435638849	0.009270055165442987	-0.05487923295920636	0.03082795794022467	-0.00227206854160528	-0.000121744503108384	-0.02362327444810038	0.001408990495765779	-0.0004100976692405056	0.003607860450012016	0.007632339082116652	0.002178945805542537	-0.0001206825207343782	0.05903294842238938	-0.007282219604588469	0.0002682837524473097	0.007176673961849875	0.00229005343850239	-7.931984754494227e-05	-0.0004300890015972441	-3.280992953256246e-05	3.435180899599444e-05	-9.80123216227496e-05	0.003301008799113181	-0.002287146107483507	-5.599130130951098e-05	-0.001915113632989337	-3.73582817829307e-05	-5.894481924373304e-05	-5.338464991119692e-05	-0.02923618463294498	-0.030945925859242	-1.127096569547247e-20	1.915843818785282e-19
4.698666666666667	-0.4091574945082591	0.04459929574641782	0.01993338445601062	-0.6191344539772494	0.9879114535857403	0.01104922323444585	0.5305762307807612	0.01342365720904756	-0.001636766570426278	0.3452840895892791	0.00537411889637415	-0.0001903291795763598	0.09222965825643886	0.01649109051044674	0.00652774445345537	0.1869241153689088	0.1869241153689088	0.02239703525350595	0.02239703525350595	0.4554154453029351	-0.01008290473771762	1.570607165329035	0.3174385334762905	0.00211876546812332	1.570709718141717	0.006982778584739529	-0.003885756758837858	0.001112026408192383	0.001601795256665226	0.001346286388755001	4.928384376550088e-05	0.0001217789425273198	2.566443871816276e-05	-1.679642230429932e-05	-2.781329999121215e-05	5.263965933884631e-05	0.0001352695170355526	1.972412996452489e-05	1.622112758586045e-06	-0.2503841450105098	0.04394757814101417	0.02000690690058395	0.05804330641894329	0.2374133386287605	0.01512819228953458	0.176011872169862	-0.03539858144329023	0.002642695502577159	0.1653205370350505	0.03367219466864446	0.003634190618019234	0.09748434309265984	-0.01609845970431568	-0.01256402862176441	-0.02480719502035624	-0.02480719502035624	-0.02279234402301355	-0.02279234402301355	1.050695365873293	-0.0001015167852928534	0.0002781442796409392	0.01493449019937315	-0.006655995420237283	0.0003247476083420547	3.866241223057104e-05	-0.02276089640227552	-0.009213133740183094	0.001970152399918031	0.0125781679591645	-0.01325472588501874	0.004706020891025039	-0.0002729072983014958	-0.002261952553101854	-0.004270017599897201	-0.0003527040011588877	0.02114132643060488	0.003249068860685675	-0.003147492266421427	0.02705638648329152	-0.01678692384549215	-0.002620852122114746	-0.03174971631679359	-0.004355952367083219	0.0007352588836264083	-0.03923828997414202	-0.06725092892438554	0.009811591835388364	-0.04828081562588103	0.02830994484537826	-0.00255767983098714	-0.000112001860985973	-0.00249863914780468	0.01357494040143286	-0.0007317078610522101	-0.00633697759700319	0.008628331402771453	0.002862208896037525	-0.0001132722154066855	0.04894327974424406	-0.007195873312137521	-0.0004590934040581407	-0.0009297137075704424	0.00490987676326379	3.72045632400946e-05	0.001873795314137603	1.367243049829645e-05	9.925577442899113e-05	5.655978886483698e-05	0.002818973927156585	-0.003097037231081306	-5.493635412314323e-05	-0.002123085011732436	-3.733424616938691e-05	-8.054141321187536e-05	-3.776026844852682e-05	-0.02769217630757748	-0.02808633781790216	2.284661607981003e-19	4.073509129365234e-19
4.720000000000001	-0.4139328460123671	0.04521828840191069	0.02025723333180299	-0.617876909286355	0.9925446903050288	0.01139292034275517	0.5340404837608197	0.01307004792174635	-0.001618361349589134	0.348434635636835	0.005723898938435332	-7.707844855702178e-05	0.09313516416015394	0.01658589094370516	0.006347545237675606	0.1869052633997385	0.1869052633997385	0.02235653796691987	0.02235653796691987	0.4775033795495255	-0.01010869774175703	1.57059516274542	0.3182385782390686	0.002029159754637524	1.570723524058866	0.006969143154849538	-0.004080371474584711	0.001039386138977084	0.001628491625742604	0.001633921831316786	-4.942210615760391e-05	0.0001381053946284132	1.563485985800614e-05	6.075538990419856e-05	-2.624575257164871e-05	4.809222476544412e-05	0.0002378923644925971	3.436046553379871e-05	3.477294880635543e-06	-0.2043166500025491	0.01391111999031997	0.00735836073594732	0.05891572826408684	0.1915616570847425	0.0177717181211213	0.1577261055468237	0.005037645283835438	-0.0007300130954791675	0.1370619934028537	-0.002107574751092952	0.003707886681039834	-0.004482271319376631	0.0229506732850503	-0.000992895290976415	0.02256674045974446	0.02256674045974446	0.01724225284795152	0.01724225284795152	1.017159897810442	-0.003604575756848241	-0.0007677158406704229	0.05975082328876256	-0.0008704328413473394	0.0005735783904526373	-0.003595310891020017	0.001677212972081502	0.001185414492786623	0.0003651173455197908	0.007265096852336035	0.002132544387868715	-0.001909257739056992	-0.0003646360938604687	0.005115462667035471	0.002538761442834455	-2.01405876046138e-05	-0.007274395228032859	-0.001181190753956727	0.001962915472790483	0.03994582573809588	0.004803274178870828	0.005442177274310161	-0.03297227001050915	-0.02940838419689608	-0.001649361725851607	-0.01640293315021172	-0.04502222974052967	0.006649451428552817	-0.0566034148488989	0.0288642196939615	-0.0007724497126763638	-9.78843880812307e-05	-0.004555840448556781	0.01309275448530807	-0.0005698968570549056	-0.003561902134689116	0.005880048486609822	0.002072312166295909	-9.439693868369999e-05	0.04049145593767874	-0.01246529350133602	-0.00286216294115818	-0.003373807939026701	0.002125248520968844	6.395027599636389e-05	0.0008224163355773329	1.865090513565372e-05	3.290171581227273e-05	0.0001178890023090569	0.002369451158123939	-0.001129540802194834	-4.297265434686317e-05	-0.001013545365237773	-2.484860709316082e-05	-2.839675552503419e-05	-3.589652847598252e-05	-0.02368922621082296	-0.0220716652506003	5.522725626348999e-19	2.017117403966251e-18
4.741333333333333	-0.4181741661458265	0.04518550403097024	0.02011953043006689	-0.6166606428550838	0.9958547372279779	0.01183642428523102	0.5376883530797705	0.01375763394755929	-0.001659926896479117	0.3514315384162611	0.00523183265523165	-0.0001718669738361616	0.09238447946094515	0.01738347861701986	0.006627749030549161	0.1878667781106196	0.1878667781106196	0.02305788996456022	0.02305788996456022	0.4986910218736574	-0.01029165456898351	1.570601531401024	0.3199742962609925	0.002118922248341408	1.570717295727064	0.006732170037854292	-0.003935307302063244	0.001110649148856899	0.001610226296236568	0.001352368049498213	6.054979346191979e-05	9.434003174048464e-05	2.302309608849902e-05	1.300583418305492e-05	3.700691901267845e-07	5.40620301074156e-05	6.059662121043918e-06	-9.892185942891386e-07	2.741050124786151e-05	-0.2003187040122101	-0.01715651808710954	-0.02326357224271048	0.0541734695792551	0.1133642952219397	0.02448508299264693	0.1932259039410217	0.06221347916116189	-0.002979563971841025	0.1509164806478812	-0.04525089832493689	-0.01586948965996319	-0.05778352593145502	0.04978784405095991	0.03059875343948451	0.06710218123446592	0.06710218123446592	0.04675602637321483	0.04675602637321483	0.9662929981428058	-0.01483562520908026	0.002000447956493799	0.1026538582442946	0.01015977400379527	-0.001553463230783092	-0.02089924575388723	0.00908399937287958	0.004277798674984085	-0.002245006842277095	-0.04078332182649441	0.0063088225096028	-0.0009275867641957957	0.001360012866446905	-0.01400895579650582	-0.001921741880314808	0.0006332872409074006	-0.01021388136582633	-0.001437120485942008	-0.001077677493436121	0.05283526499290023	0.02639347220323381	0.01350520667073507	-0.03419482370422473	-0.05446081602670893	-0.004033982335329621	0.006432423673718571	-0.0227935305566738	0.003487311021717269	-0.06492601407191677	0.02941849454254474	0.001012780405634412	-8.376691517648838e-05	-0.006613041749308884	0.01261056856918329	-0.000408085853057601	-0.0007868266723750425	0.003131765570448191	0.001282415436554294	-7.552166196071446e-05	0.0320396321311134	-0.01773471369053451	-0.005265232478258219	-0.005817902170482958	-0.0006593797213261023	9.069598875263317e-05	-0.0002289626429829377	2.362937977301099e-05	-3.345234280444569e-05	0.0001792182157532768	0.001919928389091294	0.0008379556266916375	-3.100895457058311e-05	9.599428125689087e-05	-1.236296801693473e-05	2.374790216180697e-05	-3.403278850343821e-05	-0.01905688222313646	-0.01803472088226383	8.847972596924642e-19	3.771446853807783e-18
4.762666666666667	-0.42203206002891	0.04531913485051576	0.02006645598107553	-0.6155089255914138	0.9973071713150263	0.01235926761151117	0.5409079826404968	0.01432217080812657	-0.001705225006598195	0.3541391726247896	0.00504461983313974	-0.0003126974036129805	0.09027422485467518	0.01765936548181974	0.006878518559208313	0.1886445207991542	0.1886445207991542	0.0239041901460493	0.0239041901460493	0.5186026068331097	-0.01050862029930808	1.570622661891193	0.3226040124003751	0.002222883645989571	1.570702668992168	0.006733585843624258	-0.003894523143091897	0.00110665441404956	0.001607436530157298	0.001036122059261871	7.294433259508277e-05	9.35578998660313e-05	3.624044648846182e-05	-9.369311291796423e-05	-9.046666086281705e-05	5.974174673686049e-05	-5.717577529807413e-05	-7.442493655590315e-06	9.962090684168247e-06	-0.1652839307430137	0.024661624009584	0.01466737131475241	0.05405309644488879	0.0258791912334446	0.02408989784984072	0.1168487774842651	-0.003139907029297327	-0.001320594066083048	0.1056179381000517	0.02073610256983372	0.001725691936581687	-0.136001868024513	-0.0148458664625578	-0.00424658741826384	0.01319554358013723	0.01319554358013724	0.03162457840418608	0.03162457840418608	0.8967949709553551	-0.006067980390160386	7.714197409310064e-05	0.1418216792874002	0.0003272967770808335	0.0001013545203693321	0.0165883082600119	-0.002026334903363838	-0.003648001356430234	0.001542851511309573	0.007885130604941889	-0.002878196736008457	0.0005233208558547	-7.939626536032652e-05	0.002591031698421129	-0.003441137633602984	-6.87830118357468e-05	0.002695315333656734	0.0005332646590296819	-0.000335349792902603	0.0346682831120767	0.006356065570348035	0.00508142158123427	-0.03591170173646916	0.006664406410364902	0.002838177645494641	-0.008750054180580228	-0.05775416895731608	0.008366323057617078	-0.06345487992058248	0.03053382814045169	-0.002272739246222386	-9.047845971357576e-05	-0.01049932688241777	0.01310159499123944	-0.0006412599009355988	0.0004842526342283179	0.003211476178470183	0.001749601164441598	-8.845786809665361e-05	0.03707644168875463	-0.01215403456173146	-0.0041306262330219	-0.006910042217614773	0.001778499847075689	0.0001071408622658048	0.001074215497156916	3.698379343505193e-05	2.380165250047202e-05	0.0002091836844713053	0.001729466663838054	-0.001449593495719018	-3.274266958730358e-05	-0.001033458796557385	-2.161375702328758e-05	-3.30483364023548e-05	-2.321882472927528e-05	-0.01734729778859048	-0.01988961209336575	-2.912357794411402e-18	1.877914190010252e-18
4.784000000000001	-0.4253937507414175	0.04602342789655604	0.02059086482920224	-0.6143435796444184	0.9970902351278405	0.01284541913764985	0.5430252357503398	0.0138859895496664	-0.001718553212440449	0.3560528354743281	0.00581945970102779	-0.0001383844349656856	0.08675457470819099	0.01713736523252304	0.006567842269638729	0.1887448534746567	0.1887448534746567	0.02436624372101833	0.02436624372101833	0.5367996874781337	-0.01057457931656635	1.570608944668281	0.3259374462877436	0.002164489673554926	1.570718170487874	0.007250341300796263	-0.003883773876459478	0.000997851382470195	0.001657255064248244	0.001550128090801511	3.454194253293271e-05	0.0001025482369988785	2.140576214630196e-05	6.318754686814754e-05	-1.192107555898984e-05	5.249393552503503e-05	5.320938199429761e-05	9.011991821255815e-06	2.260672145500352e-05	-0.1537996567707097	0.03634306564677447	0.03087548686210844	0.05545115864100096	-0.04313916798754577	0.02104522672938501	0.08987811167070967	-0.03160384449766065	1.761455411107495e-05	0.07648166574257897	0.04494154136068306	0.01367520394229705	-0.189914357826536	-0.02501407289559314	-0.02203679201945848	0.003594992512699481	0.003594992512699481	0.01073290701195986	0.01073290701195986	0.8055582186651583	-0.0006787458591137804	-0.001266525144904955	0.1686273971179758	-0.005061041941467715	0.001271058388206317	0.02741384656505331	0.006268228216105232	-0.005547979147393179	0.002687021298680585	0.03705280521500269	0.001546610397542273	-1.141779476138149e-05	-0.001269865390627056	0.01070163234916235	0.01395785018438224	-0.0005786684942116773	0.006063049388375597	0.0007104820645092695	0.001743545131675888	0.01650130123125317	-0.01368134106253774	-0.003342363508266528	-0.03762857976871361	0.06778962884743873	0.009710337626318904	-0.02393253203487903	-0.09271480735795837	0.01324533509351689	-0.06198374576924816	0.03164916173835865	-0.005558258898079183	-9.719000425066313e-05	-0.01438561201552665	0.01359262141329559	-0.0008744339488135967	0.001755331940831678	0.003291186786492174	0.002216786892328903	-0.0001013940742325928	0.04211325124639585	-0.0065733554329284	-0.002996019987785583	-0.008002182264746588	0.004216379415477481	0.0001235857357789764	0.002377393637296769	5.033820709709288e-05	8.105564780538974e-05	0.0002391491531893338	0.001539004938584813	-0.003737142618129674	-3.447638460402406e-05	-0.002162911874371661	-3.086454602964043e-05	-8.984457496651658e-05	-1.240486095511234e-05	-0.02687883306933381	-0.02312292759952067	-7.206316427602429e-18	-4.544590288115993e-19
4.805333333333333	-0.4291859493592414	0.04624723721331844	0.02067495197923278	-0.6131615005706884	0.9957359387382853	0.01331300547753889	0.5461787791822249	0.01409420917164196	-0.001715903644067574	0.3581296786711995	0.005981869018128579	-0.0001720332990779631	0.08280766430069084	0.01742354537761908	0.006630603708443444	0.1898459676734429	0.1898459676734429	0.02453963800713057	0.02453963800713057	0.5528018820183893	-0.01071873533107965	1.570614932667336	0.3296812399174008	0.002183042145977271	1.570717889097301	0.007189891351771381	-0.003888825675508426	0.0009614364315985515	0.001671094678563125	0.001469928168288272	6.659732869460155e-05	0.0001123760805043717	2.210674762735196e-05	-0.0001009084649150213	1.118759647875471e-05	4.709322106255458e-05	9.600760009075117e-05	1.073347521942929e-05	2.005758591956715e-05	-0.1934593653342475	-0.004763376510266067	-0.01117964041585724	0.05765002479811798	-0.07651590185897508	0.02213280473213238	0.1828738473311304	0.03336896766081575	-0.0004047696953158977	0.1051695586211016	-0.01431285350882933	-0.009543409514167945	-0.1845658710332626	0.03702611938370026	0.0167774149274716	0.08338986332130763	0.08338986332130763	0.001524374843646049	0.001524374843646048	0.6906113856054509	-0.01024151580271171	0.001130735939457439	0.1802789758339621	0.00417726648122971	-0.0007303545920832265	-0.01898514969935146	-0.003976182924957759	0.0007374486389735819	-0.0005427245828478537	-0.02456011356046537	0.001362665894212868	0.0005134822852007756	0.0007437105328741164	-0.01426230933080649	-0.006296109477803031	7.947666745562184e-06	-0.001080797419045943	-0.0003270152426777141	-0.001073343834664808	0.0305171206187391	-0.002652868968847122	0.002412067423346992	-0.04191935064972191	0.03804998668151371	0.008507737745639425	-0.0464538454938953	-0.108875688662815	0.01567191358631003	-0.07488616480824187	0.04000201040866991	-0.005397343893334334	-0.0001294205426112135	-0.01981216468402758	0.01499012705670903	-0.001105216133555383	0.00404272710842728	0.00380909539013402	0.00267931509561022	-0.0001314899454895474	0.07438956377578111	-0.01363795310375821	-0.003429713390841472	-0.005052220647870603	0.004034226652346597	9.154989382881839e-05	0.001761948000995823	3.277289195309601e-05	7.035685164317062e-05	0.000184915067234545	0.002074784598236569	-0.003325935558906962	-4.500555759672981e-05	-0.002125850168041257	-3.515461073180012e-05	-7.956793782393412e-05	-2.419958620314983e-05	-0.03149467453298319	-0.03064720558887992	-2.791020542091023e-18	2.639345152808281e-19
4.826666666666667	-0.4332956074675278	0.04627235330155942	0.02061787435304355	-0.6117865110545495	0.9941374592266269	0.01376166945568936	0.5498510964263389	0.01455216560358691	-0.001762940278956834	0.3599831494275269	0.005865964697927006	-0.0002346845555208981	0.07868958274275442	0.018084939729336	0.006808232795400547	0.1916097180301385	0.1916097180301385	0.02426068392907077	0.02426068392907077	0.5660935648851555	-0.01090085776366671	1.57062744373271	0.3335408466506464	0.002230802067427857	1.57071120428287	0.007041732442660076	-0.003935423219306258	0.0009697263595270729	0.00167023035132941	0.001356051112868206	8.85899311542246e-05	0.0001065668587375529	2.788419569393883e-05	-4.087582199706595e-05	-4.608883128218465e-05	5.008513851754672e-05	4.847857042058738e-05	4.534658939125773e-06	1.560251532352343e-05	-0.1835614840015686	0.01771557547289012	0.01764128909150503	0.07353651261685012	-0.06603133568471488	0.01927125531639317	0.1385131565671628	-0.008191018563030219	-0.004640467001714159	0.05554049944159109	0.01884963786358636	0.01095622966129789	-0.2059616531799386	0.01016225897511565	-0.01126795000517214	0.06571713231669918	0.06571713231669918	-0.03167475212916969	-0.03167475212916969	0.5514477492755065	-0.004238097553528184	-0.0006549876776561726	0.1794848755793882	-0.002322843595070062	0.0006707374014327798	0.01919113155695107	0.002373314645897262	-0.001356896759877701	0.001308526778499737	0.03389557400498767	0.0006032244254754722	-0.001477392664040634	-0.0007939470232329703	0.03171369372739286	0.00642174707825558	0.0002081407480513831	-0.00240513008974483	-3.204603034795391e-05	0.001564863719743948	0.04453294000622503	0.008375603124843494	0.008166498354960512	-0.04621012153073021	0.008310344515588692	0.007305137864959945	-0.06897515895291158	-0.1250365699676716	0.01809849207910318	-0.08778858384723559	0.04835485907898118	-0.005236428888589486	-0.000161651080971764	-0.02523871735252852	0.01638763270012247	-0.001335998318297169	0.006330122276022883	0.004327003993775866	0.003141843298891537	-0.0001615858167465019	0.1066658763051664	-0.02070255077458801	-0.00386340679389736	-0.002102259030994618	0.003852073889215712	5.951405187866042e-05	0.001146502364694877	1.520757680909915e-05	5.965805548095152e-05	0.0001306809812797562	0.002610564257888325	-0.00291472849968425	-5.553473058943555e-05	-0.002088788461710853	-3.94446754339598e-05	-6.929130068135168e-05	-3.599431145118732e-05	-0.03509085006978398	-0.03806631277658731	2.820966804005597e-18	1.401517385575229e-18
4.848000000000001	-0.4373361591881512	0.04665899737979617	0.02091913579411793	-0.6100409913003256	0.993069133919836	0.01419058845706838	0.553045717289091	0.01445402937264403	-0.001820231762479598	0.3609603506570624	0.006199755521202019	-8.476229269322625e-05	0.07435944202725998	0.01827892898232543	0.006668200561619206	0.1935125593678624	0.1935125593678624	0.02338302973297691	0.02338302973297691	0.5762280215943906	-0.01101742442960075	1.570611045367687	0.3372997138259981	0.002202519423043143	1.570723023018055	0.007239010720890033	-0.003927926448748798	0.00093866174404107	0.001694330002820272	0.001771827152305169	7.323542727409127e-05	8.070535008723846e-05	1.613169758730523e-05	0.0002582181199024369	2.798992173721142e-05	6.241507076594716e-05	-3.337289489419277e-05	6.078393315639091e-06	3.638952431092392e-05	-0.1917354952156185	0.01622701326089246	0.008519741044682729	0.08989536262248099	-0.03570258673944759	0.02123591366281369	0.1602967184678876	0.002590663068615817	-0.000805924851645265	0.03396500222780249	0.009580696414655672	0.001695317880991462	-0.2042693933940124	0.01080263536243377	1.106233131732774e-05	0.1162725887512955	0.1162725887512955	-0.04847300814050825	-0.04847300814050826	0.3984353842143065	-0.006979706454281699	-0.000466576921212287	0.173623550838088	0.0001703263839387847	0.0002590459325514454	-0.001087438530135075	-0.001537962543181698	-0.00138687279822187	0.0008378915918022428	0.002558539270734478	-0.0008343523181215789	-0.0005914501097190883	-0.0001808680100994896	-0.001644882856980199	0.000467651279383999	0.0005953087447250461	-0.003349622613075147	0.0001106067729615337	0.0002282375289338296	0.05425263528524431	0.01188445044945318	0.009690770612105741	-0.04996953945232385	-0.006587315763741314	0.00741863737083962	-0.06047185553797857	-0.115002954492446	0.01679802489106803	-0.08763355074514124	0.04696126522751969	-0.004500514577180138	-0.0001519793525435392	-0.02479203700510732	0.01623734258536028	-0.00119764897367131	0.007001778013656656	0.003778289071677703	0.002930477281014969	-0.0001523790076398901	0.1047266460268183	-0.01943406947476959	-0.003916635572415946	-0.004100184007791351	0.003805131022534519	8.761408135071226e-05	0.001376715070994133	2.7035090596729e-05	5.949700302884207e-05	0.0001772757037928276	0.001790415561654849	-0.002709610831735201	-4.459491485919549e-05	-0.001897087217774044	-3.399537218531535e-05	-6.459528713724685e-05	-2.049648583589088e-05	-0.03886167876565148	-0.0368354490978165	6.013876801900395e-18	1.220933270315379e-18
4.869333333333334	-0.4413267861608338	0.04686634667371849	0.02089254149246319	-0.6079599612560072	0.9925468027294766	0.01468036497623284	0.5566611609647893	0.0148162969838577	-0.001800539857612644	0.3613424193423319	0.006152605381057247	-0.0002222406821049413	0.0697914601660992	0.01866439731791092	0.006888539849244313	0.1967242112315325	0.1967242112315325	0.02228348126127829	0.02228348126127829	0.5830839948035902	-0.01121101821297977	1.570625276487944	0.3409792756454773	0.002259359169673169	1.570714652724167	0.006978646188265296	-0.003995388346995993	0.000917744080934704	0.001701162303749073	0.001357486797102491	0.0001045474576820036	9.650706364371535e-05	2.558504493404368e-05	-2.449732768863297e-05	-2.850305884676482e-05	6.044576099067422e-05	-1.256891513181494e-05	6.430868764277299e-06	1.869826721868286e-05	-0.1788810388821106	0.0009066894434107116	-0.01309518678935	0.104990602313243	-0.01484438726925679	0.02497664760877868	0.1779652952808761	0.03497184163914685	0.002576725659821939	-0.0002531765833540888	-0.01686357745701854	-0.0159875814861448	-0.2282592605861589	0.02811342296849712	0.02251688012668248	0.1884181191241539	0.1884181191241539	-0.052477340467116	-0.052477340467116	0.2440899211471672	-0.01145938981399466	0.002216526567377413	0.1720499984663532	0.005657380562561868	-0.001221984074225187	-0.02371288196067686	-0.00465406055453928	-0.0004056199742867416	-0.0003102873366935004	-0.04392783799247928	0.004978212014979785	0.002428534417846075	0.001194100988020671	-0.02283093653734866	-0.005819352947060647	-0.001132413191668005	0.007218817886238789	-0.0001437265548362461	-0.00204247372522247	0.06397233056426359	0.01539329777406286	0.01121504286925097	-0.05372895737391749	-0.02148497604307132	0.007532136876719294	-0.05196855212304556	-0.1049693390172203	0.01549755770303288	-0.0874785176430469	0.04556767137605819	-0.00376460026577079	-0.0001423076241153145	-0.02434535665768612	0.01608705247059809	-0.001059299629045451	0.007673433751290429	0.003229574149579541	0.002719111263138401	-0.0001431721985332782	0.1027874157484702	-0.01816558817495117	-0.003969864350934532	-0.006098108984588083	0.003758188155853325	0.0001157141108227641	0.001606927777293389	3.886260438435885e-05	5.933595057673261e-05	0.000223870426305899	0.0009702668654213722	-0.002504493163786153	-3.365509912895543e-05	-0.001705385973837234	-2.85460689366709e-05	-5.989927359314205e-05	-4.998660220594435e-06	-0.03247176798098422	-0.03448496386385694	8.831736048135855e-18	8.359821805509972e-19
4.890666666666667	-0.4443279754216325	0.04716324656242429	0.02099471655735473	-0.6055150985591279	0.9923237002518596	0.01519924334661007	0.5592118410106591	0.01503073598988318	-0.00181957841828697	0.360168499798513	0.006251435110982263	-0.0002792591616389546	0.06396861653064753	0.01889133623437563	0.006987735139280108	0.2006140095205336	0.2006140095205336	0.02103816408570362	0.02103816408570362	0.5867117983123922	-0.01136256082305323	1.57066299984239	0.3446815278720343	0.002296796910148092	1.570704182786989	0.006907254641351536	-0.004012668297607601	0.0008681701588731702	0.001720296492382278	0.001225537148164295	0.0001293029669403968	0.0001418171874585429	3.067834855167303e-05	-0.0001472681579839146	-4.575112116741767e-05	1.672785105969294e-05	0.0002582579853177754	6.290228989545047e-06	1.185304022873497e-05	-0.1048103041685054	0.02195455919356621	0.0158222840959478	0.1233986470493573	-0.007675937490665915	0.02411928028127869	0.07081796056971619	-0.005264173710971935	-0.002885021237134432	-0.1044507110904039	0.01814338460970274	0.005735608531525313	-0.3175067942274429	0.0002684187016886908	-0.006291545422873388	0.1850711787628198	0.1850711787628198	-0.06086349603022556	-0.06086349603022556	0.09939201226145368	-0.004976913956907984	0.0009490726580469271	0.175749248302386	-0.0005995381239624272	8.484081280146668e-05	0.01029773357321696	0.001914414097044845	-0.003105966005330721	0.001571176333554773	0.01709649023187787	-0.001211067028684356	0.001191726052146568	-0.0003850074336652856	0.00630918356713108	0.002275746074875372	-0.001822036856608117	0.0112595665648072	7.495366082402235e-05	0.0007794245004971843	0.05493910172692669	0.0119476433042797	0.009324627917035498	-0.05632585505626115	-0.004809443321272457	0.01033136330112054	-0.05249619854317809	-0.1025969298818317	0.01541558528915998	-0.08245036021252676	0.04278375873003215	-0.004001736693307746	-0.0001339747504114046	-0.02185848380847071	0.01650855704146413	-0.001022650755251478	0.007086109300764983	0.002870979801922982	0.0027006550470388	-0.000133834474266401	0.09520513222517882	-0.01556237580027213	-0.003154443696011259	-0.005920128614505417	0.003598376755757289	0.0001067694798461215	0.001591776737245481	3.48827537314651e-05	6.036057252719098e-05	0.0002001036736681859	7.499509457922516e-05	-0.002776025308900015	-2.126773652142436e-05	-0.001726509820665526	-2.434719541041577e-05	-6.692482237438543e-05	1.506272990750878e-05	-0.03169906637794252	-0.03254743297165606	-3.4307636669404e-18	1.564641406101082e-18
4.912000000000001	-0.4458980993989884	0.04759088825299849	0.02127528150607228	-0.6027297951299473	0.9921508387839191	0.01572870037670097	0.5600947593485767	0.0150014633796898	-0.001860633798998408	0.3571141679703362	0.006586009309885707	-0.0001868649793542425	0.05624985981548745	0.01897905276125206	0.006915600365087723	0.2049969317459193	0.2049969317459193	0.01983203177573401	0.01983203177573401	0.5874687357836386	-0.01151847839573922	1.570649942403856	0.3485083358622841	0.002299829191864658	1.570711634235072	0.007131202677179298	-0.003961478458595409	0.0008336908844897126	0.00174546033664734	0.001469931471629731	0.0001145847468398382	0.0001205779933290147	2.330617161297076e-05	3.084969896079665e-05	-1.360620358271003e-05	3.152062610620212e-05	0.0001729427264129119	7.257140580509719e-06	2.544452027807514e-05	-0.04471866855935785	0.01316373336857195	0.003628864819337501	0.1369069209664798	-0.01013429261209533	0.02596839695693533	0.0216126351603451	0.01212387761862975	0.0005126487813428583	-0.1765418282419146	0.005237466509708794	-0.001980144440639504	-0.4060011118088194	0.01506132394459623	0.006454686605290644	0.2346484881602039	0.2346484881602039	-0.04880375931664133	-0.04880375931664133	-0.02505376987368173	-0.01186954255892037	-0.002544172774462478	0.1837271013125464	0.002431868803965956	0.0004581457940142768	0.003975203921340277	0.00176498222269182	0.001009503245532887	0.0002549928787931534	-0.008645590579639279	0.001277549887578108	-0.003810464139437175	2.546218586459773e-05	0.005377377891400262	-0.001188761080933169	0.004352963524971647	-0.02616950955324076	-3.989361430216097e-05	-0.0001265324402892425	0.04590587288958979	0.008501988834496535	0.007434212964820029	-0.05892275273860481	0.01186608940052641	0.01313058972552178	-0.05302384496331063	-0.1002245207464431	0.01533361287528708	-0.07742220278200662	0.03999984608400611	-0.004238873120844701	-0.0001256418767074947	-0.01937161095925531	0.01693006161233018	-0.0009860018814575049	0.006498784850239536	0.002512385454266423	0.002682198830939198	-0.0001244967499995238	0.0876228487018874	-0.01295916342559309	-0.002339023041087985	-0.005742148244422751	0.003438565355661252	9.782484886947897e-05	0.001576625697197573	3.090290307857136e-05	6.138519447764933e-05	0.0001763369210304727	-0.0008202766762629218	-0.003047557454013876	-8.880373913893295e-06	-0.001747633667493818	-2.014832188416064e-05	-7.395037115562881e-05	3.5124120035612e-05	-0.03182966572818813	-0.03100920884731486	-1.830560902885857e-17	2.486209505170248e-18
4.933333333333334	-0.4463142677174917	0.04786051824729099	0.02131854968299862	-0.5996368463795722	0.9918413669850602	0.01629298010204175	0.5599607176451304	0.01529715354067946	-0.00185354429991574	0.352698467957454	0.006688359551468569	-0.0002518642651223621	0.04694496039597331	0.0193631375949837	0.007089514775258863	0.210312647343701	0.210312647343701	0.01894027672701603	0.01894027672701603	0.5859788999094379	-0.01180974845181043	1.570566795596725	0.3523771895565335	0.00235776446827032	1.570728242831154	0.007125657912346095	-0.003954438297755518	0.0008905317475675822	0.001747865454797157	0.001282892137194329	0.0001319869057168585	5.411932984602325e-09	2.589007418655296e-05	6.362348384105442e-05	-3.023858140427658e-05	0.0001528030495119425	-0.0006414041590568669	6.031372696181276e-06	1.788778527156546e-05	-0.004517405618866085	0.01356487366248253	0.002734074862870534	0.154652960779358	-0.01952105088048644	0.02692062800684899	-0.02827035129759383	0.012805086330017	-0.0004635516644110353	-0.2278856859168539	0.006324462375503099	-0.002602495638244067	-0.4437727228389041	0.01830871135656596	0.006928653146583007	0.258857891608597	0.258857891608597	-0.0342387166895602	-0.0342387166895602	-0.1013018142920254	-0.01244326883659348	-0.002617008022044862	0.1709372849486515	0.002266093339804242	0.0005326831947584877	-0.003137396508170034	-0.0007112811055647589	0.001987075088036199	0.0003347239176828581	-0.004943860692114235	0.0006736722116375165	-0.003875601071484538	0.0001311836078331601	-0.001740271649594703	-0.00030007957636544	0.003686409942143561	-0.02597695015465028	-3.700820860561857e-05	-0.0003556179061164015	0.05528340360140575	0.009561911331924491	0.009266651313333414	-0.0588527546610579	0.01780361331692217	0.01486264756983228	-0.08593800292061608	-0.1002548324984028	0.01538876196975504	-0.06426791669340419	0.03674113112153998	-0.003384227684372299	-0.0001274352996683735	-0.01558029501953972	0.01725699819939959	-0.0009891567936356161	0.005139847908747636	0.002792876135469787	0.002741142708314678	-0.0001251410231817938	0.1285395163452025	-0.01785159527511255	0.001138079976510617	0.01155224090148889	0.0038578353477765	-0.0001212789087139916	-0.0003065722323663752	-4.89138964401503e-05	6.155074974568095e-05	-0.0001942317508376694	0.0001956042478474914	-0.002532021757985538	-2.012708786518771e-05	-0.001699390849063226	-2.376316929016254e-05	-6.139602367313556e-05	2.273440071485359e-06	-0.0296441759410496	-0.0316323774496851	-1.687436545223081e-17	1.438660251718382e-18
4.954666666666667	-0.446526907929651	0.04823155678541936	0.02149034808562364	-0.5960631755170399	0.9912905331527703	0.01687679333541817	0.5591406619518081	0.01542868888095414	-0.001906675189354856	0.3477982714853051	0.006939761037344758	-0.0002334336268792083	0.0382781377074482	0.01964767328372188	0.007086587754737307	0.2158349449335616	0.2158349449335616	0.01839505441558682	0.01839505441558682	0.5837146969462454	-0.01192165759469094	1.570650660242787	0.3554585923902403	0.002365221120207853	1.57071020303724	0.007055265935125456	-0.00397502918146165	0.0008189633115000582	0.001775282667852184	0.001427334165579653	0.0001569716019281571	0.0001095705575304716	2.525128245062772e-05	-1.931383129257167e-05	-2.340395559944283e-05	4.669102461161174e-05	9.706478082361794e-05	7.300050773251869e-06	1.992668152984015e-05	-0.02563790858960147	0.0226707843531847	0.01567857347859047	0.1819746189811981	-0.03276198324626187	0.02779966333527639	-0.04270117639055158	-0.003265636823400583	-0.00513301264257425	-0.221963371298167	0.01921102066220819	0.005841410935417418	-0.3461814182785981	0.005728591601458809	-0.01012419752214987	0.2540155499176097	0.2540155499176097	-0.01631631519581849	-0.01631631519581849	-0.09765068446662589	0.004945543052709033	0.01311315096234842	0.1099035831366925	-0.002300502239921163	-0.002790140768183207	-0.002104222239981752	-0.0008254282034978974	-0.01102886854934785	0.002599876776156542	0.02243078718480391	0.001988412762666699	0.01776494776620519	-0.0002766654056517263	-0.005470537734901415	0.001011270509041872	-0.01696526600372265	0.1194069740733474	0.0001939606945790002	0.0007730579907842982	0.0646609343132217	0.01062183382935245	0.0110990896618468	-0.05878275658351099	0.02374113723331794	0.01659470541414278	-0.1188521608779215	-0.1002851442503625	0.01544391106422299	-0.05111363060480176	0.03348241615907385	-0.002529582247899897	-0.0001292287226292524	-0.01178897907982414	0.01758393478646901	-0.0009923117058137272	0.003780910967255735	0.003073366816673152	0.002800086585690157	-0.0001257852963640638	0.1694561839885176	-0.02274402712463201	0.004615182994109219	0.02884663004740052	0.004277105339891747	-0.0003403826662974622	-0.002189770161930323	-0.000128730695958872	6.171630501371256e-05	-0.0005648004227058116	0.001211485171957905	-0.002016486061957201	-3.137380181648212e-05	-0.001651148030632634	-2.737801669616445e-05	-4.884167619064233e-05	-3.057723989264128e-05	-0.03130302038721022	-0.03241891706375746	-1.231235279940297e-17	1.304046658252405e-20
4.976	-0.4479985793055316	0.048612428900499	0.02166925688453884	-0.5918830764421777	0.9904625215502733	0.01750446623024115	0.5590498219033542	0.01559344889033216	-0.001969822310722434	0.3438589340724177	0.007141922732351	-0.0002071963607163666	0.03284190997480015	0.01987258176574742	0.007083742884297101	0.2214725456204281	0.2214725456204281	0.01823967239864599	0.01823967239864599	0.581283751675124	-0.0119711689309394	1.570687341203221	0.3568700351945345	0.002379794518996262	1.570701571529982	0.006981614955583512	-0.00400153644713919	0.000752273847442159	0.001800104294339274	0.001560611211284325	0.0001616358879717963	0.0001704580083350755	2.481924566308934e-05	-5.844159759657298e-06	-2.24022617287168e-05	-2.776726828605727e-05	0.0005102305591198683	8.31845420175734e-06	2.763417529317025e-05	-0.1162473298518207	0.01509867262541871	0.003251626268297315	0.2091436431666406	-0.0440410171903174	0.03056330197027447	0.03374916087208196	0.01484289824824541	-0.001074197799504182	-0.1450828822063439	0.003074807438911814	-0.00189728688721823	-0.1648513728179899	0.01470061624272274	0.006201407272335879	0.2651104264362328	0.2651104264362328	-0.00324605715880143	-0.003246057158801431	-0.1320363177236431	-0.008012897788281003	-0.005238926583414327	0.01930349947512304	0.002583642564197528	0.0009927112976317284	-0.004565609862478165	-0.001061520454693792	0.001584466031215369	0.0002353037544021636	-0.005018392303933071	-0.0005408036970646246	-0.006470830824187596	0.0001254070424121774	0.003973526556230897	-0.0002708101867856414	0.005272089651098075	-0.04336103471828163	-4.81784918775182e-05	-2.099086979166122e-05	0.06066723990724601	0.01712618447669274	0.01081340109964027	-0.05784669957920267	0.01174995446802963	0.01821058055579235	-0.08578934753200794	-0.1096731998596904	0.01755155323418785	-0.07940851999367259	0.0416143848094243	-0.004272789331196535	-0.0001418090514283632	-0.01326189904349589	0.01411782724507003	-0.0008989105948966008	0.002132000500672589	0.003903742630345198	0.002429775656119087	-0.0001366946340699144	0.1336057117112849	-0.01615566662099955	0.001164863353185935	0.005153562494528655	0.001574769771662921	-0.0001151999072543038	-0.0001208262728900896	-9.066638463672175e-05	4.128598461192796e-05	-0.0003567166561326689	-0.002899874538717237	-0.002707986579838889	2.910991850684009e-05	-0.001520546316042081	-8.340942222380586e-06	-6.695071368705203e-05	7.673979252418557e-05	-0.03225135951735556	-0.0330439441935824	-1.189078095879141e-17	7.139333607641849e-19
4.997333333333334	-0.451653878673307	0.04896377518820575	0.02172113746661075	-0.5871723971897378	0.9894465681440107	0.01816028915989479	0.5605620336807113	0.0158969089894939	-0.001964760122192064	0.3417047780131917	0.007213168040361141	-0.0002510509726620548	0.03118532431101859	0.02024691184999432	0.007195188229459064	0.2267452953718053	0.2267452953718053	0.01804342282411079	0.01804342282411079	0.5780049497144045	-0.01219636969071481	1.570616375773662	0.3561492726754398	0.002429243594962435	1.570710394424225	0.006870490996122541	-0.003994801467567932	0.0007503638776231939	0.001807003491395486	0.001423036759376969	0.0001770048201445313	7.181429533946794e-05	2.587643991214676e-05	3.247213868501305e-05	-7.372325302268603e-06	7.055783027049204e-05	-0.0001610424011919379	7.390862054385745e-06	2.028929319442783e-05	-0.2303530328297513	0.01990273803697671	0.003769678149532875	0.2317165106291151	-0.05038152734929298	0.03043872910065231	0.1075849322792496	0.009737496593823829	0.001261610160358495	-0.054602619392421	0.006937609381323673	-0.0007297026372572997	0.008160025677638461	0.01973686680971262	0.0005905101905535	0.2198107747154832	0.2198107747154832	-0.02014764872029155	-0.02014764872029155	-0.1771372491164504	-0.01152534040294281	0.003021301900506103	-0.08999066593100516	0.0009690924954943181	-0.00115379062751063	-0.005617314107390629	0.002291032288577198	-0.004955790964447728	0.0009196490170117212	-0.002961540716323997	0.002991973337269441	0.002808901159935275	-0.0001370499959708687	-0.003141166461924278	0.002326418248640833	-0.0007668230548895875	0.0177408423288414	1.152360934052397e-05	-0.0006381022462850097	0.05667354550127032	0.02363053512403303	0.01052771253743374	-0.05691064257489433	-0.0002412282972586737	0.01982645569744191	-0.05272653418609435	-0.1190612554690182	0.01965919540415271	-0.1077034093825434	0.04974635345977476	-0.006015996414493173	-0.000154389380227474	-0.01473481900716763	0.01065171970367104	-0.0008055094839794746	0.0004830900340894429	0.004734118444017244	0.002059464726548017	-0.000147603971775765	0.09775523943405212	-0.009567306117367088	-0.002285456287737348	-0.01853950505834321	-0.001127565796565906	0.0001099828517888546	0.001948117616150144	-5.260207331457157e-05	2.085566421014335e-05	-0.0001486328895595262	-0.00701123424939238	-0.003399487097720578	8.959363883016231e-05	-0.001389944601451528	1.069613225140328e-05	-8.505975118346173e-05	0.0001840568249410124	-0.03199753712707282	-0.03343205795523064	-1.234442424921731e-17	1.864333000167416e-18
5.018666666666667	-0.4577219099154304	0.04941605739510464	0.02180610655583945	-0.582004489018393	0.9883522764952224	0.01879819485826653	0.563538595674015	0.01605990952946844	-0.001982365811097125	0.3413743420164301	0.007390995623089736	-0.0002615904770794416	0.03298179378934742	0.02078968714601919	0.007239009068824987	0.2308578936895187	0.2308578936895187	0.01728104732989285	0.01728104732989285	0.5735689670268188	-0.01263913194355111	1.570682052933124	0.3531411548907717	0.002472791746992145	1.570716805133561	0.006808150132346377	-0.003970805949360822	0.000710678767519445	0.001835527560718658	0.001384837862918319	0.0002084359559794398	0.0001205698990758732	2.385004101818705e-05	-0.0001049686230368941	-7.960751437297058e-05	7.032535581847365e-05	0.000192897078257517	7.972848384300079e-06	1.530551039172902e-05	-0.3224951126229956	0.0224741830840875	0.004919604902078357	0.2538473213544564	-0.05063088424891444	0.02968109524894489	0.1505873735274118	0.005832880668110575	-0.001982165952829709	0.004137815945783077	0.009575086502022614	-0.0001380963615824705	0.1464421256595317	0.02914462643405756	0.003152204613666821	0.1604725177708583	0.1604725177708583	-0.05517876383355859	-0.05517876383355859	-0.2325369866372722	-0.02668397271632819	0.002369611671626041	-0.185493876250359	0.002372309194768402	0.0009752026454215758	0.0003584188575991935	0.00079317867744159	0.0001141174948996028	0.001441640706115156	-0.0003951078027902089	8.69219099301184e-05	0.001141269818239257	-3.255727461262441e-05	-0.00517239152340903	-0.004837812197844747	0.0002141463306050638	0.009958079937670962	3.224511170489111e-05	0.0001021594870075215	0.05223564572704376	0.02429678048785323	0.002990183756839607	-0.05828211244248594	0.009526099844965783	0.02159944699186779	0.01701768565860962	-0.1202796366227899	0.0205392517255335	-0.1466117023632587	0.05952850232660928	-0.00765252375757683	-0.0001522380165720666	-0.007954804082128911	0.007378995045569372	-0.0007355129022224383	-0.002754305546916101	0.005454852591544993	0.001447202020156907	-0.0001473064484419297	0.001110113733514624	-0.007662803958128994	-0.01600790507993216	-0.1438638646912754	-0.01834632662253876	0.001171264514055139	0.01183055888929384	-6.95952694363942e-05	6.243827808454838e-05	-0.0002840477549618755	-0.00353135404561705	-0.003585144720558353	2.30414471690412e-05	-0.001880989448008207	-1.162345415354885e-05	-8.817401189052937e-05	8.813701058600161e-05	-0.03307089886099441	-0.03389751436322592	-7.53327978363165e-18	-8.783332339807658e-19
5.040000000000001	-0.4647297327160457	0.04992162680669673	0.02196190699572005	-0.5762958206660272	0.9873536207830196	0.01944017226927906	0.5660961986924175	0.01615811250127767	-0.002009653494371327	0.3410499038668681	0.007614936424555852	-0.0002518111570371904	0.03684400221622945	0.0214049251054822	0.007314088100491892	0.2333671500052591	0.2333671500052591	0.01552470394178637	0.01552470394178637	0.5683478683093977	-0.01319410087502188	1.570684782879547	0.3485133312943582	0.002498835984604926	1.570718740479183	0.006910767458493659	-0.003925348248942057	0.0007073952631198498	0.001855165579083792	0.001415757408810312	0.0001863551421757656	9.402668770750521e-05	2.535634822628446e-05	6.834673199626653e-06	-3.199769796020826e-05	5.704376461490843e-05	2.989844172208793e-05	8.306173598741518e-06	2.171633812170425e-05	-0.3184584914383716	0.02489841347696468	0.01041011727314824	0.2824127775998215	-0.04141565829442185	0.03082045216072789	0.06830752838225872	0.003662724578326631	0.0003539231882516547	-0.05404032121745842	0.01126072363796615	0.001175187155833736	0.2018230521045	0.02653024150703818	0.003520965718770422	0.06949746203051464	0.06949746203051464	-0.1133321387723407	-0.1133321387723407	-0.2507418769135314	-0.02204471652492404	-0.002879999321904217	-0.241838085782138	-0.0006718994810927639	-0.001573355975703521	0.009847516197932133	0.004303111870919829	-0.001543140429683366	8.658173969564373e-05	0.003518313254048735	-0.00202477194134761	-0.004250362756137107	0.0001941412010969816	0.02022546397167799	0.01356188751271544	-0.001990177750347085	-0.03072210604474076	-1.178837023505967e-05	0.0004301424911531666	0.04779774595281722	0.02496302585167344	-0.004547345023754521	-0.05965358231007755	0.01929342798719024	0.02337243828629368	0.08676190550331359	-0.1214980177765615	0.0214193080469143	-0.185519995343974	0.0693106511934438	-0.009289051100660486	-0.0001500866529166593	-0.001174789157090189	0.004106270387467702	-0.0006655163204654018	-0.005991701127921645	0.006175586739072742	0.0008349393137657976	-0.0001470089251080943	-0.09553501196702287	-0.0057583017988909	-0.02973035387212697	-0.2691882243242076	-0.03556508744851161	0.002232546176321422	0.02171300016243754	-8.658846555821686e-05	0.0001040208919589534	-0.0004194626203642246	-5.147384184172043e-05	-0.003770802343396128	-4.351074449207991e-05	-0.002372034294564886	-3.394304055850099e-05	-9.128827259759701e-05	-7.782803769009211e-06	-0.03199516996430479	-0.03458474574999748	-1.503837324919399e-18	-4.521874215727579e-18
5.061333333333334	-0.4707556167572282	0.05040081229288534	0.02222683015821028	-0.569963004090319	0.9866275003086628	0.02011077578794197	0.565847269303829	0.01629069014866583	-0.002010364696676591	0.3386556338774784	0.007789757800893642	-0.0002571760832655084	0.04099196550440965	0.0220076659518501	0.007439220108595566	0.2338466884576145	0.2338466884576145	0.01273510233842166	0.01273510233842166	0.5631790604766969	-0.01356605175278571	1.570678101050617	0.3430730612345252	0.002481149086490325	1.570667249174295	0.00688839214686275	-0.00394678487438029	0.000573181385827246	0.001859505185608311	0.001438151137960598	0.0002284603700567937	9.365253663285659e-05	2.731187276222244e-05	7.57248087309257e-05	6.879369202013178e-05	-5.128017271759719e-06	-9.47541514523208e-05	7.856209284971656e-06	2.266973291784623e-05	-0.2336517322142549	0.01993225370389844	0.01350938949554294	0.3101137753758029	-0.02559429285445406	0.03186804421530617	-0.1040468012317745	0.008872452185507891	-0.0005993563723410006	-0.174767898939805	0.00518010403048996	-0.001171041594046179	0.1695701995991627	0.0302998689171934	0.009207167464993518	-0.02434191763582073	-0.02434191763582073	-0.1352378594694087	-0.1352378594694087	-0.2346409945177474	-0.01606669767873455	0.001367088951328277	-0.2628581391030023	0.0001250514449380648	-0.001810223767910384	-0.007543136660476298	-0.004948130762812849	-0.008095452825548938	0.0005786972917959989	-0.00134036699362281	0.00333122404690746	0.002258850210566937	-2.659317896771276e-06	-0.007366781295575514	-0.0026191567032014	-0.0020260035645208	0.009869679610282664	-1.506572939201323e-05	-0.0002045155849850337	0.05094577989829696	0.02584548706532958	0.002057508040257099	-0.05899876484035747	0.01160398032609894	0.02459696910658418	0.08665606834895467	-0.1295567008161231	0.02268348466144821	-0.1767304616990895	0.065860189957423	-0.01077745598726363	-0.0001521874298616851	0.005539951577917672	0.001973842672908834	-0.0004527768894812291	-0.007319802927603933	0.005924472951071144	0.0004468445575602366	-0.0001402388905368983	-0.0951465610817839	0.01008007052711022	-0.01554857564955051	-0.2276521208070402	-0.04903234973136996	0.00194675601500419	0.005905229456516731	-6.099973760604035e-05	9.35407266670918e-05	-0.0002981431548385755	-0.001819420444834275	-0.003476729602238857	-1.324326350891473e-05	-0.002019763389909774	-2.210653188538397e-05	-8.053910872936686e-05	2.530411170457498e-05	-0.03292835135954504	-0.03470058366759386	-3.305289501999158e-18	-1.567174862228962e-18
5.082666666666667	-0.4741520400016362	0.05076810281969209	0.02249918058636644	-0.5631144329592001	0.9863069882696381	0.02079217059319124	0.5611277104193028	0.01654119408023031	-0.002042853039557964	0.3334077360762853	0.007838144005026382	-0.0002801390161669526	0.04333325631909572	0.02271150750524471	0.00774946622909084	0.2323370442708829	0.2323370442708829	0.01030730842623591	0.01030730842623591	0.558302081359709	-0.01401789680428198	1.570705288481377	0.3375254253368631	0.002551586922504756	1.570703103415577	0.006776748401101754	-0.004078242799123239	0.0004875981395102699	0.001890883476112658	0.001361919207592771	0.0002158084131569239	0.0001069296990459617	2.55906795354792e-05	-3.440474335642065e-05	-8.002409601223117e-05	4.793100397433203e-05	5.991161658824064e-05	8.317451482339973e-06	1.880350864094855e-05	-0.07194654174078331	0.01440826103491467	0.01110642342932847	0.3307647671695642	-0.003389867482026973	0.0318321352781985	-0.3508139868619108	0.01471831371985686	-0.002625183740758604	-0.3215679285740308	-0.0005925737562574809	-0.0004746259697718522	0.03244750771442383	0.036008432790792	0.02087541375548302	-0.1169884103838792	-0.1169884103838792	-0.07941266772431278	-0.07941266772431278	-0.2233829348154387	-0.02953479531234013	0.0002952437740177468	-0.2519036330786208	0.007589794343504135	0.006615288977664648	0.00147860049823637	-0.006011384938897187	0.003015981224281762	0.002621458362804575	-0.00572784232577435	-0.00715825801455682	-0.002970552116660187	-0.0001505510891543854	0.00344236825742988	-0.009838972925975605	0.008812710043349221	-0.004536009680837147	7.363724018414524e-05	-2.169679694430473e-05	0.0540938138437767	0.02672794827898572	0.008662361104268719	-0.05834394737063739	0.003914532665007646	0.02582149992687468	0.08655023119459575	-0.1376153838556846	0.02394766127598214	-0.167940928054205	0.0624097287214022	-0.01226586087386676	-0.0001542882068067109	0.01225469231292554	-0.0001585850416500351	-0.0002400374584970562	-0.008647904727286222	0.005673359163069546	5.874980135467564e-05	-0.0001334688559657022	-0.09475811019654495	0.02591844285311134	-0.001366797426974045	-0.1861160172898728	-0.06249961201422832	0.001660965853686957	-0.00990254124940408	-3.541100965386383e-05	8.306056137523022e-05	-0.0001768236893129265	-0.003587367047826829	-0.003182656861081587	1.702421747425044e-05	-0.001667492485254662	-1.027002321226696e-05	-6.97899448611367e-05	5.839102717815917e-05	-0.03190736470949038	-0.03579244943522118	-7.080916797345621e-18	3.05094642452472e-18
5.104	-0.4736209678803755	0.05118455948990103	0.02279153347960704	-0.555900375771388	0.9865030499310566	0.0214828396115475	0.5506562166407133	0.01674021714220911	-0.002092869982662539	0.3253150267106948	0.007945753972734674	-0.0002561914285216531	0.04216637913734372	0.02323071302902844	0.007967685407537551	0.2287436989737688	0.2287436989737688	0.01059513848873444	0.01059513848873444	0.5536444610108961	-0.01439971707505175	1.570712622987919	0.3323055740770496	0.002624179528530435	1.57075749486126	0.006773979646001901	-0.004029637873722841	0.0004346467444735031	0.001929321011109816	0.001384867953348323	0.0002129742700911815	6.765620661002155e-05	2.306234267323348e-05	3.558956119382068e-05	6.482434992810052e-05	9.116846350392092e-05	3.353709187419034e-05	9.533095814586786e-06	2.161159068156271e-05	0.1123092325899646	0.02246684925110133	0.01430215190427289	0.3430250429979653	0.02006554597915544	0.03269545974166196	-0.6106337199873085	0.006834676454248312	-0.001739035228684072	-0.405531948003151	0.008448708005399243	0.00130178495684119	-0.1343576448557874	0.0161227794867155	0.003432455598814243	-0.207256818010955	-0.207256818010955	0.1559578603412272	0.1559578603412272	-0.2126040386956935	-0.008987363919243591	3.110399822817931e-05	-0.2369797610941975	0.0003084771453516876	-0.0008483486308310197	-0.00229002017308996	0.004430114608449223	-0.00726303078823739	0.0009946967928312739	0.004176679695732888	0.004027900628500166	-0.0005030162882894186	-4.412686275495754e-05	0.001881259294141063	0.01306317027536789	-0.002612894718123433	0.0005107232912613004	2.500058469466999e-05	0.0001483273667288852	0.05042617155323646	0.028023294434491	0.01242259141567274	-0.0548531668556887	-0.002860466144913376	0.02809207894871095	0.08476022275043782	-0.1237707387397973	0.0214982493447205	-0.1517375415421077	0.05626126665597245	-0.01136857554373094	-0.0001514482440365752	0.004125382906562088	0.001404895910941908	0.0001204809859130245	4.75883969415998e-06	0.003697978479675083	0.0001532718094224044	-9.348260089240621e-05	-0.07697249574167832	0.02914262208949161	0.004849598122725823	-0.1199817934397806	-0.09549566128041173	0.001224405310050518	-0.04555750423703008	-2.240552304420639e-05	8.346843576628404e-05	-0.0001267181228384996	-0.006114639349234978	-0.003785388791127927	4.610526788499087e-05	-0.001674628864269254	-9.764690063791606e-08	-8.373376548837759e-05	0.0001118269273967287	-0.03257745967024668	-0.03565230213610925	-6.644675923143401e-18	3.2069308297645e-17
5.125333333333334	-0.4697623264199424	0.0516341997457733	0.02302409337555334	-0.5485865613087209	0.9870903672016188	0.02217767818959115	0.5359382113219697	0.01695630894179153	-0.002103190779593069	0.3174529490232201	0.008103377403720287	-0.0002850944251413021	0.03792000634755865	0.02354685572538331	0.008060176713303415	0.2240330048126925	0.2240330048126925	0.01907611843578911	0.01907611843578911	0.5492593462341361	-0.01451768870897153	1.570691201730752	0.3274346690847242	0.002611371106794893	1.570695397546058	0.006655495321322242	-0.00415111181153011	0.000208306957963771	0.001933863019258623	0.001382146286040061	0.0002654401637641498	9.435605521152488e-05	2.551502155878533e-05	-6.973456140342257e-06	3.550980554953859e-05	2.802311175900938e-05	1.545502324968879e-05	8.730112961821386e-06	1.930271910306634e-05	0.2400130838066295	0.01751922219085193	0.00550082993298795	0.3401170116872197	0.03329034587518704	0.03222303149889271	-0.748924443751337	0.01631850787019711	0.001096329963058188	-0.2999462087506788	0.004096188425991022	-0.005429368244610811	-0.2562552055386785	0.01697129271933676	0.009088425691653598	-0.2217398663803356	-0.2217398663803356	0.6886951339528308	0.6886951339528308	-0.1978355374354889	-0.0047989856076538	-0.002400609073651038	-0.21918992050162	-0.0004165520091103273	-0.004305532355366563	-0.009369734149870416	-0.02195627836461609	-0.01323918047630884	-0.0005562472792283415	-0.008134443550506966	-0.001973879570302659	0.003214448605600173	0.0003164191372016398	-0.007109880669233084	-0.02616675326837198	-0.001160678513635254	-0.003758591922441947	-0.0001156090584107511	-0.0005014111987359205	0.04675852926269623	0.02931864058999628	0.01618282172707677	-0.05136238634074	-0.009635464954834399	0.03036265797054722	0.0829702143062799	-0.1099260936239099	0.01904883741345887	-0.1355341550300103	0.05011280459054272	-0.01047129021359512	-0.0001486082812664396	-0.004003926499801359	0.002968376863533852	0.0004809994303231052	0.008657422406674543	0.00172259779628062	0.0002477938174901331	-5.349634581911017e-05	-0.0591868812868117	0.03236680132587188	0.01106599367242569	-0.05384756958968857	-0.1284917105465952	0.0007878447664140788	-0.08121246722465607	-9.400036434548951e-06	8.387631015733784e-05	-7.661255636407264e-05	-0.008641911650643128	-0.004388120721174267	7.518631829573129e-05	-0.001681765243283845	1.007472941099113e-05	-9.767758611561849e-05	0.0001652628276152983	-0.031650164348857	-0.03431869139501702	-5.056471105133008e-18	6.776124024567031e-17
5.146666666666667	-0.4636533657450645	0.05199731612938741	0.0232315144277717	-0.541468972458137	0.9878391497603984	0.02281939847608698	0.5189952349315956	0.01719603226721969	-0.00211865444286862	0.3135441490173742	0.008298828392876474	-0.0003169162706477488	0.03143491381944354	0.02392052584874745	0.008255159004569185	0.2191707394100296	0.2191707394100296	0.04147514570074807	0.04147514570074807	0.5452788578833941	-0.01476460471118906	1.570672308338534	0.3230283662733716	0.002642245598623151	1.570677872747066	0.006592405924146883	-0.004425448108567844	3.247361671399339e-05	0.00194932195964993	0.00133938851770765	0.0001826244916655978	0.0001294099019515348	2.707118478880343e-05	-1.891347885605472e-05	-0.0003127605255901953	4.211689985804892e-05	2.479825004570799e-05	8.241579815451605e-06	1.639028355599211e-05	0.318952648778811	0.016616436792097	0.01209948956034526	0.3254132468660915	0.03540825416858003	0.02831897078136184	-0.8203231458129197	0.007096525127382486	-0.001868217691410976	-0.03937929566810375	0.01272975867379535	0.000955246423310807	-0.336511905145796	0.01643099558814441	0.008369033072929563	-0.2299640442824098	-0.2299640442824098	1.430949105746169	1.430949105746169	-0.1767562841611376	-0.01510704259377897	0.0003902037665187283	-0.1949341376442371	0.002612038654715241	0.001515597715459673	0.00113367785784043	-0.002597812276066093	-0.004063809369702243	0.001602021629832131	0.002410670283572708	-0.002940849007225944	2.830045890029785e-05	-9.654953043005462e-05	0.003199831261347494	-0.003636631615663034	0.0015038512867074	0.002447526524322354	4.140716184622013e-05	0.0001162468490633689	0.04661615384027089	0.02821333166684262	0.0189059843253781	-0.04920397394931855	-0.002499352384899135	0.0324621481077967	0.09414946054181793	-0.1158344384578192	0.01949777537355988	-0.1329453761180927	0.04831474856474908	-0.01187263199305503	-0.0001484583056841331	0.003434287937421811	0.001620352938191768	0.00057519136769202	0.007788904079141537	0.001939940186352734	9.383862533933821e-05	-5.285264236026255e-05	-0.072293955625214	0.04771642379292318	0.02071018278217475	-0.04573385793766957	-0.1267029736343063	0.000695962866255443	-0.07989399334984608	-4.418182834505504e-06	8.387727704264526e-05	-5.182350592600155e-05	-0.008558430197470364	-0.003647144991441422	8.921809108386083e-05	-0.001299569742751263	1.574394343387081e-05	-7.706461817665031e-05	0.0001608417256169621	-0.0305729596767211	-0.0348030413223166	-8.598506789233806e-19	7.226491536785779e-17
5.168	-0.4567403181812461	0.05234715696438549	0.02346160101963681	-0.5347766604798289	0.988537129412894	0.02340219856090346	0.5017550988407073	0.01729924212007727	-0.002153980624400787	0.3169300775762299	0.008582616893435013	-0.0003079457267630538	0.02421113845126114	0.02417839534480674	0.008382177866640866	0.2143975670123511	0.2143975670123511	0.08097199211494623	0.08097199211494623	0.5416571137914395	-0.01502391572069709	1.570697646700557	0.3190733973097576	0.002692994218962189	1.570711125033249	0.006604818096831595	-0.00421224781449376	0	0.00198499988619199	0.001411818298746278	0.0002615315418754991	9.3705447916584e-05	2.455202522928489e-05	1.0483993803549e-05	1.817092788032622e-06	5.045431924677802e-05	2.657112411692939e-05	9.285003532652591e-06	1.947864793203823e-05	0.3153962296448087	0.01627463950809888	0.007625724274870028	0.3002473049113679	0.02852757341106877	0.02669926259145385	-0.7767831656745459	0.003520369816704636	-0.0007657811234996258	0.3839345941901027	0.01237783011996141	-0.001605081739191269	-0.3255067217949875	0.006114983909506514	0.002716854204707602	-0.2133873971630476	-0.2133873971630476	2.291615679194015	2.291615679194015	-0.1642032631741702	-0.005961017541138068	0.001746117886422167	-0.1768773722761149	0.001446647538775433	0.0004548193797322324	-0.00229146197548867	0.02375027705211713	0.0001998771138383709	0.00133928267240466	0.002664389203027856	0.01318762564611493	-0.003419142092052425	-6.564237431742125e-05	-0.003234490477797168	0.03597524199893731	-0.001700338080226861	-0.004468312490391747	2.801189754900921e-05	6.116379405661633e-05	0.04647377841784556	0.02710802274368896	0.02162914692367944	-0.0470455615578971	0.00463676018503613	0.03456163824504617	0.1053287067773559	-0.1217427832917284	0.0199467133336609	-0.1303565972061752	0.04651669253895544	-0.01327397377251494	-0.0001483083301018266	0.01087250237464498	0.0002723290128496846	0.000669383305060935	0.006920385751608533	0.002157282576424848	-6.011656681145669e-05	-5.220893890141495e-05	-0.08540102996361629	0.06306604625997449	0.0303543718919238	-0.03762014628565056	-0.1249142367220175	0.000604080966096807	-0.07857551947503608	5.636707655379426e-07	8.387824392795269e-05	-2.703445548793045e-05	-0.008474948744297599	-0.002906169261708577	0.0001032498638719904	-0.0009173742422186797	2.141315745675049e-05	-5.645165023768211e-05	0.0001564206236186259	-0.03118752163916885	-0.03511714424004653	4.107953492318872e-18	6.754771455892804e-17
5.189333333333334	-0.4506532376638502	0.05263783685720719	0.02353132790185145	-0.528719450191384	0.9890252548464002	0.02395628278540786	0.4864767069481089	0.0174091305632045	-0.002156979796705772	0.3304855527872463	0.008764006019625077	-0.0003183945624344396	0.01801976233143516	0.02423367575889145	0.008388641346881484	0.210177427236288	0.210177427236288	0.1388097287403471	0.1388097287403471	0.5382806298302525	-0.01500250971342179	1.570714630354407	0.3154648493073548	0.002715593814830615	1.570691677297258	0.0065558884154978	-0.004151495678290383	0	0.002001693003050801	0.0014218974321931	0.0003659033874720043	6.808406871034913e-05	2.555616224402277e-05	-3.745547318573773e-05	0.000168123920613818	8.727424302764039e-06	-1.164543478434454e-05	9.093080940216634e-06	1.68742430920727e-05	0.2514277888914209	0.01113495999135203	0.000371957469202031	0.266888019103434	0.01754245029929299	0.024708231019998	-0.6528643082206963	0.005387507336945998	0.0001452825953642402	0.8790294150300345	0.006256414506479957	0.0003991578746066067	-0.2519254209126531	-0.0002127917474514743	-0.001599377960123803	-0.1856544201410892	-0.1856544201410892	3.084321295793017	3.084321295793017	-0.1517990709492837	0.005478445139766961	-0.0001637882859921112	-0.1609634530632697	0.001083796752954221	-0.001338300876787786	-0.001400142718512359	-0.01010046407698899	0.0006594836155437988	0.0005806081589261469	-0.0007248904989444195	-0.001432887861453806	0.0005916529985568424	8.883352695004967e-05	-0.0006844211264428607	-0.01116999615422665	-0.001245721391996932	0.0002939297349473121	-2.410725583651933e-05	-0.0001835129176105338	0.04136663301923975	0.028814144251116	0.02490442070740985	-0.04251116480622062	0.003355534391658395	0.03691809731021135	0.1208755107366768	-0.1280881781757273	0.02081190434056213	-0.1358246370106794	0.04772386421881982	-0.01479127031675898	-0.0001537275893374001	0.01983951265866927	-0.002523698072564118	0.000314148028673671	0.0008470129700246502	0.003433693152014368	-0.0004262165693337499	-0.0001177417733394885	-0.1103162740740814	0.0721419819621867	0.0330451244769208	-0.0370707946967908	-0.1465659650895416	0.0006426813749505942	-0.09374997083429332	1.646075372019003e-06	8.472128585707577e-05	-2.432420964766191e-05	-0.009362185580977393	-0.003723862809776909	0.0001076058032985894	-0.001213162740164666	2.135052937060508e-05	-7.583636448499311e-05	0.0001756255915848961	-0.03063489466658236	-0.03609836796059337	5.345759217017227e-18	2.331211990111467e-18
5.210666666666667	-0.4461765631339158	0.05282900526470627	0.02353979809721131	-0.5234205056605626	0.9892987599032809	0.02443346591382776	0.4740148303741528	0.01746962475250047	-0.002162259814979082	0.3540998961668398	0.008919061845012748	-0.0003005723996499083	0.01359072021609868	0.02420002143949101	0.008335762805815355	0.2063310866522734	0.2063310866522734	0.2105920651666302	0.2105920651666302	0.5352035230197506	-0.01489638251296009	1.570690236514573	0.3122252734408553	0.002756803453395001	1.570694119929265	0.006583288932566199	-0.004303817472986665	6.479243275468135e-05	0.002024915375674377	0.001423325048378251	0.0002844430895463304	0.0001007952913574692	2.531519683252773e-05	5.832998584889738e-06	-8.163956505444912e-05	3.851258214941372e-05	1.38713641808121e-05	9.190715699771146e-06	1.684615353555019e-05	0.1644206683202928	0.006945437759101689	0.001882909882235015	0.2291598901341697	0.008406913102417639	0.01948978483353188	-0.5127348545518369	-0.001110341479976867	-0.0009796104330300945	1.326953484994194	0.009909083169737145	0.001045324366050918	-0.1602879088740994	-0.002222647354725545	-0.002846460292799798	-0.178343722908499	-0.178343722908499	3.598921910526708	3.598921910526708	-0.1361366552974429	0.001981594320086958	-0.002133022146384556	-0.1422862345351908	0.003191339041521652	0.002507041379583736	0.004864494124716857	0.003774596030274239	0.006274999157737326	0.00195140040035133	0.001853309459746117	-0.004234137809089098	0.00204953933169952	-0.0001823707267767552	0.005318128780944662	-0.003031349891129543	0.005003916868897758	0.001506689809586031	5.515789929811524e-05	0.0003026933518793947	0.03625948762063393	0.03052026575854304	0.02817969449114025	-0.03797676805454415	0.002074308598280659	0.03927455637537652	0.1364223146959976	-0.1344335730597261	0.02167709534746336	-0.1412926768151835	0.04893103589868419	-0.01630856686100303	-0.0001591468485729736	0.02880652294269356	-0.005319725157977921	-4.108724771359308e-05	-0.005226359811559232	0.004710103727603888	-0.000792316571856043	-0.000183274607777562	-0.1352315181845465	0.08121791766439893	0.03573587706191779	-0.03652144310793104	-0.1682176934570657	0.0006812817838043813	-0.1089244221935505	2.728479978500063e-06	8.556432778619884e-05	-2.161396380739336e-05	-0.01024942241765719	-0.00454155635784524	0.0001119617427251885	-0.001508951238110652	2.128790128445967e-05	-9.522107873230413e-05	0.0001948305595511663	-0.03139892348856137	-0.03690927492450888	5.395246852550957e-18	-8.215940441371538e-17
5.232	-0.4437757071807999	0.05294267025326414	0.02352435678099869	-0.5189410982852535	0.9894069577581369	0.02480271888311174	0.4648119175835001	0.01742910329586512	-0.002156059294126036	0.3865171493497198	0.009158682955369811	-0.0003322501484874643	0.01140095917957007	0.02408731799945209	0.008267120594113823	0.202668729036715	0.202668729036715	0.290011121670156	0.290011121670156	0.5324005175135182	-0.01478124842366958	1.570689596611212	0.3092937631465261	0.002801195295599491	1.57071466793023	0.006616265176161005	-0.004240743575865146	0.0001972820497291059	0.002056331152226665	0.001469729307784796	0.000284513035637657	0.0001043303404718799	2.35258903921926e-05	-7.82545672294322e-06	-3.566330752190733e-05	6.540487682186018e-05	4.553051196090562e-05	9.86479897934984e-06	1.900664875300259e-05	0.06111027589299207	0.003195548413632558	-0.002791569702319354	0.1912839693805579	0.001774899803405473	0.01510367034313827	-0.3502227511634574	-0.002341765997283681	0.001023425823069414	1.69621919142375	0.01177957391792371	-0.002620724842484807	-0.04366331494176257	-0.007977578279677289	-0.004138319904737928	-0.1633948354367519	-0.1633948354367519	3.799411696570055	3.799411696570055	-0.1285579726962324	0.008649133667872158	0.00116768735480724	-0.1339199398732709	0.001242636419282137	-0.00032429999930775	-0.0001176059191359597	0.001105979061410619	0.006312181800621568	0.001031347318466364	0.001491148249215913	0.002828818962425849	-0.001007801782625018	3.792251373354258e-06	-0.003504278976009748	0.004410590237729812	-0.001345086783261606	0.0005978815984544626	5.35878057806454e-06	-6.568721381848962e-05	0.03528006799054681	0.03275732794874853	0.02721556744027761	-0.03435565406095925	0.00111015011664413	0.04046438282000375	0.1498057101398309	-0.131525132299336	0.02106926511212115	-0.1448130649639053	0.04950260842068608	-0.01639653353593745	-0.0001571233624932167	0.03576904311793412	-0.009149864775465592	0.0001811927828620065	-0.009126222219914345	0.005249086347180609	-0.001057932550139634	-0.0002195034807359689	-0.1568030675310228	0.08046797928223828	0.03015845637637792	-0.05538234013034062	-0.185255269880124	0.0008593885221615646	-0.1180916970586402	4.583832168596883e-06	8.789997609884222e-05	-1.533739721578764e-05	-0.01038265535696206	-0.004315395897719337	0.0001161252710496847	-0.001390995911668195	2.316483980909996e-05	-8.918735960389614e-05	0.0001962655322867945	-0.03148047481079767	-0.03732229124660851	3.971043936089984e-19	-3.259852285215274e-17
5.253333333333334	-0.4435499615551785	0.05294337078615972	0.0234436869024392	-0.5152377477956006	0.9893761215594504	0.02507686472553698	0.4590641196432706	0.01738450531079465	-0.002141526273298628	0.4257916031298977	0.009388555259822764	-0.0003528960845735474	0.01178487737522119	0.02387524889931261	0.008135746048257723	0.1994281589798086	0.1994281589798086	0.3706863054423085	0.3706863054423085	0.5296367674152442	-0.01453431143947329	1.570701429837384	0.306452600408818	0.002821438191460702	1.570691221424322	0.006648900002408626	-0.004300686750940668	0.0003412067759068113	0.002070520324389345	0.001444027198300997	0.0003448993101202281	8.810302093500409e-05	2.501487703525298e-05	-1.165815814963759e-05	-1.851182358653424e-05	2.966311769427458e-05	2.539434670888795e-06	9.305068894170779e-06	1.551378010008364e-05	-0.03949592488230903	-0.003644979959240231	-0.004232267837784682	0.1564045571039017	-0.004627529417195686	0.01057349169052466	-0.1888178373246603	-0.001492516020769041	-0.0001984385604336005	1.969816040990892	0.008995132616226822	0.002079556811501519	0.08099451914275183	-0.01153817798915314	-0.008727616619790653	-0.1388011392848698	-0.1388011392848698	3.71668384196046	3.71668384196046	-0.1324564608013478	0.01433811571750531	-0.0009636662525864765	-0.1338161511019737	0.0009273753218390558	-0.001617443639817731	0.004832486248418274	-0.007758254488198242	0.007347040645544917	0.0003364062388256758	-0.004906662623723665	0.001420517977590105	0.0001968172706413875	0.0001249692497915769	0.00623929320730141	-0.005733672415864126	-0.0008680256748552838	-0.005491768790736856	-6.051210364792501e-05	-0.0002273095109679219	0.03430064836045969	0.03499439013895401	0.02625144038941497	-0.03073454006737436	0.0001459916350075999	0.04165420926463099	0.1631891055836643	-0.1286166915389458	0.02046143487677893	-0.1483334531126271	0.05007418094268797	-0.01648450021087187	-0.0001550998764134597	0.04273156329317469	-0.01298000439295326	0.0004034728134376061	-0.01302608462826946	0.005788068966757329	-0.001323548528423225	-0.0002557323536943759	-0.1783746168774992	0.07971804090007764	0.02458103569083806	-0.07424323715275019	-0.2022928463031824	0.001037495260518748	-0.1272589719237298	6.439184358693703e-06	9.02356244114856e-05	-9.060830624181915e-06	-0.01051588829626694	-0.004089235437593433	0.000120288799374181	-0.001273040585225738	2.504177833374026e-05	-8.315364047548815e-05	0.0001977005050224226	-0.03147603773186762	-0.03600579033492447	-6.329055575153807e-18	6.285386251738541e-17
5.274666666666667	-0.4450804074760593	0.05286933072419871	0.02332956487937805	-0.5122155430754285	0.9892140373651908	0.02524990439684652	0.4562398613767922	0.01727183024116985	-0.002131202163953167	0.4694835581702957	0.009623215967404324	-0.0003439128288765193	0.01449686105899931	0.02353343199921723	0.007948530026718711	0.1967005921089245	0.1967005921089245	0.4469392649047222	0.4469392649047222	0.5267520900398071	-0.01422470855120534	1.570688614990749	0.3035695641530525	0.002849599041060029	1.570684966274632	0.006749460132521053	-0.004337096149112368	0.000554629083880827	0.002092023450620994	0.001448282447934596	0.0003487649898641233	0.0001062033750637709	2.517033369383548e-05	2.049901214658108e-05	-3.395339267468323e-05	2.79669665696618e-05	7.001399072859619e-06	9.173238468733936e-06	1.452613059803537e-05	-0.09090406487886596	-0.003902695561932243	-0.006552012660045905	0.1286520947743698	-0.01013414677069035	0.00581448983461206	-0.0922436404910215	-0.007761495040122079	0.00115257894953868	2.099866786836521	0.01193053995459087	-0.0007711230421362373	0.1607380111681543	-0.01969016599239844	-0.009106796859296887	-0.1174074918816582	-0.1174074918816582	3.408959399855441	3.408959399855441	-0.1388917548172931	0.01503159079784815	-0.0001469680925474455	-0.1374067102180719	0.001576870353807143	0.0005388642810118457	0.004617424659952623	0.001748005028576807	0.01207782832645731	0.001416045401540163	0.002968045091121009	-0.0003060271343340516	0.0008112438771062688	-6.491501832161611e-05	-0.001634321205185623	0.002099087128938016	0.0004340223491477332	0.003045208295475651	2.533734213036938e-05	6.543230611155773e-05	0.03067361004509821	0.03479568143819232	0.02777899580001197	-0.02686401264360545	0.002307203775568064	0.04247542832132958	0.1633190963613217	-0.1270291113753531	0.0200720468377437	-0.1456704681434046	0.0491127502818182	-0.01628426729954205	-0.0001480372896836417	0.04194457378656657	-0.01339692297702974	0.0006913953904199909	-0.01194460437530794	0.005491277292887009	-0.001302711548969755	-0.0002492617914354695	-0.184568914938923	0.08052410988583372	0.02358088962358803	-0.09075914710528112	-0.1961110301471517	0.001179020235157561	-0.1199389192252546	6.82209305258085e-06	8.927876971520806e-05	-1.061826875201126e-05	-0.01097564298995658	-0.004149677846817875	0.0001210759412760515	-0.001280645555910335	2.600065018604018e-05	-8.635039864130051e-05	0.0002078981013631701	-0.03054013823521838	-0.0341514555803144	-4.90634007027603e-18	8.618992340764792e-18
5.296	-0.4468704842029634	0.05275098186779124	0.02316049315328107	-0.5096749934857762	0.9889622365569231	0.02533201148498143	0.4544334676614316	0.01710921066231729	-0.002092936018898336	0.514257899860632	0.009851777497247274	-0.0003659038496665537	0.01810901907654851	0.02306999340747226	0.007735118493309376	0.194397471879956	0.194397471879956	0.5151508469706279	0.5151508469706279	0.5236719048450595	-0.01387826764051519	1.570699031519919	0.3005498837129202	0.002882922410320067	1.570693214179764	0.006846865799540719	-0.0043369049206451	0.0008316326287450132	0.002119697026584073	0.001470928442263385	0.0003639310427253188	9.332528548037051e-05	2.41856568285857e-05	-1.353907199882604e-05	-2.22601353080965e-05	3.644853385950683e-05	1.023388320548836e-05	9.412660702064876e-06	1.534939576183166e-05	-0.06383631294698384	-0.007798929438597341	-0.009383802497394646	0.1112493886176799	-0.01303846198045322	0.002048562017903962	-0.09339303565737228	-0.006174813760870847	0.00242112728731989	2.071289789422608	0.008423334703231856	-0.0008242816091605962	0.1653858629337909	-0.02294021158130274	-0.01118344585763353	-0.09900926660527733	-0.09900926660527733	2.962804711037815	2.962804711037815	-0.150785318861698	0.01779168031958566	0.001214275229192338	-0.1466265433863587	0.001411361540030662	-0.0002577822502644949	0.004536755333472062	-0.00432694574079482	0.01330778160399843	0.0009148859011472869	-0.003182530308549546	0.002479927957337001	-0.002707411827374307	1.808173193230049e-05	3.348810339895603e-05	-0.003189782435732637	8.613542650014134e-05	-0.005607032565987677	-2.570716688844518e-05	-5.75362610449927e-05	0.02704657172973673	0.03459697273743065	0.02930655121060897	-0.02299348521983655	0.00446841591612853	0.04329664737802816	0.1634490871389791	-0.1254415312117603	0.01968265879870848	-0.1430074831741821	0.04815131962094842	-0.01608403438821222	-0.0001409747029538237	0.04115758427995845	-0.01381384156110621	0.0009793179674023756	-0.01086312412234642	0.005194485619016689	-0.001281874569516285	-0.0002427912291765632	-0.1907632130003467	0.08133017887158982	0.02258074355633799	-0.1072750570578121	-0.1899292139911211	0.001320545209796374	-0.1126188665267794	7.205001746467997e-06	8.83219150189305e-05	-1.217570687984061e-05	-0.01143539768364623	-0.004210120256042317	0.000121863083177922	-0.001288250526594931	2.69595220383401e-05	-8.954715680711284e-05	0.0002180956977039177	-0.03068702463483012	-0.03199048150139742	-4.932115475486769e-19	-1.00546980788573e-16
5.317333333333334	-0.447480951261875	0.052562020470402	0.02294402914362023	-0.5074215573985411	0.9886698173995823	0.02533556105805862	0.4518029078866814	0.0169773887069792	-0.002060850998210878	0.5571193084347049	0.01001932689959843	-0.0003807184108583271	0.0211894511861318	0.02255339024927604	0.007479510747293932	0.1924122361607466	0.1924122361607466	0.5727110399856112	0.5727110399856112	0.5203829869761649	-0.01349409164601395	1.570706311262858	0.2973401204917884	0.00291523622172429	1.570688258274752	0.006959990057372297	-0.004372793999838764	0.001124428129041244	0.002141549011856379	0.001440951419262726	0.0003973258481779756	8.695133864620941e-05	2.494082900488353e-05	-4.64620987201763e-06	-3.91151205354455e-05	3.447432686126491e-05	1.286387041522148e-06	8.994385423109444e-06	1.352163333888296e-05	0.008319521998657781	-0.00920217690713551	-0.01052953408038717	0.1006869922452385	-0.01400736167137504	-0.001671690191798052	-0.1579669609286806	-0.00678586388338077	0.0009650347157805185	1.937043858002504	0.008217900127235547	-0.0003629557285436495	0.1201830456827974	-0.02612182501146312	-0.01323921311456724	-0.09046754494066746	-0.09046754494066746	2.421543011831634	2.421543011831634	-0.1569434865700353	0.01824985663046582	-0.000283308650327712	-0.1532357617843911	0.001474199225062635	-0.0001838954662248363	0.005991925516187567	-0.0001529643487723826	0.0141266881975907	0.001125075256952341	0.0003275809885391726	0.0007201045691620747	0.001110360311111142	2.707742730287384e-05	0.0005153904027130092	0.0007923287529286084	-0.0001818266089893889	0.002348282158783336	-9.993327283737699e-06	-7.482218262376116e-05	0.024993922246664	0.0337450272365984	0.03089382147437526	-0.02061468236627517	0.002739208855763599	0.04372367664697785	0.15335139557801	-0.1255913650059239	0.01952431967979906	-0.140612573290181	0.0479631984030281	-0.01563993498450034	-0.0001424086912124081	0.03762075301692534	-0.01348434934288361	0.00115280006671626	-0.009193917532529541	0.004915560036339208	-0.001214655020633266	-0.0002359438332131514	-0.1761622579239428	0.07715157014988853	0.02221977390794493	-0.09346654883146172	-0.1815153890016487	0.001213167161318288	-0.1093227056570961	1.438676256702083e-06	8.507360702612753e-05	-3.019312185929044e-05	-0.01034935693266908	-0.004100637510772569	0.0001086933782298683	-0.0013516354362885	2.199305299312897e-05	-8.816737091281978e-05	0.0001985190488896925	-0.03000030749861086	-0.03068138621278272	-7.5483373467553e-19	-8.058972090093361e-17
5.338666666666667	-0.4464423661091693	0.05238882070522585	0.02272745337717589	-0.5053501405821018	0.9883803106124962	0.02526256760906982	0.4474910899064704	0.01679397937849068	-0.002035625041642581	0.5964817057959175	0.01024223631270463	-0.0003727871757260368	0.02309937402165575	0.02192856127847672	0.007150642935002395	0.1903941222133648	0.1903941222133648	0.6179614129246054	0.6179614129246054	0.5170015585285627	-0.01309853882575144	1.570697545953111	0.2940567524073617	0.002939683590949827	1.570686346677351	0.007099247973157218	-0.0043910179132396	0.001433726702191753	0.002167330639203734	0.001483002152123251	0.0003976110036628997	9.805558139719537e-05	2.424706248235111e-05	-3.701713729527705e-06	-2.332552474005134e-05	3.250460274938607e-05	7.177222595390615e-06	9.13615876910066e-06	1.382073873181256e-05	0.09076233189214701	-0.006321276418620158	-0.009394279695847897	0.09418508198057289	-0.01276542726907942	-0.005127346300783323	-0.2510109924193174	-0.01101112999372358	0.00177809002614871	1.743257488216964	0.01361333571151778	0.00130813679622038	0.05565061849072864	-0.03308638151284439	-0.01805157707101717	-0.1020916004964371	-0.1020916004964371	1.808759078913821	1.808759078913821	-0.15945818561554	0.01885825773470354	-0.0002899484601650989	-0.1535269993202592	0.0006738825857789377	2.76215882980597e-05	0.006986785766598122	-0.002670836447717206	0.01485494468408709	0.001283289845683159	0.003570071803436514	-0.0006241017271379548	-0.001068831553766761	-0.0001177562710830348	-0.0007116712076309064	-0.0001293529648504465	8.655569709667951e-05	-0.004215938967440667	2.679739170030305e-05	0.0001418575966935999	0.02294127276359126	0.03289308173576614	0.03248109173814156	-0.01823587951271378	0.001010001795398668	0.04415070591592753	0.1432537040170409	-0.1257411988000874	0.01936598056088963	-0.1382176634061798	0.04777507718510776	-0.01519583558078846	-0.0001438426794709926	0.03408392175389225	-0.01315485712466101	0.001326282166030144	-0.007524710942712654	0.004636634453661728	-0.001147435471750246	-0.0002290964372497396	-0.1615613028475388	0.07297296142818727	0.02185880425955186	-0.07965804060511136	-0.1731015640121763	0.001105789112840201	-0.1060265447874127	-4.327649233063831e-06	8.182529903332457e-05	-4.821053683874028e-05	-0.009263316181691928	-0.003991154765502821	9.552367328181459e-05	-0.001415020345982069	1.702658394791783e-05	-8.678758501852671e-05	0.0001789424000754674	-0.03077718443156067	-0.02879987474362024	-2.851404798567399e-18	-9.948575156168628e-18
5.36	-0.4438402177549698	0.05220997848369081	0.02247022820000923	-0.5034024737468111	0.9881336824541413	0.02512617224238052	0.4413993438494953	0.01664557060837244	-0.002003569085712099	0.6315840366224061	0.01046250260690458	-0.0003742336594081314	0.02371257555826935	0.02124807659296726	0.006791671281290575	0.1881454911306214	0.1881454911306214	0.6498851851579396	0.6498851851579396	0.5136532801347599	-0.012710486605315	1.570703823816168	0.2908367562105199	0.002968207058103118	1.570686614347059	0.007244845911572806	-0.004434428383809377	0.001755752992401968	0.002192707007766894	0.001487457421448918	0.0004138359989501323	8.894087106718084e-05	2.373452882551334e-05	-1.91210742087719e-05	-2.999503778711962e-05	3.059521257604299e-05	-4.430069959788615e-06	9.06749196393716e-06	1.396688385611692e-05	0.144842546850822	-0.009450218394526729	-0.01382578087064951	0.08830113723452958	-0.01046469833240038	-0.007647177887271087	-0.3126987809114859	-0.004475746413757354	0.001287782513613975	1.554324620920948	0.008545688855314634	-0.0009885050790367784	0.008238922919007593	-0.03199338167866998	-0.01649600207623692	-0.1116260198931771	-0.1116260198931771	1.190576569037426	1.190576569037426	-0.1537971268354563	0.01802043744578358	0.0004988809172694087	-0.147392356813256	0.001661140520068208	-4.833681308360882e-05	0.006951016564993969	-0.001449604811856339	0.01513636204123954	0.00112626387536051	-0.001314303934509732	0.001536688598670637	7.729333882574502e-05	3.332572191393153e-05	-0.0003462213829473695	-0.0002964712816403366	-0.0001624405568721993	0.001507163626338358	-2.102428626713536e-05	-7.797962676672329e-05	0.02038911882890707	0.03346534670075299	0.03234237364955127	-0.01600396060200072	0.002901781519799908	0.0442978562734846	0.133283031542158	-0.1219477620739932	0.0185702439048576	-0.1384376825292821	0.04852487004249947	-0.01403145549454443	-0.000148234757457375	0.02760097784243331	-0.01225254568813584	0.001390743033581699	-0.003386955373245054	0.004413039954165691	-0.001058399781045055	-0.0002216279526924167	-0.1408547335341475	0.06198464061657995	0.01821616277130834	-0.05569063651622361	-0.1689652636266797	0.000898980490510214	-0.108128885052352	-1.241313056001584e-05	7.880503917769947e-05	-7.262523576436301e-05	-0.007604062026593859	-0.003817611043689353	7.715655190538355e-05	-0.001481214158066904	9.974073540041207e-06	-8.349010257005229e-05	0.0001498713758324702	-0.03104256054165544	-0.02774211942380693	9.106785941689785e-19	4.598317631584227e-18
5.381333333333334	-0.4406185360339653	0.0520280631611719	0.02217573151785755	-0.50158721404808	0.9879291774247366	0.0249368231206131	0.4344646424866996	0.01653587588525747	-0.001978092916420432	0.6630870696391441	0.01067123890858316	-0.0003955398377700612	0.02372404901989448	0.02050871250605327	0.006408670084314025	0.1855073178922725	0.1855073178922725	0.669035911916121	0.669035911916121	0.5104671013608851	-0.01230838471544294	1.570702634538191	0.2878087707756661	0.002996092703709057	1.570682329778237	0.007408112492415891	-0.004455031330008168	0.002071068742057744	0.002216686715731004	0.001505350202689043	0.0004372134425759791	9.550664133633464e-05	2.411672448014818e-05	-1.933134682979359e-06	-2.746541508537313e-05	2.997361233245555e-05	2.337626319511506e-06	8.7601089408387e-06	1.26344875427617e-05	0.1488435850301189	-0.006609379635857795	-0.01288848328819388	0.08177191292811101	-0.008816383930012023	-0.01009176083935791	-0.3300380523399811	-0.007381688087166318	0.001161235028759878	1.40582331855284	0.01253239891264046	-0.0005537095800141502	-0.0007613885394392125	-0.0386063253945197	-0.0203043467520857	-0.1386111775844497	-0.1386111775844497	0.6112860656182609	0.6112860656182609	-0.1442613462472813	0.02017541424429312	-0.0009899929321181842	-0.1355259903838861	0.000614086815714717	-0.0003991507738309695	0.00864322099417607	-0.0005326310379372561	0.01422583150710836	0.001152352914522093	0.004829838545416921	4.644030460711104e-05	0.0004012135024052462	-3.387539813247844e-05	0.002345263167841242	0.0007330660116009251	0.0002072860030112682	-0.002493283764208253	4.417746268900907e-06	3.244336913017598e-06	0.01783696489422287	0.03403761166573984	0.03220365556096098	-0.01377204169128766	0.004793561244201148	0.04444500663104167	0.1233123590672751	-0.1181543253478991	0.01777450724882557	-0.1386577016523844	0.04927466289989118	-0.0128670754083004	-0.0001526268354437574	0.02111803393097437	-0.01135023425161067	0.001455203901133254	0.0007508001962225454	0.004189445454669655	-0.0009693640903398645	-0.0002141594681350937	-0.1201481642207561	0.05099631980497263	0.01457352128306483	-0.03172323242733587	-0.164828963241183	0.0006921718681802266	-0.1102312253172912	-2.049861188696785e-05	7.578477932207437e-05	-9.703993468998572e-05	-0.005944807871495791	-0.003644067321875884	5.878943052895251e-05	-0.001547407970151739	2.921563132164582e-06	-8.019262012157787e-05	0.0001208003515894732	-0.03135229154277953	-0.02674695013315541	7.127817187778257e-18	-4.36095272455567e-18
5.402666666666667	-0.437769334458265	0.05184638482666112	0.02187522718468231	-0.4999113875437123	0.9877502825206705	0.02469960930395156	0.4276700814691073	0.01643708890839214	-0.001956564025072372	0.691777074965278	0.01088854686490023	-0.0003971960185986052	0.02389179561520392	0.01971238830733662	0.005994006512350184	0.1823142834392739	0.1823142834392739	0.6763763869605971	0.6763763869605971	0.5075405192535201	-0.01189846190201619	1.570703040615781	0.2850772326529304	0.003025063670768189	1.570681019722507	0.00754514585232315	-0.004480161479465242	0.002389846106171872	0.002242861352347307	0.001535828971952208	0.000449614425560916	9.583671698112879e-05	2.395396953352244e-05	-1.738294896271341e-05	-2.540032187463687e-05	3.535798060376749e-05	-4.219209451419422e-07	8.563783785658926e-06	1.224737388923557e-05	0.1141347660267821	-0.009536019106328335	-0.01488851964072196	0.07580110004973949	-0.008240916934570767	-0.01210053482667547	-0.3026927601027867	-0.003121831125483744	0.0009569388337222099	1.285749311351593	0.008952011528127421	0.0001098341243334504	0.0202761400205795	-0.03713471320010482	-0.01912200690845592	-0.1602334330240295	-0.1602334330240295	0.08837811664308352	0.08837811664308352	-0.1308027053955823	0.01880979707628679	0.0005375537597140811	-0.1213134238889942	0.001743963232940681	0.0001015965511213654	0.005434607671725248	-0.001748317633066098	0.01537381805947467	0.001268361105242034	-0.0004448858599861124	0.0009195775970647144	-0.0002101869860727028	5.351091764467946e-06	-0.001963972682700537	-0.0003110238590021607	0.0001574778096029751	0.001035350395214545	-1.577807929770845e-05	-3.088680494372681e-05	0.01568632965148604	0.03411870698606054	0.03209653533906196	-0.01124662240360548	0.003695341829517646	0.04463817876536434	0.1193196525616191	-0.1157571584322921	0.01712847181480841	-0.139398158801374	0.04986684515588422	-0.01198418963041523	-0.0001521038524256028	0.01324654157601792	-0.01012538247117865	0.001381984724980098	0.005677872722478479	0.003934621075291643	-0.0008688990872515738	-0.0002032073640658347	-0.107383560146254	0.04320438125513042	0.01147004201877237	-0.0234212179659866	-0.1572126855021487	0.0006060456496084146	-0.106802018316018	-2.557356813514481e-05	7.29580203021345e-05	-0.0001115024962237556	-0.005078530491927872	-0.003522795541482539	4.929926007189141e-05	-0.001568109592460112	-6.451543262734875e-07	-7.832531949662133e-05	0.0001074475739511072	-0.03181173195657654	-0.02568969509589536	7.694221762808026e-18	-5.223407839676125e-18
5.424	-0.4359251826745292	0.05165903600434508	0.02155735322092067	-0.4983332245763742	0.9875653664149034	0.02442251761957036	0.4217314807951252	0.01634967551162509	-0.001933003673441292	0.7180261178281979	0.01110062775398775	-0.0004031675445933675	0.02475080734273009	0.0188779772243448	0.005569260987892176	0.1786921258426131	0.1786921258426131	0.6732971498248055	0.6732971498248055	0.5048564481567051	-0.01148215561088366	1.570704641783555	0.2826004021717026	0.003055228068820627	1.570679209140504	0.007692509669858917	-0.004526426094486837	0.002714827237646348	0.00226938870793272	0.001551544643522023	0.0004680615852489903	9.336882538157796e-05	2.377902044356666e-05	-7.661651326595551e-06	-3.098900740152978e-05	3.071844846180895e-05	-4.654391503118939e-06	8.387503968959783e-06	1.168569317662362e-05	0.0546201670334534	-0.00714098786760169	-0.01451688615566858	0.07261595633157759	-0.009380871589493026	-0.01383031093807482	-0.2497917701265332	-0.006315414952952408	0.001351684430292908	1.176983087626529	0.01204236135987025	-0.0009582731893471047	0.06404471760587999	-0.04217697079531574	-0.02124952979841378	-0.1788414723027907	-0.1788414723027907	-0.365561951281844	-0.365561951281844	-0.1215259390082128	0.02077386527920906	-0.0008779532273777821	-0.1116471489925177	0.0007259709713371217	-0.0004460751118167568	0.009611701396848721	-0.0025139871846112	0.01480743469714091	0.001185420317876155	0.003445798136665398	0.0006132693705262535	0.000138904073247905	-3.501859906966963e-05	0.004705054909952372	1.552425494818575e-05	-0.0007324546607328447	-0.002631370322957337	6.296996751459945e-06	-1.312132487627847e-05	0.01353569440874922	0.03419980230638126	0.03198941511716295	-0.008721203115923296	0.002597122414834145	0.04483135089968701	0.1153269460559631	-0.1133599915166851	0.01648243638079126	-0.1401386159503637	0.05045902741187726	-0.01110130385253005	-0.0001515808694074482	0.005375049221061471	-0.008900530690746641	0.001308765548826942	0.01060494524873441	0.00367979669591363	-0.0007684340841632831	-0.0001922552599965757	-0.09461895607175189	0.03541244270528821	0.008366562754479907	-0.01511920350463734	-0.1495964077631143	0.0005199194310366025	-0.1033728113147448	-3.064852438332177e-05	7.013126128219463e-05	-0.0001259650577575254	-0.004212253112359952	-0.003401523761089194	3.980908961483032e-05	-0.001588811214768486	-4.211871784711556e-06	-7.64580188716648e-05	9.409479631274132e-05	-0.03148693833512282	-0.02498001582101496	5.736997552841218e-18	-2.469809546186088e-18
5.445333333333334	-0.4354911214052383	0.05148321280297696	0.02124179822664373	-0.4967887824847138	0.9873415316888625	0.02411005788305077	0.4171187960858107	0.01623354350321344	-0.001907741560249792	0.7419279868878984	0.01133666259757525	-0.000415276941776081	0.02666732178972098	0.01800034878540086	0.005122511412266414	0.1748064195266287	0.1748064195266287	0.6611414631301527	0.6611414631301527	0.5023527117778778	-0.01105228291060564	1.570701211219588	0.2802914260525503	0.003078940000735657	1.570674196530019	0.007835175589188885	-0.004565698762004759	0.003029501750773197	0.00229637742619904	0.001598603166259655	0.0004933133481836738	9.786757836066393e-05	2.334545819599654e-05	-2.598344482376485e-06	-2.170439112004821e-05	2.066292323725855e-05	6.512027810455091e-07	8.361776209351028e-06	1.121205423105655e-05	-0.01315404355633681	-0.009088536380246259	-0.01508152522178396	0.07292614590941267	-0.01176939551323718	-0.01542536549347731	-0.181668989364924	-0.004892408105203134	0.001077663290367993	1.059149455482865	0.01009829076794099	-0.0002806927257159742	0.1155346920553331	-0.04024227003620002	-0.02053292625213762	-0.1810189972490087	-0.1810189972490087	-0.7700762549425282	-0.7700762549425282	-0.1145055517501986	0.01946702002725367	0.0002460164309709289	-0.1059649480425478	0.001427543735574651	-6.12156632236414e-05	0.00505595722181198	-0.001373062122555979	0.01468031130649018	0.001302896687952528	0.001137220177326574	0.00142140530954014	0.0001679926393087956	-6.694033850517715e-06	-0.002217479711663112	0.0005693287385678244	-9.713209456583076e-05	0.001521049797004155	-9.758947636205294e-06	-3.063501932278692e-05	0.01052504776079452	0.03492228911475215	0.03112843351490754	-0.005428000500376669	0.001706543211165279	0.04485718942919006	0.1140451784442963	-0.1100736912871824	0.01576700203885433	-0.1383470657119313	0.0499402373557223	-0.01035884759719345	-0.0001472183788364245	0.001141645085674264	-0.00904167819140538	0.001385500313378539	0.01264135914932896	0.003543380179232207	-0.0007480123417034708	-0.0001849742702711304	-0.09249393206299336	0.03022905855609933	0.004495388455360387	-0.02078247578484809	-0.1474022741177508	0.0005827322970986529	-0.1012734831173831	-3.254241153392192e-05	6.827696942812467e-05	-0.0001313594891602174	-0.003944293005946911	-0.003351909662830052	3.581280653180638e-05	-0.001604078923915006	-5.566795464644939e-06	-7.642542352180095e-05	9.041297904550939e-05	-0.03214884273335655	-0.02407379302952482	2.853120402447472e-18	-4.134845037975192e-18
5.466666666666667	-0.4364534456750727	0.05128209155635222	0.02091322923646099	-0.4951896810219321	0.9870561330474528	0.02376596544351416	0.4140220170145114	0.01612726034896841	-0.001884419656403395	0.7630173401959975	0.01153201660985649	-0.0004195687245357526	0.02967628456133907	0.01715493318309805	0.004697469645480507	0.1711574271897164	0.1711574271897164	0.6406094129269625	0.6406094129269625	0.4999151465249802	-0.01065410911775723	1.570701898103833	0.2780303527250004	0.003113172168039924	1.570675003307748	0.007963386935065873	-0.004593766845416671	0.003340632963704115	0.002323192285802105	0.001607374061534417	0.000514513946400134	9.563575914482846e-05	2.344791831829711e-05	-1.639080460742292e-05	-1.888238529187939e-05	3.140054509912522e-05	-8.352319741601989e-06	7.92632333716758e-06	1.04062174486262e-05	-0.07629097725953622	-0.009512679610409212	-0.01573694827183784	0.07774027237419748	-0.01515248865530214	-0.01679587684592063	-0.1076756165625909	-0.005392084874831796	0.001169789804189498	0.9133097359138824	0.008228533424907829	-0.0002253718371869192	0.1664617480396789	-0.03915701736021007	-0.01921442271967745	-0.1566495367647836	-0.1566495367647836	-1.150846030207244	-1.150846030207244	-0.1153223959523052	0.01780209270768234	-0.0004919424574110985	-0.1071562622797827	0.001712243039077943	9.949253332550995e-05	0.008256585135631935	-0.001463557424672819	0.01447525030377241	0.001169121068196115	-0.0001436669379786943	0.0002334726781928225	-0.0004920870700259841	1.523349810570955e-05	0.002937326756583721	-0.0005903454750498877	0.001216902878618768	-0.003972850023595965	-3.211473255241751e-05	-4.426487208221136e-05	0.007514401112839817	0.03564477592312304	0.03026745191265214	-0.002134797884830041	0.0008159640074964129	0.04488302795869312	0.1127634108326294	-0.1067873910576797	0.01505156769691741	-0.136555515473499	0.04942144729956734	-0.009616391341856842	-0.0001428558882654008	-0.003091759049712943	-0.009182825692064122	0.001462235077930137	0.0146777730499235	0.003406963662550785	-0.0007275905992436583	-0.0001776932805456852	-0.09036890805423485	0.02504567440691045	0.0006242141562408661	-0.02644574806505884	-0.1452081404723873	0.0006455451631607032	-0.09917415492002137	-3.443629868452208e-05	6.642267757405471e-05	-0.0001367539205629095	-0.00367633289953387	-0.00330229556457091	3.181652344878244e-05	-0.001619346633061527	-6.92171914457832e-06	-7.639282817193711e-05	8.673116177827749e-05	-0.0317068485125269	-0.0235787399245029	-4.711462641886386e-19	-7.899825299005707e-18
5.488	-0.4386408398454185	0.0511059203334872	0.0205933237358289	-0.4934332055731344	0.9866888915816604	0.02339389665470356	0.4123960012910205	0.015960137611162	-0.001851956914859855	0.7806815069325486	0.01174023371710937	-0.0004108570470886596	0.03372962054038985	0.01629057539515818	0.004270330965743783	0.1681656077410171	0.1681656077410171	0.6123681382980678	0.6123681382980678	0.4973889323629733	-0.0102651570448032	1.570706662525066	0.2756494657082525	0.003139289100945368	1.57067083000224	0.008123604369633938	-0.00466025327810839	0.003638014741272303	0.002349241668894058	0.00163379976166569	0.0004908082067499683	8.993266920280102e-05	2.325745183340531e-05	9.216383440371034e-06	-6.237825210904784e-05	2.777040560552204e-05	-1.013309604729157e-05	7.621598233059666e-06	9.694002603044915e-06	-0.1256366108511424	-0.007905509035571573	-0.014580852633993	0.08785463513191707	-0.01938066998542937	-0.0179946223214171	-0.04805424151268326	-0.009098624677442397	0.001720859519503844	0.7392527961893259	0.01066510127582057	0.0006597920447225477	0.2124537907252023	-0.04117825942138199	-0.02035888893506118	-0.1222935250263513	-0.1222935250263513	-1.484101292854227	-1.484101292854227	-0.1237277290760025	0.01837665059380906	0.0004719056691850655	-0.1178922765565243	0.001007124541770743	-0.000324468263339605	0.006753336834040693	-0.003583918833888855	0.01379876961053594	0.001269320139184778	0.001909948563417445	-0.001178462734075191	-3.314058119214361e-06	-2.081007944304134e-05	-0.0002692036565625625	-0.002067754415965464	-0.0008786515630524534	0.002002043755344335	-5.050692357349839e-06	-2.956089996594994e-05	0.003667100752045444	0.03509210308943717	0.03035787719307797	0.002718196684892117	0.00462255593638366	0.0448444599424012	0.1106396895026406	-0.1032544569342298	0.01439294807546348	-0.1327924322950589	0.04814065887733919	-0.009073405124361349	-0.0001392866864093078	-0.006791326585616124	-0.00718985744051738	0.001091702722718145	0.0170523276790849	0.003210996355573774	-0.0006405291162444148	-0.0001652013659106853	-0.08960779866794268	0.02444580793311561	0.0006286666389307986	-0.03234156279723593	-0.1424210787730139	0.0007163863356596456	-0.09614855524643183	-3.312040046211538e-05	6.862674827867252e-05	-0.0001350824115213816	-0.003878429579717775	-0.003059420019147637	3.440491379491459e-05	-0.001480148646196199	-5.019440747225142e-06	-7.027181265129251e-05	9.008404201832935e-05	-0.03204607702601361	-0.02312972539433078	-1.783271524531996e-18	-3.091268419866088e-17
5.509333333333334	-0.4416799414827273	0.05090629868006608	0.0202771753546235	-0.4914017356645665	0.986224775555906	0.02300207541523628	0.411831291659389	0.0157892730397261	-0.001817512911934468	0.7944114605902766	0.01196032091584438	-0.0004077290448944415	0.03869469870337987	0.01542778679019723	0.003848917139262574	0.1660052772803005	0.1660052772803005	0.5778284371634688	0.5778284371634688	0.4945414813978902	-0.009882220603373806	1.570702120157822	0.2729217593352311	0.003167701433649911	1.570668253586064	0.008251082905752069	-0.004696093971927688	0.003946211539824746	0.002377192570887767	0.001658523749067192	0.0005187362526292731	9.716960429898957e-05	2.308395339790171e-05	-1.646566054436378e-05	-4.653536845439007e-05	2.286402584746235e-05	1.03584930445091e-07	7.344002750202214e-06	8.843912158349218e-06	-0.1561385522873083	-0.01171115747504267	-0.01538471832558545	0.103521002977654	-0.02423447865174892	-0.01864766909498575	-0.008178170450766286	-0.005742881777597926	0.001355533058737801	0.544477259774235	0.009341354501356602	-0.0007488413921439217	0.2519375777839817	-0.0390099064559367	-0.01867771772697294	-0.07869744414140213	-0.07869744414140213	-1.741323515117015	-1.741323515117015	-0.1454383462407096	0.01723812725224819	-0.001364453877143633	-0.1396705769304225	0.001927436770243506	0.0002492009082820604	0.005187313405950915	0.001409480594616714	0.01548915852104637	0.001347388465235811	-0.0003032025063947167	0.005074140071580608	0.000721040277306745	1.682425273585352e-05	-0.00187103874646578	0.004972662381683738	0.001097255353825973	-0.002846213403274771	-2.95713305601866e-05	-5.71907094991869e-05	-0.0001801996087489295	0.03453943025575129	0.03044830247350379	0.007571191254614276	0.008429147865270907	0.04480589192610927	0.1085159681726517	-0.0997215228107798	0.01373432845400954	-0.1290293491166188	0.04685987045511104	-0.008530418906865853	-0.0001357174845532148	-0.01049089412151931	-0.005196889188970637	0.0007211703675061538	0.0194268823082463	0.003015029048596762	-0.0005534676332451716	-0.0001527094512756854	-0.08884668928165047	0.02384594145932078	0.0006331191216207313	-0.03823737752941303	-0.1396340170736404	0.000787227508158588	-0.09312295557284231	-3.180450223970869e-05	7.083081898329032e-05	-0.0001334109024798537	-0.004080526259901679	-0.002816544473724365	3.699330414104671e-05	-0.001340950659330871	-3.117162349871966e-06	-6.415079713064792e-05	9.343692225838119e-05	-0.03171900291429799	-0.02297425282193716	-2.079163751394018e-18	-6.364669392590493e-17
5.530666666666667	-0.4451135564698248	0.05065886865741329	0.01996905899255536	-0.488972282230047	0.9856535579928862	0.02259644596261726	0.4117436487467939	0.01563759076668245	-0.001790875094206588	0.8037711690488067	0.01221517230894878	-0.0004500480097668974	0.04438914245799882	0.01455507183317424	0.003418964456549853	0.1647119816917525	0.1647119816917525	0.5387623011822393	0.5387623011822393	0.4911012509050894	-0.009487218749564858	1.570691889889162	0.2696062510388558	0.003198619312386373	1.570670235862725	0.008392864308433943	-0.004668071583067147	0.004274559112754051	0.002407550060816824	0.00167821868251981	0.0006553339631306799	9.673004903813215e-05	2.245342898596009e-05	-6.880169265735208e-06	8.19875652386577e-05	4.21993729346638e-05	-4.232058731400936e-05	7.174506182526747e-06	8.711464128119699e-06	-0.1605251883949716	-0.01201631448762943	-0.01437526648751731	0.1252195351512354	-0.02913536631024292	-0.01940490754972455	-0.007730908680286561	-0.007637055230707062	0.001202752686132279	0.3309879488182416	0.0133153732310792	-0.002362839692293173	0.2785745997159589	-0.04176679793352732	-0.02100800362306742	-0.04491167610549184	-0.04491167610549184	-1.900172321363354	-1.900172321363354	-0.1790072940945118	0.01935358659946752	0.0002099134349721213	-0.1725882599566064	0.001145691086579123	-8.137258314663472e-05	0.006992362772589912	-0.0009008282367230056	0.01537791947779112	0.001439660514357737	0.001691229541191114	0.004963566598393851	-0.0005050914860620602	-4.806767781084561e-05	0.001424903181766911	0.002919481376925781	0.0004217362191285708	-0.0009683108572102154	1.907507417569033e-06	9.031729249458599e-06	-0.008119118559307789	0.03516441946010212	0.02938755091797126	0.01300365965458503	0.004315339221632269	0.04450050876258283	0.112572819524252	-0.1009635825666406	0.0137938852001415	-0.1296956422427739	0.04678513106076405	-0.008803802857180009	-0.0001344242999146977	-0.01415077864097821	-0.005805620993269144	0.0008912782611669895	0.02227294937829969	0.002690350332429646	-0.0005150299841132343	-0.0001315079868788371	-0.1002285308365586	0.02693868439650437	-0.000583329100969588	-0.05559350778704283	-0.1415377697087222	0.001001232379503616	-0.0913565376250083	-2.932044879926758e-05	6.911555222914724e-05	-0.0001216317216286298	-0.004242976240898529	-0.002957527998504661	3.851471996063731e-05	-0.001416898751686037	-3.082216653727385e-06	-6.790923456567521e-05	9.502522826481058e-05	-0.03163945053365989	-0.0229119491962845	-1.548243978800459e-18	-7.455462604669979e-17
5.552	-0.4483055425083	0.05037095054879773	0.01962653674740297	-0.4860172529426925	0.9849894234603694	0.02217307390008314	0.4111732238298188	0.01549927712970286	-0.00176359320978989	0.8084479614723464	0.01247572498453674	-0.0004720327385451078	0.05043795951278226	0.01369012385250827	0.002979128937927541	0.1639882389901242	0.1639882389901242	0.4976484730203896	0.4976484730203896	0.4868217448334246	-0.009075228532692459	1.570702737146819	0.2654969830554041	0.003224032860289208	1.570664013257747	0.008501964290272817	-0.00482491636486657	0.004605941140443669	0.002436102216246794	0.001711125629165522	0.0006123997367406893	8.659107036354465e-05	2.222211065587248e-05	-1.304687399730856e-05	-9.933109744374452e-05	2.832702329420225e-05	-3.42673577800644e-05	6.923052883302018e-06	7.704274903255797e-06	-0.133485838353979	-0.01550691553405116	-0.01861026986473367	0.1527937391809352	-0.03294544454210922	-0.02031103877452674	-0.05343898336139372	-0.004489572146592301	0.001415914310814386	0.1054538814938761	0.009875849734190374	0.001157493241691608	0.285160074674403	-0.03828175242246561	-0.01960423359349704	-0.02530186099267469	-0.02530186099267469	-1.933294657050147	-1.933294657050147	-0.2241204317592239	0.01883078628944686	0.0006115642149381406	-0.2140855475938251	0.001411405754591105	-0.0005200067452961735	0.002123430201919715	-0.01592181665475513	0.01577363865482577	0.001178138355946446	0.0009354237304579411	-0.01175697901198802	-0.0001882806677304551	5.424982290966671e-05	-0.003347807122422219	-0.02407498727851487	-0.002015966214392453	0.001886043013450204	-3.725477414293e-05	-0.000139197696496161	-0.01605803750986665	0.03578940866445294	0.02832679936243872	0.01843612805455579	0.000201530577993631	0.04419512559905638	0.1166296708758522	-0.1022056423225014	0.01385344194627345	-0.130361935368929	0.04671039166641704	-0.009077186807494161	-0.0001331311152761805	-0.01781066316043712	-0.006414352797567652	0.001061386154827825	0.02511901644835309	0.00236567161626253	-0.0004765923349812971	-0.0001103065224819888	-0.1116103723914667	0.03003142733368797	-0.001799777323559907	-0.07294963804467264	-0.1434415223438039	0.001215237250848645	-0.0895901196771743	-2.683639535882647e-05	6.740028547500416e-05	-0.000109852540777406	-0.004405426221895378	-0.003098511523284957	4.003613578022791e-05	-0.001492846844041202	-3.047270957582804e-06	-7.166767200070248e-05	9.661353427123997e-05	-0.03158363131029443	-0.02295662050836236	-5.740847838182941e-19	-7.376198048156347e-17
5.573333333333334	-0.4506500430194322	0.05000470062699548	0.01918522828616561	-0.4824407386624352	0.9842607499058016	0.02171887396452897	0.4092553139428809	0.01542575682152985	-0.001715042099690665	0.80842469291317	0.01262362394047705	-0.0003984170210787299	0.0563925591281135	0.01294584482316826	0.002612233140528509	0.1635707275302203	0.1635707275302203	0.4571962613072786	0.4571962613072786	0.4815495468422586	-0.008717839961760093	1.570696742880483	0.2604631125472408	0.003264419059914167	1.570656649339947	0.008565028450579795	-0.004765608761152037	0.004911964484225953	0.002460696010895585	0.001701918266150505	0.0003953630114796503	0.0001255519896267985	2.359525813372702e-05	-1.87590827361044e-05	9.924158406295124e-05	6.547349050628317e-06	7.834692739899541e-05	5.780616179689112e-06	4.71778997653816e-06	-0.08410233600805563	-0.01697417702263918	-0.01981417508200118	0.1821204286701425	-0.0347990365905332	-0.02280378952613606	-0.1292135935791417	-0.005769242727550169	0.00265048001223078	-0.09769508103643444	0.00632098269814421	0.003449570048154119	0.2688516951698114	-0.03311233214454076	-0.01605725109853088	-0.01526123144543126	-0.01526123144543126	-1.832552389595588	-1.832552389595588	-0.2685896864386286	0.01408891376466392	-0.0007233733317452213	-0.2569877546783118	0.00186917467017453	-0.0001399890366400692	0.003957616926698922	0.01049498830428494	0.01233445128850612	0.001208048449705734	-0.0008190374140384527	-0.004100826976613177	0.002118277047779565	3.552918091156883e-05	0.001912059410982023	0.02267411061229887	-3.708039902691304e-05	0.004498161503533126	-4.74099660632751e-05	-9.876324125211437e-05	-0.01810620816394796	0.03551010975440689	0.02531443401081569	0.02510298458305183	-0.00276476319771704	0.04336779923149939	0.1340036678996098	-0.1049589028970773	0.01444714340900951	-0.1401634102492105	0.04923027501895873	-0.00992982249119195	-0.0001359951213171371	-0.009879567403459178	-0.009069420305106712	0.001110656604503693	0.02336236086816349	0.002582250937171128	-0.0004935113956768358	-9.392411172931478e-05	-0.1422748838062207	0.02867335725865484	-0.00712277925241555	-0.1001456142808652	-0.1608627795810018	0.001604978768369585	-0.09783539681710685	-2.733039345369779e-05	7.012090517731206e-05	-0.0001205898821530404	-0.005762133195664083	-0.003973171226931034	4.416108151912811e-05	-0.001787055126727367	-2.312604263786596e-06	-9.440416427950763e-05	0.0001274262378079678	-0.03159016822435107	-0.02466987324658199	-2.109741253666053e-19	-7.781461447883061e-17
5.594666666666667	-0.4517996689062282	0.04972585873395537	0.01890692280445969	-0.4782631672788168	0.9835289275891189	0.02117734594835643	0.4055385734353975	0.01510949457138931	-0.001671211011881684	0.8047037544043485	0.01284488927300928	-0.000422745919322628	0.06172840222538888	0.01220829952350897	0.002240046067126509	0.1632764470107092	0.1632764470107092	0.4205922772598721	0.4205922772598721	0.4754284118002655	-0.008499081960154215	1.570691079761023	0.2545685266581719	0.003282210945840152	1.570659336243353	0.008678023982071785	-0.00484590528836194	0.005107396191206279	0.002491081075213566	0.001717975301060514	0.0006289782979357036	0.0001034737262312184	2.207600329305392e-05	3.012459347165927e-05	1.403615822900206e-05	2.626696773745725e-05	-2.04102149542709e-05	5.857612230255856e-06	5.283316306109802e-06	-0.02146634232246017	-0.00731241283760016	-0.003328740533660795	0.2091428426210324	-0.03324064099036766	-0.02849804633249874	-0.2220793540375406	-0.02724662920604943	0.0009734122211040163	-0.2412026762853494	0.01675394753968345	-0.008024814481146825	0.2271516511066666	-0.03765046526489903	-0.02010029071877533	-0.0137489603308342	-0.0137489603308342	-1.572523313390349	-1.572523313390349	-0.3037082802742618	0.005834170415088619	0.0006426092344320958	-0.2947776145537211	-0.0007068111546876875	0.0004222577427251997	0.006804496250514854	-0.02900970392892102	0.005405672704642145	0.001721069887432967	0.00330396103592907	0.03049164708648964	-0.005910704041996165	-0.0002169128944523013	0.001770557091317765	-0.0506791848417005	0.001874592497832839	-0.01793002831770549	7.70670465614129e-05	0.000193803358780961	-0.02015437881802926	0.03523081084436084	0.02230206865919266	0.03176984111154786	-0.005731056973427712	0.04254047286394239	0.1513776649233673	-0.1077121634716533	0.01504084487174556	-0.149964885129492	0.05175015837150042	-0.01078245817488974	-0.0001388591273580937	-0.001948471646481237	-0.01172448781264577	0.00115992705417956	0.0216057052879739	0.002798830258079725	-0.0005104304563723745	-7.754170097664073e-05	-0.1729393952209747	0.02731528718362172	-0.01244578118127119	-0.1273415905170577	-0.1782840368181997	0.001994720285890525	-0.1060806739570394	-2.78243915485691e-05	7.284152487961995e-05	-0.0001313272235286749	-0.007118840169432789	-0.00484783093057711	4.828602725802831e-05	-0.002081263409413532	-1.577937569990388e-06	-0.0001171406565583128	0.0001582389413446957	-0.03158334941784019	-0.02663619061329531	-1.951963192585712e-19	-8.462140738525323e-17
5.616000000000001	-0.4516779745143936	0.04953335997029662	0.01886194520867661	-0.4735534236448614	0.9828657517362281	0.02051186302827592	0.4000553458845816	0.01453505732576518	-0.001644535651377295	0.7982248686874188	0.01308914433464177	-0.0004681765364822394	0.06606628610379486	0.01155034690541786	0.001935522026754496	0.1631682352830334	0.1631682352830334	0.3908060972226455	0.3908060972226455	0.4688181834773949	-0.008486405527294296	1.570727556255363	0.2479663598088049	0.003279153519010007	1.570656699034902	0.008712951785534931	-0.005063413762965398	0.005092821608295914	0.002524701783762372	0.00175895039903721	0.0007906631408702499	4.40059149028195e-05	2.007089010229301e-05	-0.0001493361526880076	-0.0003120816065495665	4.374493648315417e-05	-0.0001038319881184968	6.07673819858507e-06	7.347285608989726e-06	0.02456434209551837	-0.01106199674496059	-0.001228830240003542	0.2311106820486417	-0.02901201534703583	-0.03382455877690295	-0.2823980926978335	-0.02584406792834653	0.002377410225216754	-0.3676172173056876	0.006120032390327351	0.002279893211316322	0.1839772520111229	-0.02439642200201412	-0.008684854854379297	0.003001148358894997	0.003001148358894997	-1.204627402922025	-1.204627402922025	-0.3129178520167298	-0.004630018569613375	0.001342484154662009	-0.3212857977711719	0.0005237247383218492	-0.0004701879281881993	0.001162096752298023	0.002118919421413645	-0.005654146077894972	0.001393421003127272	-0.0003742702079407551	-0.008142083291550571	0.0002006175553102326	1.354834365307465e-05	-0.01000535928590238	0.01048658773743312	-0.0001546171476692403	0.004986792076779527	-4.40674604356288e-05	-1.129316836177328e-05	-0.03424783588181652	0.035155964748638	0.02481521367663056	0.03373082080118419	-0.0027878241618786	0.03954782129613981	0.1597759127450535	-0.08310309723484928	0.01228099261722031	-0.1524589361422206	0.05214035150216149	-0.00861287953186419	-0.0001442941973135169	-0.03567743157040192	-0.01105021881606995	0.001867028792450926	0.02876263405778253	0.00464202481931111	-0.0009410932355464263	-4.534611287944958e-05	-0.1465269651834794	0.01122607099746695	-0.01615792026514877	-0.0600758898398844	-0.2120146235946972	0.001272318752260915	-0.1435917202518939	-3.51178053694151e-05	6.995617312530002e-05	-0.0001536445819280515	-0.006206112330455275	-0.004424848146552727	4.525242070642919e-05	-0.001897712528565007	-2.492013810318165e-06	-0.0001047463701782728	0.0001432592969058183	-0.03273588071826833	-0.02489089783408345	4.988908238312599e-19	-6.626966226798034e-17
5.637333333333334	-0.4511061865538407	0.04923990045194941	0.01883994674434216	-0.4684572689946562	0.9822876716754791	0.01973699863619607	0.3938981272895105	0.01403936024454209	-0.001533507859913636	0.7889579805404728	0.01310494688548042	-0.0003888646478474563	0.06976806266393226	0.01115186213373245	0.001859422210373085	0.1633787696072561	0.1633787696072561	0.3698477976547745	0.3698477976547745	0.4622087817612846	-0.00869595800515712	1.570687150425528	0.2409836277582074	0.003308974554897522	1.57064777870431	0.008927803531103947	-0.005032804300288121	0.004913849426265433	0.002548935815149011	0.001663106188942428	0.0005884247610087701	0.0001062742971394476	2.199763121786163e-05	-3.027931172379666e-05	5.105081769166259e-05	2.31437093944299e-05	-2.619807330095363e-05	4.50887905305228e-06	4.332698702373228e-06	0.02072992974488361	-0.01677748358964415	-0.001174446960351863	0.2453688753944576	-0.02526291047707091	-0.03875255933243656	-0.2852660144364674	-0.01986473879345263	0.008881452623535442	-0.5025779040993762	-0.004663475347239251	0.003669795437077484	0.1675165900189881	-0.01332535466436531	0.001314480280343132	0.01613348203465705	0.01613348203465705	-0.7449095193882795	-0.7449095193882795	-0.3036307858904835	-0.01499978996516824	-0.006565108657062217	-0.3304556021690758	0.002375544725092917	-0.0001667849578566424	0.02367236582294028	-0.005748647308852327	-0.01000660221286838	0.0008410689034797593	-0.009522849095771741	-0.003626155050637288	0.005502064104724949	0.0001516984467660875	0.0297565808841809	0.01393802037890456	-0.001695332111644093	-0.00283105756941487	-9.046280786314764e-05	-0.0002823112858593216	-0.04834129294560377	0.03508111865291515	0.02732835869406846	0.03569180049082051	0.0001554086496705119	0.03655516972833724	0.1681741605667395	-0.05849403099804527	0.009521140362695059	-0.1549529871549491	0.05253054463282256	-0.006443300888838641	-0.0001497292672689402	-0.06940639149432259	-0.01037594981949413	0.002574130530722291	0.03591956282759118	0.006485219380542495	-0.001371756014720478	-1.315052478225842e-05	-0.1201145351459841	-0.004863145188687816	-0.01987005934902636	0.007189810837288913	-0.2457452103711947	0.0005499172186313037	-0.1811027665467483	-4.241121919026109e-05	6.707082137098008e-05	-0.000175961940327428	-0.00529338449147776	-0.004001865362528342	4.221881415483008e-05	-0.001714161647716483	-3.406090050645943e-06	-9.235208379823276e-05	0.000128279652466941	-0.03192736030696477	-0.02417543357330105	1.601422298867093e-18	-3.276868995364425e-17
5.658666666666667	-0.4509344104599291	0.04893394527860877	0.01889612812346409	-0.4631298342107812	0.9817702285978214	0.01884695705536443	0.3880147658442478	0.01349778879632238	-0.00130506611354729	0.7769960491120717	0.01302204421744778	-0.0003843959771049459	0.073293243955493	0.01082130600511944	0.001920273233241854	0.1638799446316232	0.1638799446316232	0.3585644633972786	0.3585644633972786	0.4559776598979366	-0.009074730816816612	1.570667577589382	0.2339616566949824	0.003350230828373176	1.570660006789325	0.009284159647289859	-0.005503305839457292	0.004605545256464286	0.002574840807241528	0.00144585019360948	0.0006697057531791295	0.0001204755266333896	2.160472333036188e-05	0.0001889436915153651	-2.594034976888466e-05	8.402790539475999e-06	5.624379663396075e-05	3.457989397448762e-06	3.643372424489491e-06	-0.005134961658561286	-0.01173460958228837	0.00985146947679787	0.2530939452622658	-0.02356428296650962	-0.0450519274434549	-0.2644115670369234	-0.03284286454177789	0.009014845718457318	-0.6039423927089625	-0.002703714538157599	-0.0003676730906303907	0.1644663635396378	-0.01896038668409026	0.001474061215507249	0.03246920891300442	0.03246920891300442	-0.3487961746096557	-0.3487961746096557	-0.2811703093118192	-0.02000993591998661	0.002120407096136337	-0.3267057623460832	0.001019439777063385	0.0008660794790326876	0.01042698498804745	-0.03186127138965208	-0.01886783018090621	0.001503820543944866	-0.007462602257673097	0.007280823111253518	-0.002217652752152174	-0.0001117371445481767	-0.005206243853893383	-0.01231553109673635	0.0005371406129703703	0.006020478318277976	-2.057587782438984e-05	0.0001086967433994997	-0.05406925430571204	0.02870952460633288	0.02392039214807063	0.04375891818522792	0.00799177423311022	0.03156374951767746	0.1104549082572234	-0.03984131609813602	0.006955946810388891	-0.1148184539374998	0.04088003206991377	-0.003921110979012797	-0.0001447739926314167	-0.09296285989461475	-0.03014762430097522	0.005409278721146192	0.05465400471701665	-0.004101304565044084	-0.001085303452928593	-7.153697038924303e-05	-0.03176770799606569	-0.04103784233562897	-0.02833213731999441	0.1311057348058658	-0.3157502830152836	-0.0006841088012852136	-0.2570173868333698	-3.454351340612648e-05	7.324704503728319e-05	-0.0001587583212964969	-0.005792075478541494	-0.004258085615882714	4.025894264187068e-05	-0.001784815979886017	-3.212127086398909e-06	-9.735732056764678e-05	0.0001309627304984589	-0.03159475499788592	-0.02732489936513711	2.927464538664874e-18	-1.205526186816212e-17
5.680000000000001	-0.4513469973219026	0.04874652849446521	0.01940577021956617	-0.4577005861176128	0.9812687409926136	0.01779929128616391	0.3826971027341212	0.01255549274133525	-0.001299066032133156	0.7638259648346731	0.01300686563553934	-0.0002815361625693195	0.07684917502721507	0.01028758518546254	0.001797889167915933	0.1648331372371761	0.1648331372371761	0.353434388290835	0.353434388290835	0.4501851559554079	-0.009528372328871833	1.570666271872944	0.2270931812650278	0.003332298230241611	1.570665655654926	0.009402169393785791	-0.006114902254039423	0.004110062902283653	0.002609527473077371	0.001489013216199863	0.0007298817489937722	9.498441278162465e-05	2.0506826828436e-05	-8.182334915429892e-05	-9.722096322105289e-05	5.560921369090266e-05	3.699014049073935e-05	3.096882965624155e-06	4.320177720667773e-06	-0.0340540973693491	-0.005664509602418455	0.04133749525653676	0.254913873140722	-0.02376708493486615	-0.05352982699201823	-0.2322317955174682	-0.05743267067789971	-0.01197245346573447	-0.6158422336928859	0.001685657726905516	0.01289396516768217	0.1703993819091122	-0.03237204444973076	-0.01586380923790916	0.05851013027082733	0.05851013027082733	-0.1680414739771147	-0.1680414739771147	-0.2625103558136655	-0.02201873062726766	-0.004852566184525473	-0.3160653865499766	-0.003173411988083889	-0.0007835867779381473	0.001327393664504574	-0.01897629187881725	-0.02755455699844535	0.001664350816916524	0.01489143383454076	-0.00560474845898574	0.001780906916064888	8.560576416363812e-05	-0.01617998573227179	0.0144733848171901	0.004112231201454121	-0.01236501313924016	-2.579563063387433e-05	-0.0001542364507910066	-0.05979721566582031	0.02233793055975061	0.02051242560207281	0.05182603587963532	0.01582813981654993	0.02657232930701768	0.05273565594770731	-0.02118860119822677	0.004390753258082721	-0.07468392072005056	0.02922951950700498	-0.001398921069186951	-0.0001398187179938932	-0.1165193282949069	-0.0499192987824563	0.008244426911570093	0.07338844660644211	-0.01468782851063067	-0.0007988508911367079	-0.0001299234159962276	0.05657911915385269	-0.07721253948257013	-0.03679421529096245	0.2550216587744428	-0.3857553556593725	-0.001918134821201731	-0.3329320071199912	-2.667580762199187e-05	7.942326870358631e-05	-0.0001415547022655657	-0.006290766465605228	-0.004514305869237087	3.829907112891129e-05	-0.001855470312055551	-3.018164122151875e-06	-0.0001023625573370608	0.0001336458085299769	-0.03073611838738616	-0.03149772119172837	4.39596418897037e-18	5.078633022270355e-19
5.701333333333334	-0.4518693030221078	0.04850307691408644	0.02009327102016937	-0.452226951577195	0.980787666110711	0.01660541010529846	0.3774425768410442	0.01147862737846122	-0.001299455159398393	0.7493317244725932	0.01263560257662152	-4.153392408725964e-05	0.08013057745538656	0.00970260646476389	0.001640611248611204	0.1660877152720023	0.1660877152720023	0.348208619409681	0.348208619409681	0.4447827187432621	-0.009987797177890553	1.570596376155564	0.2205008341393186	0.003260241697548707	1.570573176270651	0.009504794905450488	-0.00634877199972303	0.003491074530186194	0.002606705333635227	0.001549117377906391	0.0006301829997357088	9.066466855954331e-05	2.180943442276446e-05	2.271606099985961e-05	0.0001679392883781931	-4.625191749561403e-05	-0.0003216823460443934	1.22666099746797e-06	1.462445560018548e-06	-0.012489925647908	-0.01919562140274832	0.01939993924517611	0.2576927131929501	-0.02022306652755535	-0.05887230086918918	-0.2631639452248538	-0.04204146738658589	0.009852785812388354	-0.7615650949321723	-0.03023480700265628	0.007918852071467157	0.1351074024292722	-0.01751881069699766	0.003852331561054056	0.05626373985233791	0.05626373985233791	-0.3840346176624171	-0.384034617662417	-0.2430880097824459	-0.02546004764778273	-0.0004022543026437306	-0.2987548042417024	-0.001711411433180385	-0.004537892730692114	0.005040512742361663	-0.005249264411388948	-0.02770779046447876	-0.0003966826766748398	-0.008035273757630055	-0.002137375174579177	-0.001176705862925266	2.004608717898343e-05	0.01388721458917476	0.006785357947788495	-0.007642892549401651	-0.01157820171026343	-0.0001058986322771263	-4.430776133949382e-05	-0.06339366914201568	0.008894035689730961	0.03706789986905525	0.04414320018495358	-0.001638463771896699	0.02089762109378621	0.03043656752888517	-0.02650156166264759	0.004529951044852377	-0.05451109381174936	0.02313163700861241	-0.002492578016867439	-0.0001516693576200358	-0.1965715606018476	-0.06540113192415421	0.01389103329293028	0.100888669031298	-0.02291584467255844	-0.002596321363182369	-0.0001860849636932452	0.1687883613275276	-0.06889556038281237	-0.0156900522144254	0.4060438226444393	-0.3915131844285758	-0.003419670694047071	-0.3631890449696598	-1.816136211980441e-05	8.462131178211994e-05	-9.259026304764751e-05	-0.005210334175647745	-0.004449740887642451	5.140186331559697e-05	-0.001936796841637079	-2.976958023471331e-06	-9.490329215846154e-05	0.0001013138037559159	-0.03199875664307446	-0.02882380519159819	3.231076069988019e-18	-2.238481633495683e-18
5.722666666666667	-0.4517765563307956	0.0478406227132426	0.02007496163035396	-0.446729020832815	0.980453276552652	0.01526710705046218	0.3713499930384966	0.01082495502691899	-0.0009675631482864059	0.7305401028778845	0.01198380240333193	-1.566055924459647e-05	0.08252310394994902	0.00975135432559149	0.002078877277527342	0.1671124297901595	0.1671124297901595	0.3343967402185683	0.3343967402185683	0.4398509527878391	-0.01080272950550448	1.5707044862181	0.214483369979774	0.003339085007223591	1.57061490664315	0.009478426564160725	-0.006437015621239717	0.003045957172437652	0.002657978077291468	0.001198287718996392	0.0007071514635452143	8.783651778576265e-05	2.065950849471062e-05	-5.284736071619761e-06	3.868632746001843e-05	-1.368456118325945e-05	-4.390035325211352e-05	4.404739768888695e-07	5.389422161878309e-06	0.02360706433541189	-0.04494600527101917	-0.02483221009520846	0.2571916422621811	-0.01001533582451053	-0.06706937767678348	-0.3107997245303289	-0.01775832586554413	0.01917890325713057	-1.018721724251843	-0.0246146967454481	-0.00718061673601139	0.08706726313326683	0.02703982256835513	0.03996843590779756	0.03696042558310854	0.03696042558310854	-0.9729893155357365	-0.9729893155357365	-0.2183849254959181	-0.05534755674556867	0.01183547568269651	-0.2621701084720483	0.01097344823389635	0.01179857791969532	-0.01076578004997604	-0.005323842738168457	-0.0112541494032343	0.006735746107390195	-0.02363361184825891	0.01095780276609896	0.001920743801843075	-0.0001443192535597041	-0.02860563015967542	-0.02250285385631831	0.01671490190447338	0.04730259429770513	7.583264570147795e-05	0.0004818299956942146	-0.06699012261821102	-0.004549859180288689	0.05362337413603769	0.03646036449027184	-0.01910506736034333	0.01522291288055473	0.008137479110063035	-0.03181452212706841	0.004669148831622032	-0.03433826690344816	0.01703375451021984	-0.003586234964547927	-0.0001635199972461784	-0.2766237929087882	-0.08088296506585212	0.01953763967429046	0.1283888914561538	-0.03114386083448621	-0.00439379183522803	-0.0002422465113902628	0.2809976035012025	-0.0605785812830546	0.005414110862111651	0.557065986514436	-0.3972710131977791	-0.004921206566892411	-0.3934460828193285	-9.64691661761695e-06	8.981935486065357e-05	-4.362582382972932e-05	-0.004129901885690262	-0.004385175906047813	6.450465550228265e-05	-0.002018123371218607	-2.935751924790786e-06	-8.744402697986223e-05	6.898179898185488e-05	-0.03227154545191249	-0.03376198878997747	2.908703537332431e-19	-1.530581765198898e-17
5.744000000000001	-0.4515819346815983	0.04699809964791259	0.01985596365364655	-0.441345246752002	0.9804802444733225	0.01376868783498884	0.364766204933488	0.01008348461029909	-0.001045268166342812	0.7076459146013406	0.01241646165345201	0.0001372002872875682	0.08457423718205062	0.01002461641580756	0.002259428960936506	0.1674861650913831	0.1674861650913831	0.3080889723821877	0.3080889723821877	0.4352351695713998	-0.01170774807396366	1.570772602384939	0.2091602026978173	0.003420635961442806	1.57079633	0.009567250807645486	-0.00654778613181643	0.00283017895228781	0.002787258851053308	0.001209363200591518	0.0004445142657030466	0.0001600772816156318	2.082585577304523e-05	-9.283285920171826e-05	-0.0004522399679359401	0.0002366764696381382	0.0003268533482087192	3.500647564981548e-06	5.637380268431233e-06	-0.005923145064422124	-0.03653263528452182	-0.005655093837137675	0.2461073531733614	0.01628484730682904	-0.0705185622772642	-0.308968749426998	-0.03984243731938902	-0.01289734400343986	-1.128361265507457	0.04628062814423359	0.01177771130900952	0.09686959028653587	0.001605759644947164	-0.0102984864098927	0.004216531620746929	0.004216531620746929	-1.46851171311203	-1.46851171311203	-0.2079966869725035	-0.02737418675729385	-0.001868562315465268	-0.236702922625568	-0.002033870257443622	0.00290005588483737	0.009855979063381239	0.001770223869216349	-0.01238314736532794	0.003613501326840548	0.01191447217122213	-0.01794779048630434	0.002363898374776882	8.672122668771723e-05	0.01128340446324684	-0.01249686867314827	0.003654468144143606	-0.007569761629599643	8.930208660321736e-05	-0.0002410023133712173	-0.05668287614522056	0.004138947553596482	0.01885109178338702	0.02898060129215072	0.02960744089716369	0.008522756149721956	-0.05267916572993102	-0.008624182433828337	0.002321930614813978	0.004269566402779656	0.008294408380870802	-0.001512271958436435	-0.0001706656602553681	-0.09674845008961216	-0.09172724407787611	0.01881440579624226	-0.03109042168329954	0.02298792480699496	-0.009295248591212189	-0.0002267487726502769	0.1378256208761317	-0.02375044296995	0.003438885355239194	0.3277949884367787	-0.3036696023609877	-0.002741647070695784	-0.2819228216291896	-1.743412837755674e-05	6.667046362392834e-05	-5.912673067806163e-05	-0.009751815013691358	-0.002195437204514547	0.0001254859510926084	-0.0007343703244256034	2.723298448736536e-05	-5.238150272660766e-05	0.0002083637366680265	-0.03497213266416784	-0.03907907890807788	-1.813053455879185e-18	1.064159116233501e-17
5.765333333333334	-0.4520532498947712	0.04617556720538653	0.0194088778990189	-0.4362894462820864	0.9813077241783073	0.01238157315048609	0.3580590239274658	0.009633260138547445	-0.0009390165587167508	0.6823645677593431	0.01315221861002049	7.15544389257488e-05	0.08629964595301326	0.009949029884012552	0.002183186302312549	0.1675542774417812	0.1675542774417812	0.2728006012490035	0.2728006012490035	0.4312472782107833	-0.01188008158943449	1.570777551195623	0.2043914650820775	0.00330752471969112	1.570640039021457	0.009504833188164577	-0.006070025098921589	0.002372197769991014	0.002736598929383157	0.001162319979034462	0.0006936883847694542	8.254452599255535e-05	2.123670924017668e-05	8.725138383301598e-05	-2.412971560107763e-05	9.888411755616852e-06	-0.0001546241281191746	-9.442494354107423e-07	4.390138810942564e-06	-0.03882451651179561	-0.04307188438314802	-0.04621543927523145	0.2264441162405514	0.06503264395496289	-0.05663457789829095	-0.3223678090003603	0.009545981465854054	0.03642483691486154	-1.242517839763119	0.003800713234089788	-0.02766561938232209	0.05653059490148868	-0.005664735745182258	0.01589396634219278	0.008308273943208285	0.008308273943208285	-1.81492087461106	-1.81492087461106	-0.1595200640125201	0.01334166697208867	0.005913536043240277	-0.2101923272642324	-0.007276132638375513	-0.0198645607597091	-0.02494470470300727	0.0498509894622889	-0.03396067710451098	-0.0101336940893587	-0.02908224026877592	0.05894011372627717	-0.01212052364687037	-0.0001213967983600002	-0.003515095831722717	0.06365682249344488	-0.02801782516151837	-0.0325940786199868	-0.0006277677219689774	0.0003416550365653174	-0.04637562967223011	0.01282775428748166	-0.01592119056926364	0.0215008380940296	0.07831994915467071	0.001822599418889176	-0.1134958105699251	0.01456615725941174	-2.528760199407646e-05	0.04287739970900747	-0.0004449377484782354	0.0005616910476750567	-0.0001778113232645578	0.08312689272956386	-0.1025715230899001	0.01809117191819405	-0.1905697348227529	0.07711971044847613	-0.01419670534719635	-0.0002112510339102909	-0.005346361748939058	0.01307769534315461	0.001463659848366736	0.09852399035912139	-0.2100681915241965	-0.0005620875744991568	-0.1703995604390508	-2.522134013749654e-05	4.352157238720311e-05	-7.462763752639393e-05	-0.01537372814169245	-5.698502981280826e-06	0.0001864672466829342	0.0005493827223674001	5.74017208995215e-05	-1.731897847335309e-05	0.0003477456743541981	-0.03679234356023906	-0.03955794072723406	-3.321006251562504e-18	6.439261123682757e-17
5.786666666666667	-0.4537994220625364	0.04541160814346548	0.01891740506199684	-0.4318184251136998	0.9831042153049959	0.01119678203316065	0.351958789104324	0.009632214484404537	-0.0004678730818312792	0.6569661996909869	0.01366903857524182	-0.0004143657956805455	0.08712923928836488	0.009818399777490284	0.00260206463047169	0.1683470313497987	0.1683470313497987	0.2334876509355637	0.2334876509355637	0.4287869421415193	-0.01200086399131453	1.57079633	0.2006150874746058	0.003290641753750735	1.57049114928001	0.008923872891881963	-0.006097106981584039	0.001785475555746188	0.002679491988310203	0.0007784513865789658	0.001430514211081609	0.0001124489821964674	1.921955799154024e-05	-0.0002908409166584517	0.0003848089153924718	-0.0001148541488820211	4.151760562931545e-05	-7.096985167258376e-06	8.662057854218972e-06	-0.1230805125584249	-0.02787118923548635	0.0001373533496091282	0.1936350359442771	0.09568590276240758	-0.05421763878284458	-0.2408217288057634	-0.01151805327714744	0.005500004613367489	-1.09889796959024	0.044400435155388	-0.01351893625193357	0.02745971086761429	-0.008455250857930124	0.01593870734571813	0.06487764537116118	0.06487764537116118	-1.795933334554839	-1.795933334554839	-0.08105438447171039	-0.02050661074454672	-0.00333010769160414	-0.1458680023893383	0.003159918589319737	0.00325153247690826	-0.02159395057604645	-0.03906398227899169	-0.01888659908371044	0.00338639774931444	-0.004917649303947989	0.007325230611265932	0.008068153385015301	-4.294414388005926e-05	-0.01762091367723004	-0.01399090979292189	0.008891347965461701	0.0273954285514141	4.516202942739693e-06	7.746001164098203e-06	-0.01454946778988739	0.004390571914823295	-0.03965970618209668	0.01772918398555049	-0.01007995453285459	-0.01024445708363473	-0.06032001598845889	0.01014108363885819	-0.0002046538927320004	0.02278564033264982	0.001093335711412307	0.000131654160453664	-0.0001540303602807904	0.09939790546805287	-0.07910476985203857	0.01320127879612876	-0.1651668678727728	0.0670880455132966	-0.01017259114649912	-0.0001489617746933213	-0.08178055460100982	0.03214903911746366	-0.01015444459396647	-0.07556363314480341	-0.1213648649714179	0.0008957185000110363	-0.07366447323594157	-1.011739830610312e-05	2.505347643549439e-05	5.860266158446678e-06	-0.01057637427724233	-8.012815935739761e-05	0.0001462494710617174	6.204761141694321e-05	3.995159004334991e-05	-1.684215279038136e-05	0.0002311830724386944	-0.03007866826031342	-0.04135423642523999	-2.967091828386249e-18	6.907044878732731e-17
5.808000000000001	-0.4572279443331991	0.04501532823796164	0.01941463132386392	-0.4279883922621246	0.9850616828493562	0.01007775711999142	0.3481554825112589	0.009061864084678933	-0.0008001303642171978	0.6371713187978417	0.01503593964704942	-0.0003187802764598005	0.08773647332143994	0.009508340178430488	0.002545918580444147	0.1702739739029606	0.1702739739029606	0.1993628006373461	0.1993628006373461	0.4273657922817193	-0.01257760497463985	1.570670522606128	0.1980813666781336	0.003334254643837258	1.570665507499523	0.00892168319014411	-0.007168181839021415	0.001658441282034577	0.002821628353803837	0.001037312690118457	0.0008862496106700016	0.0001342667810984097	2.046115056026413e-05	-5.400813681156958e-05	-0.0001377507821843045	7.215980713411937e-05	7.871485488092525e-06	-2.732679994249299e-06	2.540736297293432e-06	-0.1965448386584304	-0.008601963469034439	0.04647510124562636	0.1663514615394816	0.08012418311167697	-0.0504689962586464	-0.1070307874306874	-0.04382633843252413	-0.03889398426683174	-0.7171909170870847	0.08349581697655233	0.02685054503896317	0.03568441031305706	-0.02248625067057546	-0.02863956911280907	0.1146384594255053	0.1146384594255053	-1.32853649818397	-1.32853649818397	-0.06209635687526669	-0.02940445003840594	-0.00764400067450496	-0.09369325123302405	-0.001604646135852746	0.0104399355802414	0.02931503853556448	-0.04802335192286109	0.009135067320478151	0.008545365901259094	0.0311736874807545	-0.06116211377907625	-0.01287864776893003	0.0001841104345175334	0.05413413044999793	-0.0236711458100237	0.00120934827477353	-0.05413668992214753	0.0003582048628613451	-0.000632711269703621	0.01727669409245534	-0.004046610457835067	-0.06339822179492971	0.01395752987707137	-0.0984798582203799	-0.02231151358615863	-0.0071442214069927	0.005716010018304634	-0.0003840201834699244	0.002693880956292168	0.002631609171302849	-0.0002983827267677288	-0.0001302493972970229	0.1156689182065419	-0.05563801661417703	0.008311385674063467	-0.1397640009227927	0.05705638057811707	-0.006148476945801882	-8.667251547635177e-05	-0.1582147474530806	0.05122038289177271	-0.02177254903629967	-0.2496512566487282	-0.03266153841863932	0.002353524574521229	0.02307061396716766	4.986543525290292e-06	6.585380483785677e-06	8.63481698432873e-05	-0.005779020412792209	-0.0001545578157335144	0.0001060316954405006	-0.0004252874995335137	2.250145918717832e-05	-1.636532710740963e-05	0.0001146204705231907	-0.02692912183277002	-0.03135830216581703	-1.211300911009878e-18	3.679906655505795e-17
5.829333333333333	-0.4611837192402966	0.04449507751752159	0.01944336072737591	-0.4245762531096071	0.9863886583619804	0.009177731827519475	0.3464390821576628	0.008986728132998976	-0.0009933341796946366	0.6244696095159389	0.01561608067574425	-0.0001801075474447776	0.08795669800489776	0.009620908029194368	0.002521584328143487	0.1730808404921394	0.1730808404921394	0.1760383316112262	0.1760383316112262	0.4263340919918864	-0.01299314496420641	1.57070343755023	0.1964562063098906	0.003353224979098593	1.570718778468456	0.00907297638291219	-0.007209626172817152	0.001573884136904519	0.002894827479805462	0.001185133626858735	0.0006379979200916481	0	2.0779139971585e-05	0.0003903726625006088	-6.065018690835064e-05	4.02614236283259e-05	-0.000200844787933682	-1.248491133083595e-06	1.523439461885677e-06	-0.1789896663232313	-0.03279464244289499	-0.0286458784466304	0.1538547727275229	0.04482813665868855	-0.03558890072133741	-0.05257003860389428	0.02243937786975694	0.01176187989132949	-0.4714786893189456	-0.01103928542084314	-0.0082938087027906	-0.0086526941348539	0.02388588823339738	0.01843957653167959	0.1436453189851157	0.1436453189851157	-0.8672322240020572	-0.8672322240020572	-0.03412214914860369	-0.01364119171013705	0.005692329865716937	-0.05900938762608144	0.002417800079993633	-0.003069823371297603	-0.01049755131367984	0.02610973306036948	-0.01385579936761123	-0.0001066755566434125	-0.009665269853602609	0.02127088040623406	-5.574261389640723e-05	-8.319630262325105e-05	-0.00636456907355456	0.01751766531409969	-0.002503099126568521	0.01791477432116147	-0.0001395041794323377	0.0003345495761207511	-0.002551121601783975	-0.0006753342880910753	-0.05285290700873232	0.008476488415978398	-0.02872804624494905	-0.02128705529689858	-0.006113107553127857	0.006724324727244324	-0.000229981756168326	0.001945061131063894	0.002902716824858164	-0.0003448538818504755	-0.0001321267164476734	0.08503567313579173	-0.06203546091275816	0.008260309871421899	-0.115011096007364	0.05002766127296995	-0.005983157984568202	-8.504787211294447e-05	-0.1381552009413732	0.04217401869078789	-0.02049777979310723	-0.2235214425936787	-0.05310071206796446	0.002089503596532395	0.003186523995228555	-1.791421586242029e-05	2.450871048334335e-06	-3.12484763807118e-05	-0.006451182969050353	-0.0005880494191611561	8.757574795875679e-05	-0.0006106337998515112	1.855713955919514e-05	-2.962590762541382e-05	0.0001248514665810005	-0.02619947534478261	-0.03111305594108419	-1.470877081694607e-18	1.516194973202842e-17
5.850666666666667	-0.4650645426804844	0.04393083785658266	0.01883820306885027	-0.4214103459070949	0.9869977469398328	0.008487594921289515	0.3459684603677352	0.009407311029830331	-0.0006831113469654756	0.6171451619745213	0.01533584470069103	-0.000435586280162264	0.08763974619479151	0.01013691787601365	0.002994811171536921	0.1761954823684635	0.1761954823684635	0.1619726363711349	0.1619726363711349	0.425931392153692	-0.01333408324394393	1.570698464282818	0.1955489616877378	0.003396227341154992	1.570635902614201	0.008671494351155199	-0.006823370298062345	0.001204071188859057	0.002884331147417484	0.0009513365814954426	0.001084787979741473	0.0001171034346658977	1.994515363054465e-05	-6.491832913703758e-05	3.871872228737254e-05	3.775440874711778e-05	6.163188456934691e-05	-5.290384601720901e-06	8.162473293874039e-06	-0.1895181386356509	-0.01272592664080476	-0.01295181082040099	0.1432672162264844	0.01282228297683144	-0.03079196004846039	0.009760952913233329	0.002647303615411918	0.008302264002537297	-0.2130726289165932	0.002835472875172118	-0.0101011544984598	-0.01467588595857733	0.01533643645961926	0.01800678360851251	0.1434923925953781	0.1434923925953781	-0.4605264557437824	-0.4605264557437824	-0.003127564534160744	-0.02241053974193322	-0.01119602050389369	-0.02638865003705681	0.0006483563761845389	-0.002323829093503805	-0.02250763876366115	-0.007926457371247293	-0.01760766420284107	0.0006989166772337821	-0.004602998341455496	0.003998050304815824	0.01068802263244365	7.611270773366858e-05	-0.03021009995154864	-0.02158349138004531	0.003964789083328425	-0.009962351241696935	-0.0001598653555576903	8.506973036476923e-05	-0.02237893729602329	0.002695941881652916	-0.04230759222253495	0.002995446954885426	0.0410237657304818	-0.02026259700763853	-0.005081993699263016	0.007732639436184012	-7.594332886672743e-05	0.001196241305835619	0.003173824478413479	-0.0003913250369332221	-0.0001340040355983239	0.05440242806504159	-0.0684329052113393	0.008209234068780331	-0.09025819109193536	0.04299894196782283	-0.005817839023334524	-8.342322874953718e-05	-0.1180956544296659	0.03312765448980307	-0.0192230105499148	-0.1973916285386292	-0.07353988571728962	0.001825482618543562	-0.01669756597671054	-4.081497525013088e-05	-1.683638387117006e-06	-0.0001488451226047109	-0.007123345525308497	-0.001021541022588798	6.911980047701298e-05	-0.0007959801001695087	1.461281993121196e-05	-4.288648814341802e-05	0.0001350824626388103	-0.02643080235791549	-0.03455606556507739	-3.333034310355698e-18	1.980995764537627e-18
5.872	-0.469341014954432	0.04391857800622721	0.01902175577578535	-0.4184378801264206	0.9870150367886333	0.007856892261142815	0.3466990963629706	0.009082869985189519	-0.0007032526464558782	0.6149152909073067	0.01578641331614878	-0.000501867991400716	0.08754242657226333	0.01023477445359287	0.003145401964409729	0.1789090972348989	0.1789090972348989	0.1555093824415068	0.1555093824415068	0.4262203182252043	-0.01388963691300919	1.570605933387988	0.195241101467728	0.003371505681668658	1.570603183177123	0.0084300928172027	-0.00707488220175469	0.0008514818885482642	0.002926569718787962	0.0009585212570101824	0.001040425478631884	0.0001690228033434819	2.288481476793438e-05	-0.0002461160921670121	-0.0002003050246031996	3.216163370520631e-06	-0.0001527147891094389	-7.146542722718689e-06	5.048086795307317e-06	-0.2083967366286754	0.005132826951009433	0.02037729005417377	0.1363535537317829	-0.008174297908059985	-0.02751339072664548	0.04853546012572613	-0.02341885329415795	-0.005362492872151427	-0.02846628926848338	0.02839442552342348	0.001820290961196607	0.005457853881628354	0.0004587087515702157	0.002291940111651767	0.1044628142535279	0.104462814253528	-0.1922844124793376	-0.1922844124793376	0.0262981164031055	-0.02920590070205441	0.001351257821834268	-0.004198437049156472	-0.0009352368774606809	-0.0002120016861182396	-0.002878499506043688	-0.01058202798575395	-0.01438822453242939	0.002938431902221895	0.002776482611575155	-0.005099212619579683	-0.00322645728655993	0.0001127922157893313	0.007673751395013957	-0.0008969954949120531	-0.003786494846705565	-0.006053134922438042	-1.478962986910774e-05	-0.0002057251489284074	-0.008649149952400039	-0.0103288084331556	-0.03604570282676921	-0.00325032543505834	0.02614525289747568	-0.02443139581739216	-0.01813006994209677	0.005074092695199793	-9.745970055561324e-05	0.005466112361915021	0.003418440218657164	-0.0005206829372420731	-0.0001494057972861417	0.03301556340899539	-0.07039381555534539	0.008276724628276604	-0.0874891796617452	0.04436588913948913	-0.006160180093538144	-0.0001205304104949414	-0.05904536042777599	0.03028109276837239	-0.01004350610474698	-0.1063588203892552	-0.09831430218157146	0.001023884906881837	-0.05084718351039505	-2.663263293738452e-05	2.422177911157357e-05	-9.205429708780951e-05	-0.007233907392360473	-0.0001934626262498144	9.497890433935508e-05	-0.000303788167976315	2.275802102482173e-05	-1.421233771115153e-05	0.0001334916054790125	-0.02865742561509292	-0.03241826221607746	-3.471111589175403e-18	-8.339452141009253e-18
5.893333333333334	-0.4738279490254617	0.0438749056211496	0.01929024373072897	-0.4155519712190167	0.9867781315301543	0.007348805924468283	0.3476040763084866	0.008819618014883018	-0.0007059156099858614	0.6145444240586946	0.01607754139286613	-0.0004461105317872952	0.08786859041523719	0.01043898933477452	0.0033563163235365	0.1803775251364255	0.1803775251364255	0.1517682534463426	0.1517682534463426	0.4268863510472505	-0.01456028845658068	1.570706198321432	0.1952962202046681	0.00344297030427422	1.570649539510643	0.008431142608533266	-0.007058517919250509	0.0006353728906803822	0.002995943495820482	0.0009631297997221289	0.0009976886536478384	9.012390382004102e-05	2.105892035831177e-05	2.573524409131395e-05	-2.625537931428031e-06	2.195749755664524e-05	-2.257592040928626e-05	-5.948722370355012e-06	6.694448408480396e-06	-0.2092489321120881	-0.01567085177100667	-0.004989131319600497	0.1351525093573867	-0.01100850833064016	-0.01929667972294435	0.02610569825203092	0.008383779334253463	0.009940857998826635	-0.03879098342261054	-0.0121120776317416	0.001340017768903341	0.02502568893223941	0.02530752742234683	0.02366211794482155	0.02675611463517793	0.02675611463517793	-0.2053272431377992	-0.2053272431377992	0.03222619332840734	-0.03320096547689288	0.006878588396649633	0.007640627177004884	0.009665820322299666	0.005089524400056928	0.0002221729816265181	0.01718693508467727	-0.004812635848818053	0.00324284220805028	-0.004844510791717366	0.004150457441585491	-0.001576190011402538	-0.000370658124798741	0.01226325310672981	0.01935743676642466	0.00895974966733362	0.02233316835632874	0.0001264451263199488	0.0005313898658403783	0.005080637391223209	-0.02335355874796412	-0.02978381343100347	-0.009496097825002105	0.01126674006446957	-0.02860019462714579	-0.03117814618493053	0.002415545954215575	-0.000118976072244499	0.009735983417994422	0.003663055958900849	-0.000650040837550924	-0.0001648075589739595	0.01162869875294919	-0.07235472589935148	0.008344215187772877	-0.08472016823155502	0.04573283631115543	-0.006502521163741764	-0.0001576375922403455	4.933574113928015e-06	0.02743453104694172	-0.0008640016595791518	-0.01532601223988119	-0.1230887186458533	0.0002222871952201115	-0.08499680104407954	-1.245029062463815e-05	5.012719661026415e-05	-3.526347157090813e-05	-0.00734446925941245	0.0006346157700891688	0.0001208380082016972	0.0001884037642168786	3.09032221184315e-05	1.446181272111495e-05	0.0001319007483192147	-0.03134425438290603	-0.03343885943316093	-2.161813107634299e-18	-1.625848755010994e-17
5.914666666666667	-0.4785829994408723	0.04366958197945052	0.01921912869847956	-0.4126923261633166	0.9866543951234866	0.007015119541639338	0.3480451288340141	0.008843431269948557	-0.0005754753564383219	0.6135123957387641	0.01595211913722227	-0.0004666186800328736	0.0889956602696728	0.01064285803014797	0.003602522661417776	0.1800600825005498	0.1800600825005498	0.1463921057425054	0.1463921057425054	0.427354965421842	-0.0149158656103974	1.570727627279543	0.1954384119147759	0.00356088672417363	1.570691521234311	0.008323536783416938	-0.006994721877736367	0.0005254770100431175	0.003050066956396739	0.0008927055145921509	0.001026059388779458	8.76683179601836e-05	1.770641210072186e-05	8.948987670704146e-05	5.686209817388123e-05	0.0001105839017116379	8.631607564080845e-05	-5.307086815443779e-06	1.156458548590994e-05	-0.23466220391742	-0.003973920880257352	-0.0003233095840209398	0.1319853014732141	-0.0007127471152677486	-0.01302975695052261	0.01363925490313705	-0.006336006878268669	0.002060202766671705	-0.05201130298735801	0.001652445611418294	-0.002233262962681647	0.07515753109660826	-0.003119405521098044	0.001157976700138141	-0.05328027566416745	-0.05328027566416745	-0.2870071308037011	-0.2870071308037011	0.01499495085787889	-0.003796781396545206	-0.002899636034043505	0.006333509459003431	0.001832099129040901	-0.0006656793891291329	-0.008868849802016354	-0.007492335401924098	-0.006041073049587405	0.002078707143457981	-0.001533846436589408	-0.001003461954936094	0.0008424567380900195	3.0198610643306e-05	-0.003876835837291493	-0.007579270683602542	-0.0003229936976625521	-0.006507855190366518	-4.750926159302411e-05	-4.175790119594847e-05	0.007949076394492761	-0.02275270284734622	-0.02686443617611859	-0.009896150215501996	-0.002081567312449078	-0.02892054801464331	-0.03752184334091308	0.006513058554776062	-0.0001347706028755544	0.01195039205928427	0.003513663476802328	-0.0005562769113029278	-0.0001606477729639756	0.03673123858118356	-0.03005437210495455	0.003344448038746224	-0.09046060238067469	0.04582913789666435	-0.001945353489969826	-0.0001521679148596732	-0.01449614732692618	0.05806553918941737	0.01770671812808211	-0.007624408786413237	-0.1053129584339882	0.0001524072121665375	-0.07127760869299263	-7.568471904292352e-06	4.926564464044797e-05	-2.159060502812859e-05	-0.01020317995771142	-0.001416141140286089	0.0001353749862729545	-0.0004819909375361152	3.311519631465062e-05	-3.682625068526994e-05	0.0001979898359897658	-0.03078192865728431	-0.03640224433677407	-3.833454249714112e-19	-6.147935763885004e-18
5.936	-0.4837602098682212	0.04368846926393438	0.0193342451722539	-0.4099612986501875	0.9867425597142145	0.00674835386116052	0.3481175924168641	0.008541400325936751	-0.0006277293801367681	0.6125791575241305	0.01620345712866164	-0.0004974756201472723	0.09084151637884751	0.01043711311883382	0.003479888682735563	0.1782423063810205	0.1782423063810205	0.1400209400592294	0.1400209400592294	0.4276664469374357	-0.01487854638083308	1.570666533319007	0.1955939129309575	0.003540052084106185	1.570641961015832	0.008114236773109252	-0.007219738809325042	0.0003541123834484174	0.003095193930634013	0.0009072395838731386	0.0009756631438077918	0.0001045851150899774	2.123115483882066e-05	-3.687447859999924e-05	-6.142321198596441e-05	2.217240454236906e-05	-6.059903098425091e-05	-7.174396189620193e-06	6.323193472563993e-06	-0.2488264332312908	0.005348922558645423	0.01247007237012727	0.1230946147413711	0.008857210175195173	-0.01302286387761989	-0.008449515123984098	-0.02216411432924792	-0.007186730492984642	-0.02952941105102718	0.02320919553231209	0.0003698185312014165	0.09241190031403057	-0.01309374820461512	-0.01091666173300581	-0.1139001494573529	-0.1139001494573529	-0.2986101787101964	-0.2986101787101964	0.01749498779736539	0.003633070465080255	-0.0008579352264397139	0.008888374621431185	-0.003342091549593064	-0.003492532676322244	-0.009311656880063272	-0.009889281143712087	-0.01057533078232764	0.002399421613770655	0.003120334934310696	-0.003233946943097667	0.0002399708938772753	0.0002740841560470796	-0.005560402011029813	0.002691223054066284	-0.007637553581815998	-0.001648747519467104	-0.0001087684607820196	-0.0004165659864198288	0.01081751539776231	-0.02215184694672834	-0.02394505892123371	-0.01029620260600189	-0.01542987468936772	-0.02924090140214082	-0.04386554049689563	0.01061057115533655	-0.0001505651335066098	0.01416480070057412	0.003364270994703807	-0.0004625129850549316	-0.0001564879869539918	0.06183377840941793	0.01224598168944238	-0.001655319110280429	-0.09620103652979434	0.04592543948217327	0.002611814183802111	-0.0001466982374790008	-0.0289972282279663	0.08869654733189303	0.03627743791574338	7.719466705472098e-05	-0.08753719822212308	8.252722911296352e-05	-0.05755841634190569	-2.686653183946551e-06	4.840409267063179e-05	-7.917738485349045e-06	-0.01306189065601038	-0.003466898050661347	0.0001499119643442119	-0.001152385639289109	3.532717051086976e-05	-8.811431409165484e-05	0.0002640789236603169	-0.02977759532563022	-0.03413736153367664	1.810841802989139e-18	1.993819961313254e-17
5.957333333333334	-0.4888707264897572	0.04358455464680782	0.01940622784759903	-0.4074342596319127	0.9869758884424914	0.006454798845688015	0.3474083419915286	0.008350270320422067	-0.0006294348841139699	0.6119128512173988	0.01642942927114449	-0.0005118113384833953	0.09255733929289334	0.01056996399297755	0.003574589673215511	0.1753005615786842	0.1753005615786842	0.1338447046856777	0.1338447046856777	0.4281531032614876	-0.01506085737266625	1.570664579016796	0.1958457424513559	0.00357213051338387	1.570628657570042	0.007974673834741642	-0.007248798708745775	0.0001853027687009252	0.003149094737213231	0.0008958241278064532	0.0009929503491035723	0.0001162076598346638	2.199533737087675e-05	-5.554600766902428e-05	1.047743028849814e-05	1.047415662230747e-06	-9.504674031693609e-06	-8.033192308648487e-06	5.390180875929414e-06	-0.2301854058359798	-0.01163296059654189	-0.002598350297538283	0.1141472873339689	0.01193790668130558	-0.01446276641589892	-0.05356281457941032	-0.0006464002209807638	0.004461089990311739	-0.02714281378821667	0.002647326837330589	-0.001270359759220148	0.07169172914991004	0.01828891865632944	0.01424277994630141	-0.157449850744628	-0.157449850744628	-0.2707137398245854	-0.2707137398245854	0.02548454515709869	-0.01651950057491362	0.000379268239811353	0.01276397833554029	0.004643064460788676	0.001305075969986104	-0.004622887247450959	0.003219597372151379	-0.00562378802945168	0.002647675027403298	-0.00274977249078241	0.002609909701365267	0.0004116919609241884	-0.0001129066697853094	0.002301564080440494	0.002468753210887516	0.003190449507372886	0.003848958935188522	7.291404333202048e-06	0.0001903164488017585	0.01147062207610998	-0.02431182472374814	-0.0233421243995333	-0.01118750697402317	-0.006043045146233174	-0.02996531565547954	-0.03363542322537762	0.009523671287341624	-0.0001532823081864912	0.0109707163453502	0.003297396722008134	-0.0004559032279189538	-0.0001494332750179171	0.05821624233676805	0.02027147943420993	-0.002422558304949615	-0.08444104705030256	0.04077143534427177	0.003613800397940423	-0.0001337648494611575	-0.03580988717007911	0.08661308359749603	0.03562458665272799	-0.0107737798282951	-0.08769180922255805	0.0001618781584570813	-0.05543440866604153	1.052483650061427e-06	4.974310337426164e-05	3.754027034978232e-06	-0.01269860863157694	-0.002601927777482438	0.0001563969048329722	-0.0006591451090369977	3.994540485003929e-05	-6.158893125499641e-05	0.000251503757368612	-0.02919497967752816	-0.03375862939110957	-8.948082424705174e-19	2.272932571286457e-17
5.978666666666667	-0.4935772258312828	0.04333966912403791	0.0193566449999422	-0.405076849308489	0.9872058538053869	0.006132775663448691	0.3460233879621397	0.008305091984423866	-0.0005468615194220365	0.6116682744362854	0.01651573279156109	-0.000532757855591641	0.09403882669018861	0.01090769742420215	0.003850691042291922	0.1717138252833099	0.1717138252833099	0.1288842747967693	0.1288842747967693	0.4286409556406549	-0.0154039554560496	1.570670109514653	0.1960550249845111	0.003665350628200112	1.57065752655424	0.007880704787914502	-0.007250702898016907	9.824015054584992e-05	0.003207900962176442	0.0008513884461237028	0.0009912448809023405	0.0001034647415821938	2.02339795469253e-05	-3.032046596916214e-06	-2.353332344791364e-05	5.305509853459181e-05	-6.878523822318813e-06	-7.75779953710668e-06	8.522098736272992e-06	-0.2109498132303077	-0.007867099845418753	0.001073304588692996	0.1071919245990853	0.008541894670703086	-0.01569175451200906	-0.07179672800399396	-0.008481145312077894	0.0007144134447466498	0.01000773197567683	0.01011526221360008	-0.0002499438536850872	0.07044294561866488	0.006113991521717869	0.00608962376041233	-0.1743681019296651	-0.1743681019296651	-0.1846284145248884	-0.1846284145248884	0.01760711796443353	-0.01144071936774863	-0.0001562352201265332	0.004899594567379266	0.002389941469646588	0.0004611326350999197	-0.005037229548144293	-0.007343433317186937	-0.002911549851788653	0.002859304587269994	2.468878280464729e-05	-0.005014510083442517	-0.0020442912621061	3.731474767137459e-05	0.001113237689701317	-0.007237970321953038	-0.0007813656050192824	-0.006192641901640396	-2.438252291074436e-06	-3.547875607813205e-05	0.01212372875445766	-0.02647180250076794	-0.02273918987783291	-0.01207881134204445	0.003343784396901373	-0.03068972990881826	-0.0234053059538596	0.008436771419346699	-0.0001559994828663725	0.007776631990126288	0.003230522449312461	-0.000449293470782976	-0.0001423785630818423	0.05459870626411815	0.02829697717897747	-0.003189797499618801	-0.07268105757081078	0.03561743120637027	0.004615786612078736	-0.0001208314614433141	-0.04262254611219193	0.08452961986309901	0.03497173538971261	-0.02162475432364492	-0.08784642022299301	0.000241229087801199	-0.05331040099017736	4.791620484069406e-06	5.108211407789149e-05	1.542579255530551e-05	-0.0123353266071435	-0.001736957504303529	0.0001628818453217325	-0.0001659045787848866	4.456363918920881e-05	-3.506354841833797e-05	0.000238928591076907	-0.0286312893950849	-0.03399463596541168	-8.182124309829661e-18	3.738105475393647e-18
6	-0.4977858009107273	0.0431622652710484	0.0193582832214046	-0.4028447257582688	0.9873111508364925	0.005786790285987085	0.3443366818145306	0.008110240272417892	-0.0005390978617066436	0.612216129871977	0.01671003056189742	-0.0005495377646696188	0.09555615619417773	0.01091512491441687	0.003896417367970386	0.1679658576911817	0.1679658576911817	0.125995917343226	0.125995917343226	0.4288833343545617	-0.01554445164828259	1.570668589313587	0.1959646006939319	0.003701832984221267	1.570648192832285	0.007751488537007009	-0.007334805853167096	3.421025087082917e-05	0.003263969305033886	0.0008440499596891024	0.0009647706756989076	7.921798333468973e-05	2.125459978140179e-05	-1.011499400859984e-05	-6.530765587050609e-05	1.512395635197626e-05	-7.624449315591752e-05	-8.336517770187911e-06	6.915000296994642e-06	-0.1842806307315862	-0.01005131651534878	-0.00170762223543268	0.1021612586108627	0.001453945241214642	-0.01711190942761423	-0.08564253486091018	-0.008531930753142883	0.0005175862576531474	0.03781031171059409	0.007018727379736868	-0.0009485326094532279	0.07300953684295683	-0.003015566891807054	4.45491375822637e-05	-0.1752081126615416	-0.1752081126615416	-0.09312624548250759	-0.09312624548250759	0.004588672289160301	-0.003582990407772511	-9.683895289374909e-05	-0.01593861271426901	0.001675403325139383	-0.0007710852612467486	-0.006525354895058791	-0.00080688360159441	-0.002696994142875991	0.00252625833920773	-0.0007827160088246594	0.001155785122569384	-0.0001213079127870423	3.485125918649955e-05	-0.001073622201673263	0.001802645637426321	-0.001603680062924346	-0.0002137853249132853	-3.868862754747761e-05	-6.916851494531892e-05	0.01030653779562318	-0.02836841190050154	-0.0192204941898191	-0.01225627048792769	0.002230951536430776	-0.03173234364373061	-0.02584653726242125	0.009369298559419675	-0.0001481079048638768	0.008669749712343652	0.00321514111912926	-0.0004367120592267382	-0.0001418155399262561	0.03969674794954509	0.02702709637713151	-0.003150168600262267	-0.06326519246986755	0.03275116002950734	0.0046880222800584	-0.000125854318200671	-0.02090957295505462	0.07670461413471351	0.03534247692147843	0.01872922782556324	-0.1130202105880165	-7.841417666183106e-05	-0.07945989304141877	6.265076177762662e-06	5.650398931715501e-05	1.553500328595232e-05	-0.01439169983349216	-0.0024177732248062	0.0001856287295124336	-0.0002482170894064208	5.133034057874615e-05	-5.05436257494722e-05	0.0002860415094649819	-0.02869715618609827	-0.03241404808642936	-1.103710388279825e-17	-4.356451903398471e-18
6.021333333333334	-0.5014687313670932	0.04285590926661501	0.01925016934578661	-0.4007140606583489	0.987273189847499	0.005386986042959664	0.3423987225162749	0.007994578541530921	-0.0005032671493213493	0.6131303291904521	0.01676905763440024	-0.0005572439397103018	0.09720522149789405	0.0108815227268357	0.003931411213096011	0.1643148976890391	0.1643148976890391	0.1246134526433734	0.1246134526433734	0.4288142445201849	-0.01563585656160484	1.570661260692209	0.1952656765634186	0.003764359790565639	1.570648737158866	0.007625817713111966	-0.007296464966285516	0	0.003321198631415908	0.0008150040138420654	0.0009818162686151134	0.0001028770721645226	2.071756862691258e-05	-1.881787673237702e-05	-1.143029976715982e-05	3.45940360813549e-05	-1.187704868384623e-05	-8.848388253252326e-06	7.53435229205225e-06	-0.1616706298166987	-0.01995636404328118	-0.009215954512592136	0.09768019488342199	-0.004888544713547632	-0.02073727315880402	-0.09535171087710514	-0.001057084582171238	0.003345699820049932	0.04435247098663207	-0.002566365708292344	0.0006007187123113105	0.08279317684308893	0.002267459228352727	0.005083453708583682	-0.1652736403685026	-0.1652736403685026	-0.04345096886638838	-0.04345096886638838	-0.01159305843716426	-0.006838411969866663	-0.0007007746244081555	-0.05214726542643555	0.00483160868744818	0.00138719968534056	-0.004704845765727252	0.004135676873291395	-0.0001168838347517966	0.002968146792699151	-0.00201038553711129	-0.0009345290097263609	0.002446881901394267	-0.0001087150700441601	0.000961368754192546	0.00172937547735377	0.004599998949230207	0.00634486564264124	3.828724273002452e-06	0.0001732509721408652	0.008489346836788696	-0.03026502130023514	-0.0157017985018053	-0.01243372963381092	0.00111811867596018	-0.03277495737864296	-0.02828776857098291	0.01030182569949265	-0.0001402163268613812	0.009562867434561017	0.003199759788946059	-0.0004241306476705004	-0.0001412525167706699	0.02479478963497202	0.02575721557528555	-0.003110539700905733	-0.05384932736892431	0.02988488885264441	0.004760257948038064	-0.000130877174958028	0.0008034002020826887	0.06887960840632802	0.03571321845324426	0.05908320997477139	-0.13819400095304	-0.0003980574411248611	-0.1056093850926602	7.738531871455918e-06	6.192586455641854e-05	1.564421401659913e-05	-0.01644807305984082	-0.003098588945308871	0.0002083756137031347	-0.0003305296000279549	5.809704196828349e-05	-6.602370308060644e-05	0.0003331544278530569	-0.02885557769690386	-0.0332856262475791	-9.518844781301794e-18	-1.699635261628364e-18
6.042666666666667	-0.5048018398182337	0.04244531692778755	0.01908174920135819	-0.3986811155340129	0.9871299485854456	0.004893753731186085	0.3404037675963929	0.007881483877538285	-0.0004662455131399884	0.6141992495431775	0.01680807340345567	-0.0005616180193714777	0.09924501120080001	0.01080264232992425	0.003959415582052637	0.1609707731569398	0.1609707731569398	0.12401884701156	0.12401884701156	0.4283228679271591	-0.01571680275391476	1.570653117577971	0.193733512330483	0.003836949529679129	1.570660142085588	0.007517796675491535	-0.007290756117108752	5.304912987657731e-06	0.003383516532354739	0.0007920622234845612	0.0009727487028328219	0.0001124655833718652	2.044835834861342e-05	-9.966976706004493e-06	-3.694263088495027e-05	6.212742747484957e-05	7.025198128042813e-06	-9.185713707791066e-06	9.451400133810789e-06	-0.1509141690932745	-0.01946384785920472	-0.007572940601831583	0.09275195010956722	-0.008196419759620604	-0.02553516547200891	-0.09135284157717301	-0.008194027205791495	0.0006897821527160697	0.05522777019911475	0.004928028307917487	-0.0006459402679578534	0.1082442866138513	-0.008445694831488748	-0.001595638466386772	-0.1481152185840819	-0.1481152185840819	-0.01354626204941581	-0.01354626204941581	-0.03410891968855982	-0.0008403709273073524	-8.941511036904154e-05	-0.0873520471943743	0.002359857872843578	-0.0001483597749878643	-0.005383824594164653	-0.001890735737421053	0.0003075743112018	0.00286101134580609	-0.0005142279870916364	-0.0002283373291060643	-0.0008679644184254728	4.61354987527161e-05	-3.533568444973375e-05	-0.002298475325109525	-0.001056615004884768	-0.002485999080955256	-2.835606187380738e-05	5.223156636247362e-06	0.009294627117297742	-0.03305501677797156	-0.01479604904734825	-0.01235996822916968	0.0006152251779388795	-0.0342061737429204	-0.02986710716273389	0.01069698178868439	-0.0001451651852400278	0.009881905697655227	0.003232637878326775	-0.0004246769614080979	-0.0001431828150574383	0.01938612512775271	0.03299070958520479	-0.00383570562095827	-0.05095513835742607	0.02913173657306055	0.005677128372403916	-0.0001338775729944071	0.01118724335153	0.07386798307625561	0.03987264611358207	0.07483537722910498	-0.1344005596148073	-0.0005317712272936122	-0.1052708099174609	1.024786470272538e-05	6.725384913393194e-05	2.317743828018223e-05	-0.01369565877972362	-0.003138177281472635	0.0001704081304542578	-0.0006417566542573866	4.409913113131344e-05	-6.590900616122956e-05	0.0002669838053848576	-0.02923084082864181	-0.03340910479078159	-7.042221568890222e-18	-4.814364007839433e-19
6.064	-0.50791225353067	0.04198589207209278	0.01888441159960674	-0.3967633197646509	0.986938149168447	0.004296124181666939	0.3385147600504609	0.007702631267101294	-0.0004497424246928928	0.6154597895986375	0.01692402137023366	-0.000569237192206052	0.1018154173559573	0.01057308994927085	0.003900126613037406	0.1580005551758721	0.1580005551758721	0.1239820194707776	0.1239820194707776	0.4273744859188784	-0.01567555568887637	1.570656303342435	0.1917153421430467	0.003881524009925451	1.570649644604419	0.007397742078887283	-0.007304187599325404	0	0.003442707592324534	0.0007771139374568483	0.0009587285085789038	9.485702475566741e-05	2.109279597845686e-05	-1.6218388398696e-05	-3.173084933824923e-05	3.05626119243642e-05	-2.891035675355841e-05	-9.755444812680816e-06	7.703911769321402e-06	-0.1407929980631916	-0.02453441249958982	-0.01192696613662669	0.08688494285459888	-0.009440871739659523	-0.0305245141974509	-0.08541914456930289	-0.007221892061329313	0.001422085969962542	0.06231681811799132	0.004646027828198036	0.0002964912273052109	0.1325384692416537	-0.01185803924745463	-0.00310029672627791	-0.1302199012092875	-0.1302199012092875	0.008840727167768634	0.008840727167768634	-0.05443731611732371	0.004617205906536786	0.0003613077538592505	-0.09771032366087463	0.002205178168651243	-0.000666151054516521	-0.005832991920460539	0.002341270805158583	-0.001113394589838805	0.002675005451852017	-0.001260994506193361	-0.001398837928941366	-0.0001028433945626484	-2.306057865579046e-05	-0.0004544729694697161	0.004609761039649863	-0.0009404579517679554	0.001203821733876497	-1.795930544740521e-05	-0.00017029929719488	0.01009990739780679	-0.03584501225570799	-0.01389029959289121	-0.01228620682452844	0.000112331679917579	-0.03563739010719783	-0.03144644575448487	0.01109213787787613	-0.0001501140436186744	0.01020094396074944	0.003265515967707492	-0.0004252232751456953	-0.0001451131133442067	0.0139774606205334	0.04022420359512403	-0.004560871541010807	-0.04806094934592784	0.02837858429347667	0.006593998796769767	-0.0001368779710307862	0.02157108650097732	0.07885635774618319	0.04403207377391988	0.09058754448343855	-0.1306071182765745	-0.0006654850134623632	-0.1049322347422616	1.275719753399485e-05	7.258183371144535e-05	3.071066254376533e-05	-0.01094324449960641	-0.003177765617636398	0.0001324406472053809	-0.0009529837084868184	3.010122029434339e-05	-6.579430924185269e-05	0.0002008131829166582	-0.02936565442072279	-0.03352828555125607	-3.567849419087742e-18	-7.609765995333327e-19
6.085333333333334	-0.5108250467365132	0.04137935857850229	0.01856788451690381	-0.394981128830541	0.9867236753373902	0.003587180765807731	0.3367768005214409	0.007590881681105638	-0.0004102313884940627	0.6169300094259713	0.01698834339884325	-0.0005702012483023452	0.1049157183046812	0.01033116722697085	0.003850387291611954	0.1553836670033022	0.1553836670033022	0.1244892393750613	0.1244892393750613	0.4259880761342244	-0.01556283941184875	1.570654613696285	0.1899566867356022	0.003945955000136084	1.57064940957107	0.007284478763798889	-0.007252761446874183	0	0.003503643689232166	0.0007486646410401274	0.0009576927164595936	9.878090447372239e-05	1.981900151080878e-05	-1.639884545596744e-05	3.417697868516176e-06	3.629379530743125e-05	-1.167857372104971e-05	-1.008426179295382e-05	7.011583856615569e-06	-0.1331619878110356	-0.03145206238193304	-0.01690952877261647	0.08008912321902292	-0.01104975935791695	-0.03595291477095491	-0.07691851737052796	-0.004427775416033064	0.001824919068055092	0.0795788399835906	0.002483117026340965	-0.0003214056986162822	0.1598428298247531	-0.01207922532940238	-0.002473929273735141	-0.1169353708023505	-0.1169353708023505	0.04370171566405795	0.04370171566405795	-0.07619572903631348	0.006634250983679263	-0.0003324741839987443	-0.05374439920062249	0.003415406008771495	0.000366104154051261	-0.004911563494636694	0.002168474778849951	0.0006838685263799016	0.003011522711407823	-0.001189717561521903	0.000580548561270975	0.0002870070047726546	-5.393938754123803e-05	0.000246379838388475	-0.0006876457821053339	0.0008616238121019	0.0003730515914217584	-1.523662768161569e-05	4.183958739580537e-05	0.01183596911048608	-0.0372800517838359	-0.01693667614772272	-0.01325547256120543	-0.001339964110146791	-0.03778937206373741	-0.03128177841029289	0.0107623303755487	-0.0001434283027838928	0.009770987631020163	0.003251252060394732	-0.0004310486525092219	-0.0001450140369069161	0.008104106969016636	0.0471091548842161	-0.005314668919916277	-0.04452110615079673	0.02735394080392827	0.007611152819053538	-0.0001326948103451107	0.02858649394992864	0.0865343089334758	0.04474989599443888	0.08263418384987378	-0.1107789095642844	-0.000608316595161249	-0.08858936861042836	1.400338048167873e-05	7.018761208444972e-05	3.604894194532146e-05	-5.154704162951127e-05	-0.003125373583921135	-2.494874694744745e-05	-0.002141333969279229	-2.546925626494405e-05	-6.504377430567361e-05	-5.818537233863841e-05	-0.02902164997011676	-0.03346793092965008	-9.450432338985285e-19	-2.659987993577232e-18
6.106666666666667	-0.513631404917869	0.04068131512321392	0.01819868958665908	-0.3933507207579376	0.9864503211665731	0.002761536512224314	0.3352583345159654	0.007463658714299033	-0.0003913844742957738	0.6190284888742698	0.01707685642937955	-0.0005801572950711131	0.1087091097270849	0.01000407726913711	0.003755695940392618	0.1529335737727548	0.1529335737727548	0.1260595572828007	0.1260595572828007	0.4240954306920565	-0.01536329726103397	1.570650106594164	0.1899948012315073	0.004009335630360546	1.570653403180632	0.007182800932425533	-0.007224954806981655	1.08429988906204e-05	0.003570080042013165	0.0007355861256096107	0.0009527280693164361	9.926478545604136e-05	2.060122808954969e-05	-1.386299399116827e-05	-3.43210072132365e-05	4.103690441602581e-05	-1.464069243687141e-05	-1.050663281950932e-05	6.777431530938524e-06	-0.1308147145175033	-0.03311347140876477	-0.01686457684367015	0.07265529958836052	-0.01496090359220341	-0.04146521773409533	-0.06484162673700389	-0.008672521512355889	-0.0005151754675881738	0.1212161575834273	0.006913934258828244	-0.0005465078982392838	0.1975157011491346	-0.01984246757874189	-0.007314549519454546	-0.114582875394679	-0.114582875394679	0.1085061649917399	0.1085061649917399	-0.1018969090092436	0.01275713157408365	9.717125651593334e-05	0.07073685477813912	0.002106706919947731	-0.0002697157817410798	-0.004746852822175716	0.0001269415027811339	-9.591252936974591e-05	0.003190654439980241	0.0001800162112632693	-0.00176716808742704	-0.0004253432760378944	0.0001696913944431735	-0.0001998190455256009	-0.002223418862398607	-0.001033089914999751	-0.0006893565550294512	-2.672999728638924e-05	-0.0001273453359109318	0.01357203082316536	-0.03871509131196381	-0.01998305270255423	-0.01422473829788242	-0.00279225990021116	-0.03994135402027699	-0.03111711106610091	0.01043252287322127	-0.0001367425619491113	0.009341031301290884	0.003236988153081972	-0.0004368740298727485	-0.0001449149604696255	0.002230753317499873	0.05399410617330815	-0.006068466298821745	-0.04098126295566563	0.02632929731437987	0.008628306841337308	-0.0001285116496594352	0.03560190139887997	0.09421226012076842	0.04546771821495786	0.07468082321630901	-0.09095070085199425	-0.0005511481768601347	-0.07224650247859511	1.52495634293626e-05	6.77933904574541e-05	4.13872213468776e-05	0.01084015041634739	-0.003072981550205872	-0.0001823381411002758	-0.003329684230071641	-8.103973282423148e-05	-6.429323936949452e-05	-0.000317183927593935	-0.02852523108497844	-0.0336235854648331	7.422397788984494e-19	-6.338136757099663e-18
6.128	-0.5163403941956363	0.03989959924659923	0.01776839819324806	-0.3918680114709691	0.9860718511994185	0.001824850928015429	0.3338812160111521	0.007325957570229111	-0.0003693084758308407	0.6219448210366585	0.0171539822399032	-0.0005730523397895107	0.1133127616299873	0.009589724917736743	0.003627633999290595	0.1503941560473155	0.1503941560473155	0.1290268110353789	0.1290268110353789	0.4216151536251633	-0.01506429624306423	1.570650827564551	0.1934056233668384	0.004065311182729606	1.570649718603824	0.007075040385526912	-0.007159782039377598	0	0.003634451223675171	0.0007185576525335089	0.0009261187840230207	9.326212250899264e-05	2.192601364838781e-05	-1.889513013148648e-05	-2.88851356584881e-05	3.345650693990565e-05	-2.711736753285345e-05	-1.161736235427694e-05	1.142227503892733e-05	-0.1235680916463995	-0.03977677532584514	-0.0227179538721951	0.06674306307350167	-0.02053823359070775	-0.04631237313162597	-0.06527964521223835	-0.004870087000710477	0.002008820773088131	0.1491959359927079	0.0008480523060551303	0.0006837872818325763	0.2356703922841018	-0.01933116524961171	-0.005200627374768818	-0.1245863235412939	-0.1245863235412939	0.1642062770043823	0.1642062770043823	-0.1317065283767722	0.0149062305063225	-7.754517575791483e-06	0.2550919879184682	0.003072487438396008	-5.837456340226741e-05	-0.005119073539987482	0.005180961170658413	-0.0005879471670135303	0.002960932660438082	-0.001399033199876228	-0.0004867795933112325	-0.0001036511606070607	-1.646377595937673e-05	-0.0001642399736238766	0.001625797074796393	0.0001434191800661803	-0.0002502566456103427	-5.373819102294461e-05	0.00034271688703832	0.01554144703628044	-0.04080036213339339	-0.02196544790059093	-0.01617144046205761	-0.003940531842194642	-0.04265026546415435	-0.03240410614671494	0.009959065233502472	-0.0001216171721076892	0.009726852029396781	0.003231886715986199	-0.0004460477337998673	-0.0001449289032525562	-0.01204057188637041	0.04550529468465671	-0.005425542598778512	-0.03784188868748774	0.02639603595916877	0.008061315315778115	-0.0001311368565203581	0.05192994486560005	0.09021613759304815	0.04170364495854494	0.07562091212639023	-0.08344196533869125	-0.0005649824350465369	-0.06736348079429794	1.343504404921331e-05	6.096665809067735e-05	3.972388491710141e-05	0.01690368382786289	-0.002823665630887533	-0.0002698673944600307	-0.003922437884283434	-0.0001113509994491995	-6.017994262595553e-05	-0.0004587193634415772	-0.02850926883416885	-0.03256844535941888	8.761118932148161e-19	-5.10458534521251e-18
6.149333333333334	-0.5189213527800391	0.03900105235509331	0.01726170115121261	-0.3904861904077694	0.9855732732155162	0.0007871070518397391	0.3324297027363287	0.007228854948657579	-0.0003302499154690816	0.6252664361529853	0.01713571484577835	-0.0005735449384726863	0.1188323788394149	0.009165281956745416	0.003512069389323712	0.1475710090488153	0.1475710090488153	0.132832407616509	0.132832407616509	0.4184299804204171	-0.01474299871587917	1.570650706967393	0.2011374681297594	0.0041375051775452	1.570651652318434	0.006974483124194928	-0.007038121020049708	0	0.003701396158495012	0.0006919965432051463	0.0009422275134639862	9.628255842815029e-05	2.113734313523911e-05	-1.627520645489173e-05	-1.219568117861207e-05	3.951842797949799e-05	-1.550177215961547e-05	-1.178985353194938e-05	1.200983086072005e-05	-0.1188118370145815	-0.04406637905481704	-0.02402760640221097	0.06319702861002878	-0.02622103016232625	-0.05093943260598333	-0.07181613642545186	-0.004866410028131887	0.001076939710239277	0.1592114345151078	-0.002029178676967789	-0.001258778582437247	0.2833874486358789	-0.02078846222789421	-0.006142924725535222	-0.1411824947441402	-0.1411824947441402	0.1871008051684687	0.1871008051684687	-0.1679809219329653	0.01484742931302002	1.827429909969834e-05	0.4758327261146976	0.003627185899310226	0.0002569990388128553	-0.004071544800303456	0.005422715101890397	0.000921569417554931	0.00343194379852723	-0.0007136684373861893	0.002237645793921197	0.0004205722426689535	-2.844511230559186e-05	0.0005175615623099939	-0.001168395463167885	0.0002458774458483039	0.001569293801459938	6.122984869128404e-05	-0.0005077160564918163	0.01751086324939551	-0.04288563295482297	-0.02394784309862763	-0.01811814262623281	-0.005088803784178122	-0.04535917690803172	-0.03369110122732897	0.009485607593783672	-0.0001064917822662671	0.01011267275750268	0.003226785278890426	-0.000455221437726986	-0.0001449428460354868	-0.02631189709024069	0.03701648319600528	-0.004782618898735279	-0.03470251441930988	0.02646277460395768	0.007494323790218925	-0.000133762063381281	0.06825798833232014	0.08622001506532791	0.03793957170213202	0.07656100103647144	-0.07593322982538826	-0.0005788166932329388	-0.06248045911000075	1.162052466906403e-05	5.41399257239006e-05	3.80605484873252e-05	0.02296721723937838	-0.002574349711569195	-0.0003573966478197856	-0.004515191538495228	-0.0001416622660741675	-5.606664588241654e-05	-0.0006002547992892195	-0.02839437274693204	-0.03318093463257427	-7.910721066492787e-19	1.823690907729519e-18
6.170666666666667	-0.5213720262841367	0.03805316524663641	0.01675695138900829	-0.389158717216727	0.9849733909448312	-0.0003365888224862512	0.3307957811157054	0.007085396871354881	-0.0003250103628457806	0.6285474534210124	0.01709137404574324	-0.0005720710190787085	0.125334894742476	0.008651139921793999	0.003343430487935456	0.1444342939894206	0.1444342939894206	0.1367636544091989	0.1367636544091989	0.414463512413619	-0.01439864711072396	1.570647585439441	0.2136835389483242	0.004204170505351375	1.570656492902937	0.006891278121360959	-0.006955753340223753	1.489308105432471e-05	0.00377828735364293	0.0006883731011693621	0.0008993322266250743	0.000103231030336354	1.900324589670229e-05	-9.110067139435224e-06	-7.430622490709219e-05	4.519200714728717e-05	-8.598503692770416e-07	-1.124173120150501e-05	-6.337726563140622e-06	-0.1079815592983152	-0.04545529172503568	-0.02435113493956349	0.06155357033814788	-0.02921309926526765	-0.05393613554986575	-0.08256843141748052	-0.007300557177127367	0.0003274263488011202	0.1403535997003624	-0.003858306782130418	0.001111758240454859	0.3205551709150524	-0.02664771496602441	-0.008953600924258022	-0.1494060802986578	-0.1494060802986578	0.1737732046146207	0.1737732046146207	-0.2015343306227842	0.01747279355356771	-0.0001449058316165234	0.6931831642431203	0.002902186236654482	8.568474633059016e-05	-0.0040716939631345	0.003951567746589501	0.0006256374750119396	0.003565932442191008	-0.0002471240908757715	-0.003649318886545832	8.009516758457591e-05	-0.0001148046782395446	5.80649447862678e-05	-0.002355351109402171	0.0001319272894008721	-0.0001476659899178672	-1.479660702255104e-05	-0.0007419887757787865	0.01852767210593535	-0.04639808973243926	-0.02372475154061479	-0.01916797411702376	-0.0008535343924194556	-0.04807803168027746	-0.03172346593016655	0.008175074136375964	-6.388887008089861e-05	0.009744233755323267	0.003283237288449448	-0.0004725449274042492	-0.0001449372955895988	-0.04284932069035874	0.007939030850263446	-0.001677951914613436	-0.03451644011943646	0.0282979605169426	0.004638536139491893	-0.0001392543811802426	0.07937428999824164	0.06667855964729011	0.03009885265533212	0.08011849880986786	-0.08013249753220507	-0.000617476757263466	-0.06768468262938163	4.720981175866526e-06	4.483963061928703e-05	2.086983790063929e-05	0.01742357565342757	-0.001844377918371863	-0.0002723759640522789	-0.003599703145779707	-0.0001100149777638195	-4.174226070615284e-05	-0.0004574287789695721	-0.02929749225497079	-0.03259578024753013	-5.990515402401495e-19	4.642501918077103e-18
6.192	-0.5234023902030599	0.0370335837220457	0.01617755881202613	-0.3878471052823894	0.9843611872073614	-0.001494075475633424	0.328855394583711	0.006972072884219882	-0.000277318316561048	0.6309122287946189	0.01689725757695969	-0.0005382784657137721	0.1322675542870524	0.00806093736439354	0.003160486261050558	0.1413447639918252	0.1413447639918252	0.1399190349267181	0.1399190349267181	0.4099310702319921	-0.01399590310257341	1.570651607484995	0.2304070111851398	0.00427325702355225	1.570650567037765	0.006786132672530381	-0.006799022113963905	3.308823330160334e-05	0.003844553881707461	0.0006549525355984068	0.0008978730030416952	9.326787411642768e-05	1.866340808790674e-05	-1.789826176972996e-05	-1.459500736217182e-05	3.857267769340985e-05	-1.971375493167017e-05	-1.263251310882308e-05	4.211332793893113e-07	-0.07940781340446658	-0.05078773056736256	-0.0310253702876336	0.06171003579395303	-0.02737616767338536	-0.05410731812046917	-0.1005472218664991	-0.002041339074910122	0.005056860990998516	0.07331375691318605	-0.01607064762213514	0.001771093352340151	0.3237134150279471	-0.02791913620749179	-0.007484048990845256	-0.1367588952004561	-0.1367588952004561	0.1143633418712059	0.1143633418712059	-0.2210410008231694	0.02032171709383327	0.0006879843152591496	0.8674641090757128	0.003854172498813423	-0.0007523556182575566	-0.006128461612485669	0.01239429758006785	0.001230248551310742	0.002435881259459548	-0.003507148768808501	0.006122276724127422	-0.001164892894343252	0.0001397667092326531	-0.0009780634951041937	0.01025239465621348	-0.0009065827374329378	-0.001570939919108665	-0.0001205424235989447	0.001846010562232317	0.01954448096247518	-0.04991054651005555	-0.02350165998260196	-0.02021780560781471	0.003381734999339211	-0.05079688645252321	-0.02975583063300414	0.006864540678968256	-2.128595789553012e-05	0.00937579475314386	0.003339689298008469	-0.0004898684170815123	-0.0001449317451437108	-0.05938674429047678	-0.02113842149547839	0.001426715069508407	-0.03433036581956304	0.03013314642992753	0.001782748488764862	-0.0001447466989792043	0.09049059166416316	0.04713710422925231	0.02225813360853221	0.08367599658326429	-0.0843317652390219	-0.0006561368212939931	-0.07288890614876251	-2.178562317330973e-06	3.553933551467346e-05	3.679127313953376e-06	0.01187993406747675	-0.001114406125174531	-0.0001873552802847721	-0.002684214753064186	-7.836768945347145e-05	-2.741787552988913e-05	-0.0003146027586499247	-0.0300398845909174	-0.03317600376181713	1.868413420712249e-18	2.431818153906156e-18
6.213333333333334	-0.5248313584646316	0.03596535261421915	0.01559346153016231	-0.3865457834426226	0.9838276593953171	-0.0026474739366031	0.3267203621534027	0.006843955351302112	-0.0002511696107237022	0.6319366358522958	0.01658984643825482	-0.0004899821384852376	0.1390333612004123	0.007364857542671985	0.002910426731503183	0.1388085999111762	0.1388085999111762	0.1418807135389066	0.1418807135389066	0.4051945480757853	-0.01356486507224342	1.570649300810842	0.250390722358501	0.004357683429918748	1.570652978941143	0.006698035895686428	-0.006698231548079863	0.0001076459814583245	0.00391253477273308	0.0006375707818802823	0.0008948040204555347	9.795761116758945e-05	2.984419225432552e-05	-1.534680612697043e-05	-1.979596001235763e-05	4.221951471897896e-05	-6.99244172420909e-06	-1.362767041861736e-05	4.810166936317733e-05	-0.05107724099628293	-0.04975905750617293	-0.02560805566468835	0.06017604147760203	-0.02220837113452646	-0.05338414953987933	-0.1018824104071004	-0.008391304155721107	-0.0008004659701035677	0.02219942867093164	-0.01494497450385894	0.002476306296953642	0.3023194384207923	-0.03683418757078925	-0.01483665676433331	-0.1001706118054463	-0.1001706118054463	0.07541090664747836	0.07541090664747836	-0.2186240790096102	0.02095474103840507	-0.0004906741395244591	0.9979274686158703	0.003944717281053205	0.0005230745832090895	-0.003045133315124768	0.0005385887491615571	0.00511504136621713	0.003750411249792002	0.0006009532199272495	-0.004217400735017073	0.0008633462898151205	0.0004939828621780827	0.0006554586219459981	-0.005737983018392956	0.0006772088103647299	0.001526814319063244	9.735663904709919e-06	0.001436895607556209	0.02004939693026617	-0.05316552641231943	-0.02310922104637781	-0.01867132236425442	0.006183758827793535	-0.05264953001728149	-0.02838134645962664	0.005482940518458925	6.133354940598132e-06	0.008809953474209745	0.003371452478522707	-0.0005064067663646453	-0.0001452087465577337	-0.07555268168861745	-0.05034680337826165	0.004811441045570938	-0.0310461887763971	0.03063915081057573	-0.0009704479481960245	-0.0001418711312183238	0.1012362092815199	0.02660761770764912	0.01577884206154491	0.09182347224752738	-0.08370411124640442	-0.0007411625391697576	-0.07543853324366051	-1.203470512453901e-05	2.412451783549975e-05	-2.441678880203062e-05	0.005090821280661603	-0.0003821068094064764	-8.256100878990778e-05	-0.001596839418815693	-4.064943974806176e-05	-1.348862361181588e-05	-0.0001418431026897678	-0.03029013989252993	-0.03393361840306451	2.706832656277433e-18	7.255249190114407e-19
6.234666666666667	-0.5254331750937137	0.03489345874195093	0.01500497805715561	-0.3852844089081592	0.9834321342979941	-0.003744507965631207	0.324411543817234	0.00668138792740658	-0.0002344601670766638	0.6318370054387933	0.01616591667557204	-0.0004445856542546823	0.144814024420047	0.006510856167052699	0.00257534357840753	0.1371064819118039	0.1371064819118039	0.1433868870983868	0.1433868870983868	0.4007901547462103	-0.01306485739261253	1.570648317319154	0.2726404458008145	0.004436611966018845	1.570653454615642	0.006617187374882815	-0.006627401440822047	0.0002238313754478461	0.003996596344657517	0.0006261225444355329	0.0008114812108943155	9.847904581735915e-05	2.205685525535522e-05	-1.390232439248831e-05	-4.599690899918655e-05	4.309295127845196e-05	-7.337622416753037e-06	-1.296425062333239e-05	1.107719811094898e-05	-0.001862347858585419	-0.05113111473376781	-0.03143657570727757	0.05796497592175136	-0.01443841316827967	-0.04882315262594711	-0.116839650540917	-0.005271016354075368	0.004171930160657194	-0.03206475600989282	-0.02699426862006534	0.001499233071279592	0.2313561937412218	-0.04272428188540388	-0.01545501369849617	-0.05856707508075274	-0.05856707508075274	0.07165974317978743	0.07165974317978743	-0.1899039233264274	0.02678762171579202	0.0008120326713862254	1.079902759289982	0.003338747161338332	-0.0009338770756571229	-0.00544893760870373	0.009585504583859395	0.005132840348135726	0.003943445093723701	-0.002950881618179586	-0.001401519554784224	-0.001555671244473753	-0.001638494650022548	-0.0010818422990052	0.008283644999653216	-0.001166589031129445	-0.002795923722234118	3.494918000223329e-05	-0.006095083875519098	0.02055431289805714	-0.05642050631458331	-0.02271678211015366	-0.01712483912069412	0.008985782656247859	-0.05450217358203976	-0.02700686228624914	0.004101340357949596	3.355266777672638e-05	0.008244112195275629	0.003403215659036945	-0.0005229451156477783	-0.0001454857479717566	-0.09171861908675812	-0.07955518526104491	0.00819616702163347	-0.02776201173323116	0.03114515519122392	-0.003723644385156911	-0.0001389955634574434	0.1119818268988767	0.006078131186045935	0.009299550514557609	0.09997094791179047	-0.08307645725378694	-0.0008261882570455223	-0.07798816033855852	-2.189084793174704e-05	1.270970015632605e-05	-5.251270491801462e-05	-0.001698291506153544	0.0003501925063615781	2.223326270495649e-05	-0.0005094640845671994	-2.931190042652062e-06	4.406283062573697e-07	3.091655327038902e-05	-0.03062217688512725	-0.03370182346535198	1.440023569803808e-18	-3.289405549723894e-19
6.256	-0.5249500730353851	0.03380720200915909	0.01435409178647479	-0.3840916253502811	0.9832039020922907	-0.004735854472148614	0.3217823828804817	0.00655302428266099	-0.0001721142887978303	0.630889034441663	0.0155375557972317	-0.0003849733345383057	0.1487689307678209	0.005541358429136026	0.002196010135346391	0.1362953432845409	0.1362953432845409	0.1453409127298037	0.1453409127298037	0.3972606242067812	-0.01248615501936596	1.570659106135077	0.2962534099770069	0.004523688752611418	1.57064313699598	0.006515769976604776	-0.006500903796981195	0.0003643533321185279	0.004078931239265072	0.0005840415945047438	0.0008021098450233967	8.060740879935321e-05	6.669636844979748e-06	-2.420247876002975e-05	3.370746497551032e-05	3.525446663109394e-05	-3.777358577641414e-05	-1.376099817209728e-05	-4.484352410065494e-05	0.04626502636186116	-0.05023170618846558	-0.02932904052704481	0.05356004184276309	-0.007467268325239623	-0.04407016350817664	-0.130554848926474	-0.007095371925329918	0.001515749078056011	-0.04892896001155748	-0.03145547569338793	0.003993671267961001	0.137544997374227	-0.04808958583926384	-0.0201096526314422	-0.02049718459841823	-0.02049718459841823	0.1229864408147799	0.1229864408147799	-0.1383959310506633	0.02729824801997289	0.0001421158895419898	1.130002369956577	0.004670111054366032	-3.030955336364964e-05	-0.004007282993669327	0.002833745669081262	0.007756470760113642	0.003785023857346152	-0.0009418944490175205	-0.001182469947802059	-7.553629493698152e-05	0.0001437172440563946	5.145500722023816e-05	-0.000336205310173651	0.0002131771016766205	4.435707448571601e-05	-7.141145276974799e-05	0.0006318249412218327	0.01924696680244617	-0.05812530581900908	-0.0228313363163339	-0.0141867523374477	0.004137378663765671	-0.05471670975862179	-0.03023871210593969	0.004028076117567228	2.315300941916489e-05	0.008926656633807515	0.003348905572501407	-0.0005197820540682388	-0.0001453334520730831	-0.1010300285482117	-0.08968073835855761	0.009504633186952703	-0.02402553274902349	0.03027227150760721	-0.004498145201673558	-0.0001325120337673544	0.1230694305198145	-0.002751183905739843	0.007587998291726776	0.1130732042243974	-0.07971500597939735	-0.0009615879949823341	-0.07861090214988675	-2.849686773010382e-05	5.287154251398139e-06	-7.248885663738482e-05	-0.003121737747081372	0.0004632669281018945	4.678286534768702e-05	-0.0003369396569093783	1.001448071290382e-05	-1.030445651874287e-06	9.945345175734487e-05	-0.02967437923145238	-0.03468144424853262	6.611454649232431e-19	-2.307392109770822e-18
6.277333333333334	-0.5234970945861162	0.03277045251639516	0.01376448445139391	-0.3830119139297613	0.9830918172618744	-0.005622897070966359	0.3188023486994384	0.006364474070986906	-0.0001764974053431799	0.6300855219165727	0.01484340413530819	-0.0002782743738795897	0.1506027697378444	0.004462299766658346	0.001717239741633194	0.136103081465012	0.136103081465012	0.149123109897918	0.149123109897918	0.394995923392343	-0.01190727786135404	1.570651936005351	0.3206913090620446	0.004629274175171553	1.570652293257174	0.006448414147897167	-0.006482597523512526	0.0005426302418152688	0.004158499126053041	0.0005881670688001996	0.0006882644044947561	9.71445236238808e-05	2.596049532204106e-05	-1.44694843970839e-05	-4.006840471425704e-05	4.286353721609954e-05	-1.101377437315879e-06	-1.437987271786269e-05	2.861890325281418e-05	0.08906356379205053	-0.04648981098115218	-0.02569167549478343	0.04736446304440575	-0.003549596735093575	-0.0390446612791037	-0.1497340171932003	-0.01091350700362186	-0.002083913104110015	-0.01852177425613793	-0.0331621545809886	0.005913605659623945	0.03250612707713306	-0.05299561856299828	-0.02477722782212671	-0.0005473743556789751	-0.0005473743556789751	0.2430508247451748	0.2430508247451748	-0.07132613660851721	0.0268040077875435	-0.0008716184831215229	1.157240406994235	0.005073931783297193	0.0008917992546682399	-0.002255665461475924	-0.0005574363885328872	0.008672367194328788	0.003684038110637369	0.001380970653030901	-0.01119596405394568	0.001670149240763786	0.00161257505817467	0.0007962653944779931	-0.006105127843890394	0.000281619271904654	0.003495467374524609	5.16247740334348e-05	0.006034586396206575	0.01793962070683519	-0.05983010532343486	-0.02294589052251414	-0.01124866555420128	-0.0007110253287165173	-0.0549312459352038	-0.03347056192563024	0.00395481187718486	1.27533510616034e-05	0.0096092010723394	0.003294595485965869	-0.0005166189924886992	-0.0001451811561744097	-0.1103414380096653	-0.0998062914560703	0.01081309935227194	-0.02028905376481583	0.02939938782399049	-0.005272646018190206	-0.0001260285040772653	0.1341570341407522	-0.01158049899752562	0.005876446068895941	0.1261754605370043	-0.07635355470500774	-0.001096987732919146	-0.07923364396121499	-3.510288752846061e-05	-2.135391653529768e-06	-9.246500835675503e-05	-0.004545183988009201	0.0005763413498422108	7.133246799041755e-05	-0.0001644152292515571	2.29601514684597e-05	-2.501519610005944e-06	0.0001679903502443007	-0.02908753808399083	-0.03402241144430105	5.483318745981462e-19	-5.547157997109905e-18
6.298666666666667	-0.5211407607222296	0.03176842563491805	0.01313911729248536	-0.3820544795361466	0.9830308088502749	-0.006387292209338091	0.3152480210314859	0.006209539479511901	-0.0001515932617758575	0.6299770785872022	0.01397862427729413	-0.000171595922222667	0.1501309423551681	0.003372372360933619	0.001229200736894669	0.1360857945613172	0.1360857945613172	0.1555914021457055	0.1555914021457055	0.3941978171681538	-0.01133327446667269	1.570646147291979	0.3454324719731826	0.00473464353075689	1.570652393133954	0.006371148955118268	-0.006359759464438432	0.0007075574888994268	0.004246360764554357	0.0005697869190640363	0.000587276058663879	9.696477446514896e-05	1.817744267103717e-05	-1.458397855655358e-05	-4.06786092901135e-05	4.494823927998583e-05	-2.403555870395119e-05	-1.09548933521537e-05	-5.354785751577561e-06	0.1265094245213555	-0.04649833378951197	-0.03117020214653635	0.04266323794385599	-0.00270792389577212	-0.03279253043923204	-0.1800691955349373	-0.00529048322071978	0.003008646840743444	0.009128013960579119	-0.04559520791749383	0.004685035653010005	-0.0699856277483536	-0.05020054897637159	-0.02202348517021758	-0.002860019051453591	-0.00286001905145359	0.3547438481150268	0.3547438481150268	-0.005543334033745662	0.02686889145907159	0.0002041894314965576	1.159606820740102	0.004933702383260061	-0.0004978276128038259	-0.004346228529523303	0.009331366097071789	0.006934393566506063	0.004352410014337077	-0.002077902019173482	-0.001110663224525418	-0.000908214047015145	-0.001304077907761836	-0.0004425124626092837	0.003322963688799993	-3.381593970024047e-05	-0.002957601186519239	0.0001476772894065363	-0.005156367396935296	0.01368176468107486	-0.05914924544932566	-0.02068807250223527	-0.008673646745474124	0.001660756143744858	-0.05358581805070155	-0.0362599490433405	0.003872329857808209	9.579872556931709e-06	0.01045132357412367	0.003263492339803456	-0.0005189078479128302	-0.0001451398846350191	-0.1204861045433611	-0.1050543379399581	0.01182645509290589	-0.02014561482894278	0.02942575111984914	-0.005855062919128178	-0.0001305976893681196	0.1473168966860761	-0.01595330027712695	0.004660267380479949	0.1397425559675676	-0.07988160481244416	-0.001234144648696636	-0.08462061094882189	-3.476135129167145e-05	-2.662095619598883e-06	-8.820038004554519e-05	-0.001329761890198932	0.0008887572527663118	3.025257232799887e-05	-0.000464740276185202	2.134694142269869e-05	-8.68151303486446e-07	0.0001644778833314706	-0.02860806352457823	-0.03363035554087194	-2.034772769359848e-20	-4.049518733989848e-18
6.32	-0.5183269137607125	0.03082713695706943	0.01250991768274626	-0.3811801714431164	0.9829533252751359	-0.007029517996202298	0.3112651032853572	0.006067114903230975	-0.0001082897416443905	0.6305079567237625	0.01299681389628277	-5.288462997314246e-05	0.147904900455981	0.002277082818218992	0.0007328966389846734	0.1359048194815585	0.1359048194815585	0.1638915844683776	0.1638915844683776	0.3946720686229238	-0.01076684170330346	1.570655325968379	0.3700553634857346	0.004845293778955738	1.570647462561962	0.006290355024803802	-0.006201457138769517	0.000844677171445176	0.004335643852658398	0.0005432947766380349	0.0005197467263570835	9.16222891861041e-05	1.461459361249948e-05	-1.779858107080299e-05	-1.455347297255544e-05	4.365485770739904e-05	-1.260667897403242e-05	-1.327533779258107e-05	-1.802067236328243e-05	0.1319554166949294	-0.04079560439098169	-0.02605096776014808	0.03957137236461114	-0.005094143316923052	-0.02759128457527315	-0.1899143370222288	-0.009740693079177099	-0.0003589715512214439	0.04141461317487856	-0.04413376611198679	0.007041684465180369	-0.1319514838457559	-0.05349831890580133	-0.02555208030695201	-0.01589314086166288	-0.01589314086166288	0.4147905192656111	0.4147905192656111	0.04795739579391709	0.02609426110203306	0.0005315743079208184	1.146152463376808	0.005569015465813793	0.0004201946823094209	-0.002586484605435386	0.002767338604731536	0.006065408018852937	0.003817299010892892	0.000620471338358576	-0.00805918153606301	0.00118614272948444	0.002008219144968379	0.000505630236217392	-0.003598689635132769	-3.507606901469927e-05	0.006717004342951573	-0.0004870087077918516	0.008032192870520982	0.009423908655314532	-0.05846838557521646	-0.01843025448195641	-0.006098627936746966	0.004032537616206233	-0.0522403901661993	-0.03904933616105076	0.003789847838431558	6.406394052260016e-06	0.01129344607590794	0.003232389193641044	-0.0005211967033369612	-0.0001450986130956285	-0.130630771077057	-0.110302384423846	0.01283981083353984	-0.02000217589306973	0.0294521144157078	-0.006437479820066148	-0.0001351668746589738	0.1604767592314	-0.02032610155672827	0.003444088692063955	0.153309651398131	-0.08340965491988059	-0.001371301564474127	-0.0900075779364288	-3.441981505488229e-05	-3.188799585667999e-06	-8.393575173433535e-05	0.001885660207611336	0.001201173155690413	-1.082732333441982e-05	-0.0007650653231188469	1.973373137693768e-05	7.652170030330522e-07	0.0001609654164186406	-0.02834047115102282	-0.03325811666152131	-1.246670101347111e-18	4.282409926513922e-18
6.341333333333334	-0.515647557956717	0.0299880933212971	0.01196292727157651	-0.3803371410014556	0.9828048549057441	-0.007554378097077596	0.3072235411377885	0.005868216974877818	-0.0001067321494318357	0.6316134710502614	0.01200634361980729	7.538463398973126e-05	0.1447520472675811	0.001139752538551445	0.0001881730179503553	0.1353643143547826	0.1353643143547826	0.1729173626886756	0.1729173626886756	0.3960651040376646	-0.01021684417349166	1.570653618241826	0.3941585282113878	0.004965874795459113	1.570654145476981	0.006227990326291327	-0.006093380577805758	0.0009861578503109554	0.004419468462080359	0.0005438094475800996	0.0003712199116497372	9.449719116393365e-05	4.427808123732101e-05	-1.431193335158213e-05	-5.84149227168861e-05	3.440095922101284e-05	5.994232766955302e-06	-1.765269274432695e-05	0.000101354279020419	0.1151809763470804	-0.03825764823211453	-0.02561939729755765	0.04023901855732059	-0.008742083107500338	-0.0214988269465806	-0.1849000588229168	-0.008432110438204233	0.0008248808017668577	0.05945448695091871	-0.04921203286983981	0.005617499324569028	-0.1558432175362628	-0.05262368899524913	-0.02519197876212961	-0.03366559555752714	-0.03366559555752714	0.4205137501332666	0.4205137501332666	0.07865488211050721	0.02572093189354777	-0.0003888141692894834	1.110113906660234	0.005771728287566487	0.000115982712888248	-0.003254609254732829	0.007002907307550681	0.007018603757081137	0.004280775953386832	-0.0006483254019967979	-0.005523588123847846	-0.0004610112344974629	0.0004421882862618065	-8.52182683867415e-05	-0.000343731214304117	-0.0004215278333700102	-0.002569715758449693	4.26808366853613e-05	0.001796805562601943	0.006662570774377061	-0.05654080225194482	-0.01545105114413743	-0.0032514083870347	0.006398350107327942	-0.04983416731544093	-0.03807393035181864	0.003141561340012722	1.653992378061884e-05	0.01122538267936826	0.003284026154237768	-0.0005389466825084814	-0.000145914980802837	-0.1430197879147668	-0.1169469477961366	0.01428563619601511	-0.02002128735094012	0.02971903712781843	-0.007159257311267899	-0.00014105898898634	0.1713319691148597	-0.022051136838345	0.002060039337550607	0.1596715970037589	-0.08922681042511253	-0.001444878403998218	-0.09561389069112772	-3.217209083827806e-05	-1.463938962104454e-06	-7.303450323764151e-05	0.002872689041897926	0.001526241761051421	-2.334012086249238e-05	-0.0006737057142935277	1.296679179952343e-05	7.516924670412448e-06	0.0001275406644963135	-0.02896133690778468	-0.03268776830967976	-1.389183074455733e-18	3.735876948515241e-18
6.362666666666667	-0.5135854625494265	0.02917804639700313	0.01140018280026738	-0.3794301850719781	0.9825838655460075	-0.007941872300687621	0.3035502018097946	0.005727563621205291	-5.944640159595334e-05	0.6329263724663736	0.01087622750984693	0.0002138434603862774	0.1415877620024011	5.325420264710604e-05	-0.0003281464910097143	0.1345159351576553	0.1345159351576553	0.1813700404205568	0.1813700404205568	0.3978579924579309	-0.009658623827281207	1.570651658569281	0.417274929722205	0.00509310185335596	1.570648556399831	0.006151730485951259	-0.005918108845245023	0.001136466052057369	0.004528509720790989	0.0005123857690026821	0.0002986493864127687	9.139181238900502e-05	1.937806039287093e-05	-1.744357410474641e-05	-2.198349538151453e-05	4.3203497594076e-05	-1.970055202642375e-05	-1.290285812089893e-05	5.138259195032443e-07	0.07408725450383925	-0.0380771626898857	-0.02752791089821479	0.04556438684742507	-0.01189279866176033	-0.01471323170665378	-0.1553934476870991	-0.004280264202867968	0.003928043038465534	0.06085715282613861	-0.05722556300119536	0.007996955943337165	-0.1330232410438717	-0.04873282417800053	-0.0228891947999912	-0.04475633495711408	-0.04475633495711408	0.3610623484765456	0.3610623484765456	0.08544361506193345	0.02686515013940673	0.000507954371166183	1.053643411985948	0.006192081846451658	-0.0007303045836018546	-0.003889154151772189	0.009066885941947959	0.006892988288912399	0.00618135988170557	-0.002373748929092893	-0.0009382793982150537	0.0006254914089133545	-0.003107109774025866	-0.0001148343080687186	0.003928767591089359	0.001657714886558688	0.002564282792854662	0.0003686653148807076	-0.012613001299912	0.003901232893439592	-0.05461321892867319	-0.01247184780631846	-0.0004041888373224325	0.008764162598449652	-0.04742794446468256	-0.03709852454258653	0.002493274841593886	2.667345350897766e-05	0.01115731928282857	0.003335663114834491	-0.0005566966616800017	-0.0001467313485100455	-0.1554088047524766	-0.1235915111684273	0.01573146155849037	-0.02004039880881052	0.02998595983992906	-0.00788103480246965	-0.0001469511033137062	0.1821871789983193	-0.02377617211996173	0.0006759899830372593	0.166033542609387	-0.09504396593034446	-0.001518455243522309	-0.1012202034458266	-2.992436662167382e-05	2.609216614590899e-07	-6.213325474094764e-05	0.003859717876184517	0.001851310366412428	-3.585291839056494e-05	-0.0005823461054682087	6.199852222109177e-06	1.426863233779184e-05	9.411591257398647e-05	-0.02962447148597515	-0.03280842180957454	1.215725295378775e-19	-1.035407208821476e-17
6.384	-0.5126440244304176	0.02844489841822564	0.01088864491301897	-0.3783867678777734	0.9823098259280347	-0.00818682900302712	0.300828920575246	0.005561550307908519	-1.966690789964203e-05	0.6344059119141441	0.009710511168879202	0.0003710881607019438	0.1393001949959328	-0.00105518068017612	-0.0008691416471087065	0.133586597226179	0.133586597226179	0.1883611775318054	0.1883611775318054	0.399608237640324	-0.009051822437395487	1.570657388946833	0.4390949865208673	0.005228833788045461	1.570644415237023	0.006082327352482408	-0.005808757565954294	0.001319204932058412	0.004641774308897894	0.0004885631992723305	0.00020602633316604	9.378551972562663e-05	3.401934658379058e-06	-1.701095360682545e-05	-2.133200065248899e-05	4.727609426161627e-05	4.404490873927506e-06	-1.208632933054816e-05	-6.574004651076086e-05	0.0159953397011844	-0.03126113073552706	-0.02134189738179659	0.05233682807118258	-0.01352147393113549	-0.008194182706648109	-0.1000136345841765	-0.01019141929159767	0.0004932160626105477	0.07700335495018827	-0.05325662351624021	0.006922695787688267	-0.08384222248534093	-0.05391462931993433	-0.02707178259359426	-0.04025570490119687	-0.04025570490119687	0.2965787800181796	0.2965787800181796	0.07913027538472535	0.0298584595796357	4.282114381280128e-05	0.9913801729952818	0.00652121733004968	0.0001673158102005276	-0.002842997042806254	0.00278001355039227	0.009868251226137994	0.004682695575529441	-0.0002916085059037879	-0.006729659700601086	-0.0002117290958892346	0.0008789695873792464	7.659890247553723e-05	-0.0020603113727901	-0.0006777787466577007	-4.405446764704659e-05	-0.0001551781771654677	0.00348352365061304	0.00159492202158899	-0.05202731770322036	-0.01092000786297361	0.003186717765154761	0.004888821930923997	-0.04357668353989401	-0.0349502921821699	0.002795155216881405	2.655895061870861e-05	0.01060954472091617	0.003355925185170008	-0.0005463172501590324	-0.0001464331979434537	-0.1545221393178424	-0.1210933889460657	0.01585470161145943	-0.02265702129230214	0.03038421149769322	-0.007662793640651008	-0.0001461610162376007	0.1763079918684528	-0.0193111538511252	0.001679179629218	0.1630993967783277	-0.09560240473103129	-0.001518099458086948	-0.1008796304240728	-3.005523660507137e-05	5.445239875807517e-08	-6.131224508063448e-05	0.00215589755515398	0.001689801777469087	-1.228223990442648e-05	-0.0003696228990748612	3.422589652523054e-06	1.333700093949685e-05	8.503063824769121e-05	-0.02997075321139328	-0.03333670930424353	8.577821802461059e-19	-1.290070749208795e-17
6.405333333333334	-0.5128252231787975	0.02781839621457959	0.01045063490769048	-0.3771936973478995	0.9820187654995396	-0.008289046968447513	0.2992707094954892	0.005339324488853662	-8.88010273056598e-06	0.6361757394849569	0.008552903645614248	0.0005168048199220772	0.1379078354249867	-0.002192988466289174	-0.001450896959400128	0.1328885297738215	0.1328885297738215	0.1941188747387805	0.1941188747387805	0.4012550561371641	-0.008391661096747093	1.570654063849849	0.4595479295345558	0.005370846818877476	1.570648239004632	0.006020803361698249	-0.005731432339251342	0.001541702137010586	0.004738779412427998	0.0004815121677790004	5.484405062453962e-05	9.043706697360723e-05	2.571795109542966e-05	-1.753721356278304e-05	-3.277529422255934e-05	3.980515970229537e-05	-1.047063903857628e-05	-1.368112429884501e-05	2.463527836328999e-05	-0.03115995181388248	-0.02807912127131393	-0.02063467196822309	0.05959438706640394	-0.01348849964824532	-0.001331475120487908	-0.04635562067538194	-0.009550186617688373	0.001209978489037269	0.08807166436137388	-0.05646536134156	0.00691620209063097	-0.049097543963663	-0.05148653386142183	-0.0267104594430314	-0.02307472753971956	-0.02307472753971956	0.2454273574509157	0.2454273574509157	0.07574736329132578	0.03186764552340764	-0.0003409963666621654	0.9254764946446535	0.006780934609812312	1.640764293826497e-05	-0.003150484525082091	0.006064443511843997	0.01062033125308095	0.004657033202630616	-0.0008014172193721386	-0.006428207144599812	8.71639006032704e-05	0.0004827785545561874	-0.0002047293506198321	0.002794881188049137	0.0005755088340404702	-0.001090108408350445	0.0001426037125074974	0.002070985947367304	-0.0007113888502616134	-0.04944141647776752	-0.009368167919628766	0.006777624367631956	0.001013481263398341	-0.03972542261510547	-0.03280205982175328	0.003097035592168925	2.644444772843956e-05	0.01006177015900376	0.003376187255505525	-0.0005359378386380633	-0.0001461350473768619	-0.1536354738832082	-0.118595266723704	0.01597794166442848	-0.02527364377579375	0.03078246315545738	-0.007444552478832365	-0.0001453709291614951	0.1704288047385862	-0.01484613558228866	0.002682369275398741	0.1601652509472684	-0.09616084353171812	-0.001517743672651587	-0.1005390574023191	-3.018610658846893e-05	-1.520168639429396e-07	-6.049123542032134e-05	0.0004520772341234434	0.001528293188525745	1.128843858171198e-05	-0.0001568996926815137	6.45327082936932e-07	1.240536954120185e-05	7.594536392139595e-05	-0.03034851483878161	-0.03286273540418255	3.438474853006027e-19	3.183970336019685e-18
6.426666666666668	-0.5139151932191678	0.02724287942513098	0.01001381144132121	-0.3758457029851423	0.9817341291027913	-0.008246005248183955	0.2988256639876042	0.005156687814651066	2.32537561479059e-05	0.6382041726236237	0.007305205731452047	0.0006789147412325908	0.137105043464448	-0.00323074215001406	-0.002003051161642569	0.1326433831459662	0.1326433831459662	0.1990018781462958	0.1990018781462958	0.4028761370733963	-0.007718718446723466	1.570648915230972	0.4785570841484233	0.005525060565739097	1.570649217902146	0.005960567877563915	-0.005617086019205735	0.001810481198994797	0.004849002016258147	0.0004638982116393293	-5.677084645778373e-05	9.224828050401253e-05	2.351114990030416e-05	-1.558293277056385e-05	-2.079735999131284e-05	4.402240411740319e-05	-2.15253881279708e-05	-1.192276055642392e-05	1.69803622700637e-05	-0.0692241975038963	-0.02531685984563878	-0.01992669771595195	0.06673545036144873	-0.01335036187256028	0.005384184305444789	0.00250426523188719	-0.008183478152155609	0.001619111697428582	0.1035603048586996	-0.05987866930848394	0.008115808715047223	-0.02906867023307502	-0.04662307314710498	-0.02555975460800083	-0.0006442814304540549	-0.0006442814304540548	0.2179641082659861	0.2179641082659861	0.07701162588198776	0.03196116148549207	-6.331852983538507e-05	0.8555646738126317	0.00744736946298637	6.904497328721357e-06	-0.002667273084366532	0.004819936688319178	0.01402188532198202	0.005473529138941726	-0.0008545786174484105	-0.004898088852944627	5.880253117359916e-05	-0.0004114775176261355	0.0001916433879972538	-0.0008610760216468693	-7.095978241995601e-05	6.902721414220523e-05	2.399266682266065e-05	-0.001686012067689314	-0.006098164305604691	-0.04474805844674729	-0.006425151162909902	0.01129440930319606	0.0007496408745615343	-0.03446300208006579	-0.03259843697734834	0.002963766722539003	2.926355649956228e-05	0.009936773907712406	0.003345487913249354	-0.0005327626553558275	-0.00014504955664224	-0.1470069381434608	-0.1116024526198663	0.01529265596893175	-0.0268453597096339	0.030302446333294	-0.006862465175356773	-0.000141174401516161	0.1590010665271375	-0.007103973052076277	0.006025318057738253	0.1558678147114241	-0.09246849355102442	-0.001510535432791888	-0.09652701038221816	-2.916280735816998e-05	1.887749969316268e-06	-5.809054985825015e-05	-0.001081387730326984	0.001550585551338493	3.455512086317174e-05	7.293557743160964e-05	5.834203361171306e-06	1.418256645672197e-05	0.0001003068963552627	-0.02995939853315854	-0.03330453261389436	6.999834668861363e-19	9.321048208207637e-18
6.448	-0.5157019658150414	0.02676204882463677	0.009617104564095499	-0.3743482225199178	0.9814425708884152	-0.008058573060577938	0.2992867490113337	0.004964073087658737	5.237440880170787e-05	0.6406568772909838	0.006024860104032579	0.000856005434230968	0.136543648198136	-0.004217234751363215	-0.002563025479882422	0.1328296158948162	0.1328296158948162	0.2036580322653226	0.2036580322653226	0.4045742786345946	-0.006996393041080907	1.570654705965831	0.4960064936826012	0.005678820568957816	1.57064561265778	0.005899717321966148	-0.005518766765525196	0.002116254236680984	0.004963663566942667	0.0004448501489555429	-0.0001909367813336962	9.192902193787264e-05	2.003095936623215e-05	-1.773588658234036e-05	-3.491725430464861e-05	4.143599086108781e-05	-6.872612497148747e-06	-1.258277996600917e-05	-2.560199522876461e-07	-0.09648519139232727	-0.01920229105684082	-0.01687374173601429	0.07360870917271684	-0.01413742005086396	0.01220513119286788	0.03859411666347546	-0.01048562906672581	0.0009274904054744631	0.1278471201763496	-0.0595260844594287	0.008320649436368193	-0.02646660387991349	-0.046680807388697	-0.02744359531778874	0.01736708902641636	0.01736708902641636	0.2241602366551325	0.2241602366551325	0.08297179688188355	0.03649727886268259	0.0006845680460424105	0.7792503934237481	0.006738396143290258	-0.0004133556583113399	-0.003208147474778665	0.00456190604011875	0.01408851647514122	0.005073184470228025	-0.0009358647078829544	-0.00854236693774881	-0.0001125678584478419	0.0003633983040299501	-0.0005897825947444307	0.0003482097619945346	-6.233407265545815e-05	0.001319972034169874	-8.411970799309953e-05	0.001172723497761824	-0.01148493976094777	-0.04005470041572706	-0.00348213440619104	0.01581119423876017	0.0004858004857247276	-0.02920058154502611	-0.0323948141329434	0.002830497852909081	3.208266527068499e-05	0.00981177765642105	0.003314788570993184	-0.0005295874720735917	-0.0001439640659076182	-0.1403784024037135	-0.1046096385160286	0.01460737027343502	-0.02841707564347404	0.02982242951113062	-0.00628037787188118	-0.0001369778738708268	0.1475733283156889	0.0006381894781361043	0.009368266840077766	0.1515703784755797	-0.08877614357033072	-0.001503327192932189	-0.09251496336211723	-2.813950812787102e-05	3.927516802575475e-06	-5.568986429617895e-05	-0.002614852694777412	0.001572877914151241	5.78218031446315e-05	0.000302770847544733	1.102307963940568e-05	1.595976337224209e-05	0.0001246684287891295	-0.02968972798425376	-0.03275133158215877	2.543149331997248e-18	-1.543226571538053e-18
6.469333333333334	-0.5179718289508635	0.02638743512844883	0.009267918420386366	-0.3727019851080997	0.9811184480742304	-0.007729873400184972	0.3003625641946172	0.0047504545054865	7.635035162411566e-05	0.6436872188186751	0.004724541735904586	0.001017976778719997	0.1358973807053114	-0.00515478668934938	-0.003122096004324444	0.133318510954102	0.133318510954102	0.2087331071767708	0.2087331071767708	0.4064204675075784	-0.006229442431035936	1.57066295504286	0.5117061399603869	0.005840511070497614	1.570644859290212	0.005844890778768726	-0.00539728824678725	0.002478663147833337	0.005079363289497218	0.0004302005094368815	-0.0003301516442601342	8.420947705025484e-05	2.247081325012699e-05	-1.889233726199238e-05	-1.587061972791904e-05	3.920985849880394e-05	-6.487976796736334e-06	-1.15701321272237e-05	6.630625271996375e-06	-0.1156289360650473	-0.01580807403775665	-0.01583697533757104	0.08099744290835172	-0.01632116589323101	0.01853578055768253	0.05941777980639002	-0.009647382857693412	0.001297435821073568	0.1571612208670715	-0.06203982272696986	0.007571936378322464	-0.03372224160975613	-0.04152329016051744	-0.02531693239007135	0.02587029895547068	0.02587029895547068	0.2546711363487767	0.2546711363487767	0.08910028318139003	0.03596411045638413	9.197345361711166e-05	0.6886453380438448	0.008157237008878373	0.0001809150315892408	-0.002188769536803498	0.006207879573369986	0.01930577019564928	0.005663884395209075	-0.0005665077264380398	-0.005416479410620883	-0.0003363597713140749	-5.195191244678297e-05	0.0002718821030030132	0.0007871596932498072	-5.893188528643243e-05	-0.0007057265340840623	0.0001168014885055395	-0.0002242021436543716	-0.01654589464075106	-0.0348082053254354	0.0004106718343598647	0.02106651071182108	0.0004752911643816362	-0.02253940782239059	-0.03430461435911164	0.002942523206500332	2.361846779910887e-05	0.01036750719111948	0.003297188621440093	-0.0005336934796889762	-0.0001442615444455738	-0.1252333095682756	-0.0859567830050198	0.01219128874870173	-0.03280575690897366	0.02980881843747535	-0.00462312725568554	-0.0001346600851116433	0.1306082508910192	0.01864330035719156	0.01792828353028191	0.1428387330681793	-0.08039628687551985	-0.001459025409978052	-0.08347602646247232	-2.58574702056636e-05	6.413357023150397e-06	-4.866882855627014e-05	-0.004651916647846091	0.001459202638806347	8.875384586082952e-05	0.0005056800175710295	2.063095406048009e-05	1.40256751442741e-05	0.000171383796866332	-0.02931058590604136	-0.03288511879339977	3.116498336226191e-18	-5.65386163039792e-18
6.490666666666668	-0.5206062173153769	0.02609225020640804	0.008942480929389329	-0.3708807521143085	0.9807431260667625	-0.0072708994969985	0.3017004877993204	0.004547917238977528	0.0001067580848772672	0.6474014124883998	0.003392289100240716	0.001209273003176761	0.135121845119859	-0.006002062208367196	-0.00365804834629279	0.133822630300334	0.133822630300334	0.2146538396852449	0.2146538396852449	0.4083328773077647	-0.005438040824174821	1.570658766295721	0.525220327537281	0.006015647689669973	1.570646427702656	0.005795367535358044	-0.005280300459170995	0.00291515435170637	0.005200638682512047	0.0004151764868378018	-0.0004607578953448881	8.930160570910102e-05	2.134330827380531e-05	-1.50735351165709e-05	-2.907588227581535e-05	4.265207899914803e-05	-1.231434608272383e-05	-1.025541850971718e-05	3.101685463241526e-06	-0.1306594315821573	-0.0117558434805451	-0.0146473055442553	0.09001454498267736	-0.01893734442114153	0.02441834145475877	0.06316678117158567	-0.009446755723294686	0.001530470758356679	0.1919582584919888	-0.06251992204091712	0.01106985693334338	-0.03858548756376328	-0.0382173931104143	-0.0252762657108816	0.0187943659276271	0.0187943659276271	0.3034406363763043	0.3034406363763043	0.08918000880710802	0.03878955981419592	-0.0004814779697046011	0.5743636402151588	0.007998969671342678	-0.0001956887823339376	-0.002710963119771811	0.004140899997460252	0.02103373141770484	0.005595903575879226	-0.0009709631216721671	-0.007735309577590942	0.001088526536533137	2.895841088465454e-05	-0.0001233526423937972	-0.002675405593439098	0.0004690740082159041	0.0007376903166948912	-5.580104123800124e-05	0.0001962624009144448	-0.02160684952055436	-0.02956171023514374	0.004303478074910769	0.026321827184882	0.0004647818430385447	-0.01587823409975508	-0.03621441458527989	0.003054548560091582	1.515427032753275e-05	0.01092323672581792	0.003279588671887001	-0.0005377994873043606	-0.0001445590229835293	-0.1100882167328377	-0.06730392749401103	0.009775207223968439	-0.03719443817447327	0.02979520736382008	-0.002965876639489899	-0.0001323422963524599	0.1136431734663495	0.03664841123624701	0.02648830022048605	0.1341070876607789	-0.072016430180709	-0.001414723627023915	-0.07443708956282742	-2.357543228345618e-05	8.899197243725321e-06	-4.164779281636134e-05	-0.006688980600914769	0.001345527363461453	0.0001196858885770275	0.000708589187597326	3.02388284815545e-05	1.209158691630611e-05	0.0002180991649435345	-0.02922627302521888	-0.03267343678733901	1.389801705649569e-18	2.468511107064457e-18
6.512	-0.523544182734649	0.0258915592782272	0.008638584195290963	-0.3688553050959245	0.9803185826364843	-0.006695287609977026	0.3030086106184576	0.004335860631298283	0.0001453108101714078	0.6518865684065654	0.002070641442625318	0.001402461718037556	0.1343028967859916	-0.006803339867544288	-0.004196140507661842	0.1340751534063767	0.1340751534063767	0.221707732678733	0.221707732678733	0.4101804227048795	-0.004571973932968111	1.570662699299733	0.5360540943401114	0.006178169129757713	1.570637964362642	0.005730189370211957	-0.005153995215023043	0.003375269343190523	0.005319457569668005	0.0003868556722868617	-0.0005927254415324989	9.615857469535094e-05	2.138880972799472e-05	-2.635097697145442e-05	-4.693352156909131e-05	3.62254234812318e-05	-3.296477404635003e-06	-1.383047407265444e-05	4.708458172212778e-06	-0.1440341301194417	-0.007625522204036232	-0.01373491010607215	0.1000072729721848	-0.02042726261900933	0.02918326338178611	0.05796625454672491	-0.01028319233085298	0.001722993335638053	0.2247110008617628	-0.06109349322539088	0.00767022006659179	-0.03757707162822322	-0.03639265027938213	-0.02491152069280397	0.004470536267973372	0.004470536267973372	0.3523776002442737	0.3523776002442737	0.08336171319938841	0.04129577474185107	0.000569543033502532	0.4381128732762538	0.007697391982551835	-0.0003328635368413545	-0.002881568044730341	0.007420244632289926	0.02266032441431942	0.00566603942357742	-0.001244863865294378	-0.005605551409304636	-0.0002343591674699697	8.006355958640197e-06	-0.0005023885051499661	0.000607635659222951	-0.0005716321481420833	0.0001005116947177051	-0.0001505545265697695	5.05819385847884e-05	-0.02756296106140904	-0.02412362453476624	0.0103349876190715	0.03100141602453445	0.0006557677861901554	-0.008383470398713204	-0.03766154121417153	0.003565699363419407	9.554285882837653e-06	0.01142745192484381	0.003313602050712393	-0.0005442420392942757	-0.0001464040310879087	-0.08194111204694719	-0.03407039240866176	0.004782233234539504	-0.04780261734277912	0.03135503043653663	-5.968255007920205e-05	-0.0001368211992419207	0.0838772256103264	0.06670406015380009	0.04158871183526566	0.1203234930969811	-0.06263221329720076	-0.00130838484586695	-0.06271802580804656	-2.241328777548583e-05	1.075183330606515e-05	-4.092729537630024e-05	-0.008474056244124294	0.001059674568153797	0.0001445788686357925	0.0008254295587626028	3.797763303176231e-05	7.91108887366746e-06	0.0002589890079283623	-0.02939561659700514	-0.03296692710187568	4.775107245270466e-20	6.77303812251643e-18
6.533333333333333	-0.5267200704893191	0.02574272003588376	0.008361070500176463	-0.3666079656416247	0.979890180015751	-0.006041192667769041	0.3041095662407463	0.004115583013267852	0.0001648760340316977	0.6568263465849317	0.0007980516350567032	0.001563357485238703	0.1335447475403332	-0.007533066501543652	-0.004709916803600049	0.1339959165839422	0.1339959165839422	0.229454623417525	0.229454623417525	0.41186124228809	-0.003723381058958155	1.570671092225158	0.5437770741613781	0.006363695417807362	1.570643527319522	0.005694518629681817	-0.004975648827249113	0.003905814609613678	0.005447623717270983	0.0003808036020117671	-0.0007412679728322986	8.831887969874368e-05	2.30800703632635e-05	-1.80972995453013e-05	-1.994438750241953e-05	3.959324877990118e-05	-8.334036000187335e-06	-1.118336028474279e-05	9.36478249227443e-06	-0.1529646505257251	-0.00689474793328808	-0.01217389563951762	0.1108169608497666	-0.01929914352630821	0.03177612787849423	0.04374485646704108	-0.01021747544371823	-0.0002496075010668755	0.2345790953857825	-0.05792074859903101	0.008042393090251426	-0.03288557304417446	-0.03150948450000213	-0.02299665332673988	-0.01230812736711755	-0.01230812736711755	0.3684091749985534	0.3684091749985534	0.07354946375359404	0.03715137070200013	-6.336033724326854e-05	0.2827273606935544	0.01015567416777171	0.00111927655147629	5.535793797339099e-05	0.009019757212395939	0.02763656969323643	0.006472209242787452	0.001116731654188419	-0.009289214431858697	-0.0002892857118597619	0.0001832483341108496	0.001707689790203437	0.001528979409056116	0.001387306584770829	-0.0005800059902090023	0.000527527335404099	0.0004821578644541774	-0.03351907260226373	-0.01868553883438875	0.01636649716323223	0.0356810048641869	0.0008467537293417662	-0.0008887066976713328	-0.03910866784306319	0.004076850166747231	3.954301438142562e-06	0.01193166712386969	0.003347615429537785	-0.0005506845912841907	-0.0001482490391922882	-0.05379400736105668	-0.0008368573233124889	-0.0002107407548894313	-0.05841079651108498	0.03291485350925318	0.002846511539331495	-0.0001413001021313815	0.05411127775430329	0.09675970907135319	0.05668912345004526	0.1065398985331833	-0.05324799641369252	-0.001202046064709985	-0.05099896205326569	-2.125114326751548e-05	1.260446936840499e-05	-4.020679793623914e-05	-0.01025913188733382	0.000773821772846141	0.0001694718486945575	0.0009422699299278798	4.571643758197012e-05	3.730590831028807e-06	0.0002998788509131902	-0.02980759696551845	-0.03263325398335097	-5.551758795047582e-19	3.741312574105868e-18
6.554666666666668	-0.5299732416550249	0.02560733715960647	0.008073570561404607	-0.3641144627771599	0.9795189129317492	-0.005339827516836259	0.3047108443335994	0.003916325242481725	0.0001920880760765225	0.6615607887260352	-0.0004205244981958257	0.001738993178329438	0.1328857984488099	-0.008208691394564635	-0.00520281326409213	0.1334766912004225	0.1334766912004225	0.2370710548806567	0.2370710548806567	0.4132767644474131	-0.002873048040732467	1.570677585412882	0.5480261841622266	0.006553531410466256	1.57064547327466	0.005657348060896696	-0.004817212281829149	0.004453777582670327	0.005581914101737114	0.0003706938114219117	-0.0008820214226490635	8.367724819403136e-05	1.753621100422131e-05	-1.078855646897838e-05	-5.076373999075023e-05	4.559517903539245e-05	-1.684943308911219e-05	-4.713897898517653e-06	-1.894287148421493e-05	-0.152164554053075	-0.005867884103837638	-0.01410138465534078	0.1226723676558129	-0.01545277543300997	0.03344601381848709	0.01261016045101247	-0.008931626803949303	0.002099891727613292	0.2071775496350237	-0.05523366403459031	0.007939276334729432	-0.02820417935386673	-0.03167122834073022	-0.02309461600170087	-0.03607881033844616	-0.03607881033844616	0.3410569586426041	0.3410569586426041	0.0590045785413553	0.04147012574035473	0.00045475527655224	0.117373544165977	0.008086041584918094	-0.000516327978178191	-0.002844252549907124	0.006834001767127777	0.02413035007695584	0.006042633640565244	-0.001430778213432174	-0.004963839986533029	-5.833546729751794e-05	-0.000334658041167728	-0.0005420764921064412	-0.002344405183898308	-0.0004429740259586159	-8.798474405479517e-05	0.0001497364106674851	-0.001608877678361475	-0.03874433823801943	-0.01257416313944191	0.0214357887256518	0.03862853698036871	0.001041148064933315	0.006340736444732508	-0.04137650972213667	0.005494249557201134	-7.712298506772853e-06	0.01261045147531135	0.003327121570812524	-0.0005306650573586142	-0.0001485914249775958	-0.03379067248565829	0.02344283294955088	-0.00439369609030331	-0.06195479793249831	0.03247239545600536	0.00495134395311114	-0.0001444058210883145	0.03768766826728263	0.1137562682880399	0.06573868627269279	0.1128670643529679	-0.06413810103790374	-0.001306997961500833	-0.05886916843500087	-1.753942408950371e-05	1.888538293966097e-05	-3.358746787602156e-05	-0.009511206634901993	0.0002156542040220746	0.0001523007184107487	0.0006739499662306179	3.850300007140888e-05	-9.559757410433725e-06	0.0002781799698235329	-0.02971420863081255	-0.03259326436562066	-8.36234412345246e-19	2.837483086304364e-18
6.576000000000001	-0.5332185861947901	0.02548934951897849	0.007788332550722031	-0.3613857447299312	0.9792331813910189	-0.004636811969506788	0.3046469681037474	0.003714502990210024	0.0002245687065632151	0.6655764369924999	-0.001512201769776983	0.001881441731956753	0.1323706694850113	-0.008877583086535515	-0.005690262069051146	0.1324689462014763	0.1324689462014763	0.2438112161691064	0.2438112161691064	0.4143723214731468	-0.002000803918731886	1.570681221883472	0.5488595439830732	0.006727669093576411	1.570639439311025	0.005602853292583754	-0.004641383883738488	0.004952246230865453	0.005702247844426973	0.0003467969074036816	-0.0009981750015087077	8.956458880218795e-05	2.45166172085154e-05	-2.072803479499555e-05	-3.148643178869343e-05	3.697682515968986e-05	-6.527401386081657e-06	-1.775869808775867e-06	5.876572061429188e-06	-0.1522309043438092	-0.005263944591164592	-0.01196183988114756	0.132868384233871	-0.01128018634460486	0.03193085254068389	-0.01861336128656323	-0.01045789558299078	0.0002443226653582194	0.1671921696383866	-0.0460239803173401	0.004931098765555851	-0.01940243606999035	-0.03087824690155501	-0.02248593562051497	-0.05810684131335137	-0.05810684131335137	0.2862588461221215	0.2862588461221215	0.04355273247959247	0.03920553668089638	-0.0003311775685829982	-0.03749921868159407	0.008683957647577529	0.000371159166437697	-0.001568785767759784	0.01065024340027387	0.02299647673746883	0.005163774076262029	-0.0001758102297216848	-0.006982976529628651	0.0006978054237216822	0.001357398230673607	9.066903373407839e-05	0.006225541348779873	1.665494747142329e-05	0.00118600295903679	0.0001964553701087896	0.005462823257154117	-0.04396960387377512	-0.006462787444495074	0.02650508028807136	0.04157606909655051	0.001235542400524864	0.01357017958713635	-0.04364435160121015	0.006911648947655036	-1.937889845168827e-05	0.01328923582675301	0.003306627712087263	-0.0005106455234330377	-0.0001489338107629034	-0.01378733761025991	0.04772252322241424	-0.00857665142571719	-0.06549879935391163	0.03202993740275754	0.007056176366890786	-0.0001475115400452474	0.02126405878026198	0.1307528275047267	0.07478824909534032	0.1191942301727526	-0.07502820566211496	-0.001411949858291682	-0.06673937481673606	-1.382770491149195e-05	2.516629651091695e-05	-2.696813781580397e-05	-0.008763281382470166	-0.0003425133648019919	0.00013512958812694	0.0004056300025333558	3.128956256084764e-05	-2.285010565189626e-05	0.0002564810887338755	-0.02944221841231993	-0.03212961418271878	-4.604186204571258e-19	6.276298620154336e-18
6.597333333333334	-0.5363760996211955	0.0253475812594706	0.007506078340856967	-0.3584371759266354	0.9790313849550464	-0.003984882215958675	0.3037908468341119	0.003530284360297533	0.0002540992822636139	0.6684064539202179	-0.002445400521628187	0.001998767664763293	0.1320477300863301	-0.00948839774593745	-0.006128124113961897	0.130959965934313	0.130959965934313	0.2490007677303022	0.2490007677303022	0.4150776281591381	-0.001197353231670763	1.570685754703324	0.5465801823347338	0.006899580178550249	1.570643044307928	0.005564123905886074	-0.004486519569380344	0.005421114756888556	0.005853567545647141	0.0003323332012640315	-0.001126252247782677	8.964371888011975e-05	1.983979481981536e-05	-1.949940673224168e-05	-9.744930967758501e-06	4.109744832819856e-05	-4.722522831196871e-06	-3.775373259505165e-05	1.707194883267216e-05	-0.1445633940119592	-0.007749845279166933	-0.01384036179261666	0.1435478442586914	-0.008132264432115732	0.02887556554666053	-0.05988090202636109	-0.007386467624626031	0.001923505734554759	0.1001019904001757	-0.04074210528981904	0.005532568263691012	-0.007372975951782923	-0.02689360547306919	-0.0190424094424359	-0.08212130496240745	-0.08212130496240745	0.2026490990212119	0.2026490990212119	0.02042523908103257	0.03609311153743121	0.0004682532951936367	-0.1686509224346806	0.007965984006731569	-2.31390896925624e-05	-0.001931470434583166	0.005012385004361122	0.02083309318663845	0.007762106132718592	-0.0009311455586535402	-0.004837761797137977	-0.000376916947559223	-0.000956509954825957	3.36926436445258e-05	-0.002253880445728652	0.0002202206387625509	-0.0005703898491455404	-0.001848798383793268	-0.002419563282871708	-0.04484604817048302	-8.719067396741428e-05	0.0279064846164975	0.04182038758747389	0.0006581917087042769	0.01886625303638698	-0.04236196964672026	0.007975691511929882	-3.169267075157579e-05	0.01289084548777898	0.003261178564080996	-0.0004841584224990056	-0.0001468144005275509	-0.01040660594690828	0.05630840360434016	-0.01032997923236171	-0.05929886209685498	0.02916147195781392	0.007948889109325346	-0.0001446631684749982	0.01995517094810844	0.1342995593047036	0.07403475362086985	0.1248094860001419	-0.09275330399246873	-0.001507267521758105	-0.08066574061950468	-7.96338502317763e-06	2.942201253675738e-05	-9.57245956376022e-06	-0.004186871735381465	-0.0002410146935292862	5.791240014595214e-05	0.0001651612582009831	-1.687225649119894e-06	-2.495979713221377e-05	0.0001009261443343407	-0.02924124018440845	-0.03140889327362299	-9.979767780712503e-19	7.512677105929061e-18
6.618666666666668	-0.5394197940301919	0.02517050745729814	0.007225933348950011	-0.3552615528390606	0.9788651259526655	-0.003418099681981637	0.3021674461278129	0.003374862061017612	0.0002810099934989124	0.6699319383670143	-0.003219756240643318	0.00209464403989595	0.1322054291928646	-0.01004671731709608	-0.006523166081638011	0.1290179573506346	0.1290179573506346	0.2525594438086771	0.2525594438086771	0.415152298383226	-0.0004618915840639355	1.570688917975659	0.5419854785315902	0.007090304248552142	1.570638880912198	0.005526017169532288	-0.004378707235720551	0.00583571241949823	0.005979656456792149	0.0003176927411557202	-0.001196628688366105	8.685752037753216e-05	1.95173817935741e-05	-1.88988960156907e-05	-4.516046889333579e-05	3.999710475217372e-05	-1.181738981380384e-05	-7.246451622725423e-06	-1.229387619001904e-05	-0.1415603714617222	-0.008573839215967003	-0.011764100697575	0.1541547233850228	-0.007948551945384257	0.02394830070589577	-0.09054580847378327	-0.007758239586187393	-1.289628244941914e-06	0.0448922495519888	-0.03113244598895849	0.002920202733629287	0.02565742379398641	-0.02595683237874466	-0.01847155337976767	-0.09870324598663209	-0.09870324598663209	0.1333642696076543	0.1333642696076543	-0.01556943582384536	0.03283156423205616	-0.0004595726484249272	-0.2545625456944834	0.01044767499395761	-0.0003571276428301634	-0.001510412298019829	0.006239120209803467	0.0179085832924598	0.002798387506715895	-0.0001923809142836642	-0.00157352599614054	0.0004291808692979951	0.001765624108404111	3.178303252755842e-05	0.000867068966294431	-0.0004728106848285897	0.0003516518148969501	0.006429437597477636	0.001660210588972844	-0.04572249246719091	0.006288406096560245	0.02930788894492363	0.04206470607839727	8.084101688368977e-05	0.02416232648563761	-0.04107958769223036	0.009039734076204729	-4.400644305146332e-05	0.01249245514880496	0.003215729416074729	-0.0004576713215649734	-0.0001446949902921984	-0.007025874283556647	0.06489428398626608	-0.01208330703900623	-0.05309892483979832	0.0262930065128703	0.008841601851759905	-0.000141814796904749	0.01864628311595491	0.1378462911046805	0.07328125814639941	0.1304247418275313	-0.1104784023228225	-0.001602585185224528	-0.09459210642227331	-2.099065134863309e-06	3.36777285625978e-05	7.823218688283522e-06	0.0003895379117072367	-0.0001395160222565806	-1.930478783503568e-05	-7.530748613138961e-05	-3.466401385908742e-05	-2.706948861253129e-05	-5.462880006519418e-05	-0.02875843417215766	-0.03138939412807037	-3.517750740987855e-18	3.969298593753654e-18
6.640000000000001	-0.5423406890641754	0.02497110836573478	0.006955339666466112	-0.3518462464353292	0.9786765003066386	-0.002966357335232321	0.2998795911865652	0.003232831925403094	0.0003040002055245025	0.6701400594200216	-0.003824408337305756	0.002151401096735306	0.1331852820046329	-0.01056951430683479	-0.006869472170527514	0.1267884325542906	0.1267884325542906	0.2545519662011833	0.2545519662011833	0.4143230051049682	0.0001924355967113601	1.570686002160317	0.5360827447214089	0.007298335266822402	1.57063988550455	0.005492464318998034	-0.004257333104252965	0.006174794231223949	0.006109867843792382	0.0003078565516030784	-0.001279880675181777	9.128803601649481e-05	3.81166793041479e-05	-1.905916646991403e-05	-7.093765617647145e-06	3.416007794584392e-05	6.204326598149282e-06	2.119967772078999e-05	3.837782801762936e-05	-0.1314263165344905	-0.009856494506446885	-0.01292260966899738	0.1663007995622305	-0.009980401106915386	0.01824489325844582	-0.1233776406232533	-0.005878989486448903	0.001762419158935042	-0.02657216350598164	-0.02536905949255097	0.00233120765502847	0.06796806433606593	-0.02299934716268801	-0.01442423590144133	-0.1082645804474143	-0.1082645804474143	0.05361748836671579	0.05361748836671579	-0.06431046769645278	0.0282917983355864	0.0001048512588683011	-0.2899785339930433	0.00876468192108833	0.0002197769123184652	-0.001643214654923542	0.004622423395290755	0.01358833812675807	0.008059641285179605	-0.0007142979170491033	-0.004680617893820378	3.760404641386756e-06	7.930554326374635e-06	-3.921349536865717e-05	0.001463952058791273	-5.519137808773621e-05	0.0007730031589359708	-0.002093970603675119	0.00178364302958165	-0.04310992647341646	0.01235609916916908	0.02791112591778858	0.04001006413861915	0.0002245986308506775	0.02682055888899803	-0.03807443498507256	0.01003907876913204	-4.088122193082935e-05	0.01168618117391435	0.003189985310998041	-0.0004273498710285157	-0.000142491890110196	-0.01442036453889992	0.05405841678283442	-0.01045767514839841	-0.04607950588822855	0.02391259642511874	0.007878423589580772	-0.0001398371659507787	0.02680904237795628	0.1263093807010358	0.06333841600107755	0.138061340431517	-0.1359730586970578	-0.001714708916858669	-0.11567992989741	1.557420195312543e-06	3.276832921666335e-05	2.072227114434048e-05	0.001249606546873928	0.001113892499740291	-5.818429459131519e-05	0.00149533376215029	-7.866571910608932e-05	-4.586049277101806e-05	-0.0002465776949022866	-0.02885464786480007	-0.03034033391779461	-5.782778774658121e-18	8.804717313686459e-19
6.661333333333333	-0.5449911687542339	0.02476119915245355	0.006703643757368006	-0.3481545086935822	0.9784288294259798	-0.002646377347473374	0.296927352731405	0.003110290611621401	0.0003393872228205538	0.6687473655166921	-0.004294291959553383	0.002191140849069129	0.1351806761843457	-0.01102563183085028	-0.00715692946720636	0.1244861405090684	0.1244861405090684	0.2548549220825384	0.2548549220825384	0.4123173489910093	0.0007358465580392143	1.570689920111447	0.5299902435886116	0.007451867165812798	1.570638379393214	0.005455563329733653	-0.00420355450290782	0.00640302291322361	0.006265964832079735	0.0002878758247686628	-0.001330170577211407	8.776806277446052e-05	2.113022767903624e-05	-2.024795641574693e-05	-3.550843041734374e-05	3.846229182798693e-05	-2.937508463479136e-06	-2.539378968468734e-05	8.059163966523515e-06	-0.1162089329687505	-0.009559163127016943	-0.009992434442656952	0.1800701613239847	-0.01348404269213054	0.0115955795505484	-0.1528317629030742	-0.005931162539360097	0.001160910865860812	-0.1051841526046233	-0.0184979015125697	0.001324830436235449	0.1208644270387951	-0.01970563246719215	-0.0129544791100185	-0.1055251755689676	-0.1055251755689676	-0.02503259081276737	-0.02503259081276737	-0.1258534516708222	0.02243316865885825	0.0001810929582623059	-0.2723532321897565	0.005338382561470176	-0.0005925061135051288	-0.001824300303969333	-9.79607391755877e-05	0.007516102380641594	0.00522516262738347	-0.001143431284449981	0.001516669452551008	-0.0003161774632954882	-0.001570539873066489	-6.464066981084208e-05	-0.005365559290773102	0.000477743129715762	-0.002194931135751388	-0.0006055245977406229	-0.005932636435285571	-0.04049736047964199	0.01842379224177791	0.02651436289065354	0.03795542219884103	0.0003683562448176653	0.02947879129235844	-0.03506928227791475	0.01103842346205935	-3.775600081019538e-05	0.01087990719902375	0.003164241205921352	-0.000397028420492058	-0.0001402887899281937	-0.0218148547942432	0.04322254957940276	-0.008832043257790589	-0.03906008693665877	0.02153218633736718	0.006915245327401638	-0.0001378595349968085	0.03497180163995765	0.1147724702973911	0.0533955738557557	0.1456979390355028	-0.161467715071293	-0.001826832648492809	-0.1367677533725468	5.213905525488396e-06	3.185892987072889e-05	3.362132360039744e-05	0.002109675182040619	0.002367301021737163	-9.706380134759469e-05	0.00306597501043197	-0.0001226674243530912	-6.465149692950484e-05	-0.0004385265897393789	-0.02868173491070484	-0.0308228375293794	-7.459060660737052e-18	-1.15783576261216e-18
6.682666666666668	-0.5472561472578887	0.02457377661987172	0.00652724936849577	-0.3441747564122851	0.9781067299445534	-0.002471119898126315	0.2934376297868153	0.002968629065987163	0.0003558204027254479	0.665647511346724	-0.004614981566700854	0.002199627881220028	0.1382504373343894	-0.01140878870372987	-0.007387834315785677	0.1224633440844297	0.1224633440844297	0.2535139580905958	0.2535139580905958	0.4090110402987167	0.00112080957482646	1.570686020080055	0.5246096834972032	0.007567636295095929	1.570629895796002	0.005429128530351404	-0.004170682307857126	0.00651592876168607	0.006296571216502744	0.0002769949897925862	-0.001352414196881015	8.768955754815354e-05	1.686284202371795e-05	-1.815108696834548e-05	-4.754697787123574e-05	4.605071427554971e-05	-2.336093333101406e-05	2.270475966333472e-05	-4.686331485008461e-05	-0.09327703428003845	-0.008182074578463473	-0.006993970300663583	0.1925161671091499	-0.01611114648303357	0.005184394992761332	-0.1744142996636457	-0.006741813466680276	0.0008284897794595272	-0.1885838935870349	-0.01246647254273704	-0.0001959043666162219	0.1595187823035809	-0.01658257316818018	-0.008745040177408153	-0.08006235301803517	-0.08006235301803517	-0.1020715319575507	-0.1020715319575507	-0.1799877553514553	0.01446641796748858	-0.0003528683642051967	-0.2357978840834772	0.005357309993834443	-0.0001919177082489131	-0.001026453724349463	0.002101271361911316	0.002945808284641233	-6.129748154441282e-05	-0.0002481513342006283	-0.002661560597546781	0.0001644718237989413	0.0006561116406859794	0.0001159539263578864	0.002211279845546943	0.0001267078937501902	0.0001578203073290395	0.002770884603915241	0.0004861608331823332	-0.03812102155139815	0.01897604473351492	0.02709319006000833	0.03368635688403669	0.00128791182157529	0.02959528679787705	-0.03482742192799934	0.01042334432570394	-6.870562314207576e-06	0.01086344933986272	0.003162840690049263	-0.0003907379740327	-0.0001391676921600464	-0.02902760577422375	0.02235538410734704	-0.005132295724223521	-0.03854277265438851	0.02172669345870318	0.004633061352783911	-0.0001406863313822532	0.04518109599343825	0.09704539564696531	0.04592608331054378	0.1617602897866354	-0.1748693934445183	-0.002053247179264652	-0.150504719425089	2.156630370341268e-06	2.982012514265078e-05	2.409706653412047e-05	0.003169218656697929	0.004170603373160511	-9.70018335803795e-05	0.003598561972157122	-8.670740000140168e-05	-3.554602081139358e-05	-0.0002954358449251035	-0.0290701828840875	-0.03049286402843648	-7.143002824178849e-18	-1.509006053568588e-18
6.704000000000001	-0.548849142804845	0.02440482795866593	0.006386058644313609	-0.3399624780089664	0.9777670903636023	-0.002410260711322565	0.2894820690546014	0.002848572443322263	0.0003938844946582533	0.6605664327660069	-0.004864582985813397	0.002197001646460325	0.1416707832277318	-0.01174882423495019	-0.007532277943388728	0.1212429312591417	0.1212429312591417	0.2504406167819196	0.2504406167819196	0.4048138813655668	0.001387610686893909	1.570683135436158	0.519770659939025	0.007673718757443548	1.570630656543448	0.005395874996482133	-0.004159914451765653	0.006523462194570537	0.006361248848064272	0.0002614371826846489	-0.001403604706214792	8.862677420992398e-05	2.717826238800926e-05	-2.149870106807561e-05	-2.758889018808954e-05	3.930471583895838e-05	-1.426871226655127e-06	-7.174883712938449e-06	1.610898242566093e-05	-0.05321053077825764	-0.007827237685512715	-0.006692090877962442	0.2018694852634999	-0.01512842702256637	0.0008707424371133225	-0.1965040554928371	-0.003905701010984628	0.003188808868477458	-0.290923941112327	-0.01183338388429541	0.0002829616633664927	0.1537317467230422	-0.01566300668663503	-0.004848739643493601	-0.03030171312983437	-0.03030171312983437	-0.1874429642565372	-0.1874429642565372	-0.209370661751185	0.01135549009137746	0.0002762855359757223	-0.2215841821994114	0.004430257536265878	0.0002741511981497147	-0.00246355666212767	-0.002170242516602511	-0.002362561579795217	0.008419342046619574	-0.001581897421811904	-0.001197101453464848	-0.0002209535362882297	-0.0002034018087281102	-0.0005750610023544205	-0.002365874746675815	-0.0008661088281736661	0.001776083267863603	-0.007915980165643191	0.00511999882337242	-0.03574468262315431	0.01952829722525192	0.02767201722936313	0.02941729156923235	0.002207467398332915	0.02971178230339568	-0.03458556157808393	0.009808265189348542	2.401487618178023e-05	0.01084699148070169	0.003161440174177173	-0.000384447527573342	-0.0001380465943918991	-0.03624035675420429	0.001488218635291319	-0.001432548190656452	-0.03802545837211826	0.02192120058003918	0.002350877378166184	-0.0001435131277676979	0.05539039034691886	0.0793183209965395	0.03845659276533187	0.1778226405377679	-0.1882710718177436	-0.002279661710036496	-0.1642416854776313	-9.006447848058581e-07	2.778132041457266e-05	1.457280946784349e-05	0.00422876213135524	0.005973905724583858	-9.69398658131643e-05	0.004131148933882275	-5.074737564971218e-05	-6.44054469328232e-06	-0.0001523451001108281	-0.02920653851605354	-0.03141919619619348	-1.915595903911247e-18	2.298813039674162e-18
6.725333333333333	-0.549547589648104	0.02426571515940622	0.006306304473275732	-0.335600742392594	0.9774815289481048	-0.002432702089115345	0.2853865822289186	0.002747299750471686	0.0004253628576557155	0.6534126567626531	-0.005053352445399204	0.002183238522408295	0.1446265834983362	-0.01210488845399796	-0.00764510004828558	0.1216660342506452	0.1216660342506452	0.2456900424077289	0.2456900424077289	0.400246709613069	0.001589794312115512	1.57067760578479	0.5150818946836723	0.00780346124448115	1.570632553221123	0.005372575981838561	-0.004196582935484135	0.006436925458310178	0.006523161631914966	0.0002433376300069131	-0.001423694064427272	9.061249609597546e-05	2.147349896408605e-05	-1.821297134196171e-05	-4.272797817116929e-05	3.497334216050886e-05	1.189663380673208e-05	-4.061070104908781e-05	1.865001117481231e-05	-0.01009279441665763	-0.005248906349115781	-0.00159740678110858	0.2064443485524925	-0.01105892590320205	-0.002731475704753153	-0.1807755417509958	-0.005246292081478167	0.0005143516354854048	-0.3828083388380262	-0.006367623109157463	-0.001280062521965723	0.1170614966954885	-0.01715005358280813	-0.00524921530863097	0.08451632642900576	0.08451632642900576	-0.2605589593625	-0.2605589593625	-0.2149923800812381	0.007568377732764772	-0.0005892177724988047	-0.2157394949977919	0.007466137526144973	-3.383585337199719e-05	-0.0004239155509703498	-0.001729302663009155	-0.005842802662816441	0.007257690641490938	-0.0003747245950935646	-0.0007934941558328036	0.0002129315541259535	-0.0002190692079240122	0.0004608390007866725	0.0004567133674346075	0.0002654964428981915	-0.0002790269742265833	0.002525086782234191	-0.002772119295323657	-0.03000913380504401	0.02037059002043958	0.02484836566587761	0.02448106944673966	0.0005857430787916564	0.02818712814831529	-0.0288613881979948	0.009924618617089145	6.530619079601474e-05	0.01002885583003439	0.003099456479208753	-0.0003327320919578523	-0.0001305061247330181	-0.03812917581878639	-0.01764209304522564	0.001857018498215986	-0.04285721230314979	0.02395546597344359	0.0001727742572657845	-0.0001472844486716404	0.05358421983063602	0.0652303965929351	0.02915261232364188	0.171278724907581	-0.1965304585332996	-0.002188145906260519	-0.1701303340137303	-4.327847854220908e-06	2.087826375836537e-05	9.408101618792786e-06	0.004400412668137584	0.006185936702718913	-9.494837515490173e-05	0.004147854410064256	-4.506293020986853e-05	-7.771379698749343e-06	-0.0001247185144967539	-0.03002375549283686	-0.03164227845000189	7.513390619470642e-18	5.513029044779894e-18
6.746666666666667	-0.5491869232019021	0.0241794103393317	0.006283234072350791	-0.3311797380267343	0.9773201614622228	-0.002516429449640208	0.2820536637602203	0.002639336380636427	0.0004479182272848624	0.6441024703777846	-0.005157766698514872	0.002154895171764343	0.1463960510568459	-0.01245632688312183	-0.007735802121593552	0.1254697060548633	0.1254697060548633	0.2392109832714704	0.2392109832714704	0.3958034037072422	0.001709211996435523	1.570666762307911	0.5106616922801168	0.007980883533071515	1.570631879624382	0.005347785177122836	-0.004253404691510217	0.006270220684980374	0.006692145908057817	0.0002343646046169673	-0.001442035103343774	8.942669506950153e-05	2.262493316845387e-05	-1.985262800585717e-05	-2.900365342618506e-05	4.233193034465911e-05	-2.751640398692328e-06	4.293970648201222e-06	-1.215602930800651e-05	0.04608134010873186	-0.002876489636900095	-0.001377987429874755	0.207425930527926	-0.003485246121117293	-0.004874818444019426	-0.1250132720255193	-0.004532951978298519	0.00235227824019788	-0.4930874143793441	-0.003925083277719852	-0.001083934579626223	0.0425130549641702	-0.0152293388812697	-0.00277498668203615	0.286626613062167	0.286626613062167	-0.3494884107003975	-0.3494884107003975	-0.1977582386257745	0.003596183131853166	-0.0002218856056587827	-0.1964064148434005	0.008900238931837312	3.318797165495278e-05	-0.002603411981392082	-0.004059611795440185	-0.009878315055055761	0.009082294449009229	-0.0007262854885815823	-0.001033196519467025	-0.000518283809337491	0.0004393667189241784	-0.0010368159764178	0.0003400701965802003	0.0002298250964450684	-0.0008462710357750021	-0.0005715593187582972	0.001993711082875195	-0.02427358498693372	0.02121288281562724	0.0220247141023921	0.01954484732424697	-0.001035981240749602	0.02666247399323489	-0.02313721481790568	0.01004097204482975	0.0001065975054102493	0.009210720179367096	0.003037472784240332	-0.0002810166563423627	-0.0001229656550741371	-0.04001799488336849	-0.03677240472574259	0.005146585187088423	-0.04768896623418132	0.02598973136684799	-0.002005328863634615	-0.0001510557695755828	0.05177804931435317	0.0511424721893307	0.01984863188195189	0.164734809277394	-0.2047898452488557	-0.002096630102484542	-0.1760189825498293	-7.755050923635957e-06	1.397520710215808e-05	4.243393769742086e-06	0.004572063204919927	0.006397967680853969	-9.295688449663915e-05	0.004164559886246237	-3.937848477002488e-05	-9.102214704216368e-06	-9.709192888267962e-05	-0.03070894107189967	-0.03206143243375724	2.800995268276464e-17	7.163607646988119e-18
6.768000000000001	-0.5476660181379043	0.02414009964113121	0.006285975838368063	-0.3267808654394376	0.9773419927104976	-0.002636549628281746	0.2805238983223836	0.002540555879010879	0.0004781525500125574	0.6325145726969047	-0.005198981996135978	0.002116538908759698	0.1463946331818572	-0.01274261772860007	-0.007797823849024891	0.1345246192919481	0.1345246192919481	0.2308153843592298	0.2308153843592298	0.3919230946370451	0.001730122305318335	1.57065517139878	0.5067467624667744	0.008184545886361675	1.570634713438816	0.00531709342395799	-0.004353328572108663	0.006032798732652089	0.006885473442559006	0.0002198497177373513	-0.001448855547577137	8.872101057096306e-05	3.437552881479193e-05	-2.735466686413288e-05	-5.024652995036267e-05	4.206726354124071e-05	-6.522677679832468e-06	-2.00890320918288e-05	5.072802271970109e-05	0.09459637787119737	-0.0007828541988555014	0.001256786482880458	0.2046171333603277	0.005571697913674308	-0.006101518669177166	-0.00943594208862158	-0.004584301422845545	0.0009297091038302426	-0.593824378236846	-0.0002364737261140954	-0.002309256176277805	-0.04241234054690266	-0.01170400152533757	-0.002672816616304497	0.5734077358648303	0.5734077358648303	-0.4427311845953684	-0.4427311845953684	-0.1646945968087198	-0.001298514771163628	-0.0006626358002023222	-0.1702198936455933	0.009959441249928118	9.067251554749051e-05	-0.0005845602556719445	-0.005031951898112895	-0.01250502494541656	0.008817436849776985	-0.0006654277896104703	5.030837505014484e-05	0.0002407054533734963	0.0003423977841338499	0.0001797510519763869	-0.001175132765007886	-0.0001308130884184192	0.0003182072414199995	-0.001016365435192191	0.002098449637295948	-0.01782858334838591	0.01943257248213632	0.01999041701312161	0.01301846123858975	-0.0004584307119621813	0.02379106996009467	-0.01765571449260187	0.009638513319755924	9.93863461871808e-05	0.008569972676912426	0.003028602437294752	-0.000256101573902087	-0.0001190504476825179	-0.0390591469153091	-0.05161740623181746	0.007339856091224917	-0.05302513906329728	0.0282657015381184	-0.003709689497483783	-0.000155206859346326	0.04818022023946883	0.04021816256707921	0.01408048752796414	0.1552484181430112	-0.2054574785680047	-0.001960513617648733	-0.1755660729164835	-1.011539609309169e-05	1.054982594895049e-05	-1.550275178684549e-06	0.0006449575808025676	0.005321688435983385	-2.965239030851619e-05	0.00395254053661781	-3.726191170016497e-05	-4.920062479213515e-06	-8.944820825679723e-05	-0.03132618418724851	-0.03236586646349971	3.91629815392931e-17	-6.401951408135744e-19
6.789333333333333	-0.5452321820349116	0.0241471193493236	0.006320718657812845	-0.3224643932933148	0.9775595841899227	-0.002764603915121999	0.2820336255135831	0.002449858714648398	0.0005066799848160383	0.6187426511449087	-0.005180554819174898	0.002065015821343164	0.1445964265086028	-0.01295969009030515	-0.007834194994893058	0.1504102487243083	0.1504102487243083	0.2201021456450778	0.2201021456450778	0.3888330162123203	0.00166820131405738	1.570647113903644	0.5034159735757443	0.008395849967663127	1.570629697774763	0.005309590803425483	-0.004456312501027512	0.005731338256602264	0.007058768277725088	0.0002046527999091908	-0.001454543396569967	9.06761892197942e-05	2.358680816995483e-05	-1.874319779792862e-05	-2.980048155605855e-05	4.20337514616172e-05	3.378629133974825e-06	-9.290399795098995e-06	4.404711664240883e-07	0.131668625014508	0.001466985962433046	0.001622111328954372	0.1997008891678769	0.01486727554922648	-0.005618641087649034	0.1599391619466457	-0.00377513910988597	0.002192257497302802	-0.6978396522964672	0.001666398714359949	-0.00231832436824088	-0.1259358948732391	-0.008740106027535307	-0.0003702446604889603	0.9270062563692399	0.9270062563692399	-0.5667671421296004	-0.5667671421296004	-0.1236741156127449	-0.004169251256624926	0.0001093719564407653	-0.1416432033766175	0.009616650932896108	-0.0007027006364700777	-0.0004294307971104362	-0.00434649132547815	-0.01588192665395016	0.007204228886343048	-0.0007902258900076315	-0.0009270157156670074	-0.0002688278892715879	-0.001673694183373505	0.0004738253915022059	0.004248406907687885	0.0002514958518008405	0.0004355112231263277	0.002726718965937956	-0.008616126752842176	-0.0113835817098381	0.01765226214864539	0.01795611992385112	0.006492075152932538	0.0001191198168252397	0.02091966592695444	-0.01217421416729806	0.009236054594682099	9.217518696411237e-05	0.007929225174457754	0.003019732090349172	-0.0002311864914618114	-0.0001151352402908988	-0.03810029894724969	-0.06646240773789232	0.009533126995361411	-0.05836131189241325	0.03054167170938882	-0.005414050131332951	-0.0001593579491170692	0.0445823911645845	0.02929385294482773	0.008312343173976387	0.1457620270086284	-0.2061251118871537	-0.001824397132812923	-0.1751131632831377	-1.247574126254743e-05	7.124444795742905e-06	-7.343944127111184e-06	-0.003282148043314792	0.004245409191112801	3.365210387960677e-05	0.003740521186989384	-3.514533863030505e-05	-7.379102542106605e-07	-8.180448763091481e-05	-0.0318986920017779	-0.03229474574086609	2.396245519725336e-17	-3.511020184915396e-17
6.810666666666668	-0.5421695868746551	0.02421032453536047	0.006405428276488088	-0.3182650510881001	0.9779644137561917	-0.00287240837408062	0.2875533597256433	0.00235285013767626	0.0005361277084175855	0.6029223758897396	-0.005092960860119668	0.00201737112864636	0.1411440297441399	-0.01313423012152674	-0.007846228655818008	0.174125906061862	0.174125906061862	0.2067304587361734	0.2067304587361734	0.3866353838644563	0.001546476619894189	1.570636036256253	0.5007513708377841	0.008598877623415992	1.570626454828869	0.005283200582668641	-0.004618505628380404	0.005381665427139412	0.007217822745481019	0.0001962383611078122	-0.001447718130285977	9.163335009034342e-05	2.178555857395745e-05	-2.503235232926283e-05	-4.349632406036602e-05	4.357811474856143e-05	7.413769473284317e-06	-7.50722455875263e-07	-1.386331567549062e-05	0.1536584078047444	0.004235253781968161	0.005733123556289909	0.1943937672929066	0.02258335820131863	-0.004253552591320963	0.3556498366536831	-0.00483825986389332	0.0009562524808638702	-0.7819833073105377	0.005736938988983578	-0.002492145247797505	-0.1940392631335861	-0.007410772450714893	-0.0003556977358178367	1.286726960663225	1.286726960663225	-0.6832854851358535	-0.6832854851358535	-0.08427956428609699	-0.006867251864902468	-0.0008723345727019413	-0.1098187046286888	0.009347589330408272	0.0001521789511574586	-0.001452596233150191	-0.009249051056159667	-0.01706394180469278	0.007611389781886187	-0.0003080022669301701	0.0009520993658494565	0.0001923869943593493	0.0008134527216288036	-0.0005968539981362674	-0.002879398369430689	-4.041313619967532e-05	-4.034645379892886e-05	-0.001013936528580526	0.003896726905517339	-0.003683558043100216	0.0155738770475223	0.01464755697433911	-0.0009632482997352981	0.0009515833251915073	0.01759126552139214	-0.01042280402409571	0.007815452291478769	-9.741429518657543e-06	0.007422414635421429	0.003197100862994288	-0.0003087179116095991	-0.000125749474570389	-0.03385818086183403	-0.07303919860335248	0.009936446310948662	-0.05924341895848622	0.03116803026127194	-0.005995306552429278	-0.0001563476744799607	0.0423517626914741	0.02620738849581793	0.006146498332439424	0.130892606682511	-0.1962461486655165	-0.001624594771300768	-0.1654339507390091	-1.179535480442969e-05	5.718281966202411e-06	-3.272483981662138e-06	-0.007299872812019038	0.003618952251150572	9.830865660508909e-05	0.003915267114868244	-3.577547554667967e-05	6.750081918466884e-06	-9.277404992674196e-05	-0.03181127210035122	-0.0327190145689677	9.279185811228568e-19	-4.661023296421361e-17
6.832000000000001	-0.5387525172093137	0.02431829832896791	0.006540316809950673	-0.3141529227006826	0.9785017162481264	-0.002936084586819941	0.297127545636181	0.002263955578796247	0.0005640256219951547	0.5855200181104353	-0.004970278849856525	0.001944016357940047	0.1364747315977967	-0.01326682707172131	-0.007832210330163914	0.2049005869557784	0.2049005869557784	0.1910998004849051	0.1910998004849051	0.3851549271852186	0.001391206544622462	1.570621651813146	0.4986597450552013	0.0087917107406501	1.570625673601681	0.005272874427213989	-0.004782242644961985	0.004996277669884649	0.00737943610057297	0.0001783113903630044	-0.001440151319688569	9.179457931400738e-05	2.879548697566599e-05	-2.430157080945957e-05	-3.946041100223202e-05	4.313820036830397e-05	2.376982572618467e-06	-1.363168371084559e-05	2.255490635029583e-05	0.164900609866202	0.005664042922174451	0.006326384590267621	0.1915245937493883	0.02728661233039563	-0.001481618004589835	0.5400440086789148	-0.003014449913749173	0.002046962807554855	-0.8461598889341315	0.004955903515101609	-0.004728644181632193	-0.2400203994245166	-0.004807942181252099	0.002072129081296184	1.588789714778227	1.588789714778227	-0.7785457054762154	-0.7785457054762154	-0.05643889667903655	-0.007314130735550106	-0.0002006401419323144	-0.08792661380997743	0.008660912946762985	-0.0004719145078942669	0.001076575324969973	-0.004491230940667626	-0.01923020113444182	0.007444124574094937	-0.001682025759704102	-0.000857495936284158	-0.0003434464811670816	-0.0008476462460885869	0.001131944396296335	0.005910758991666748	6.546982050068522e-05	-0.000414981955621348	0.0007185340977322924	-0.003860938421495262	0.00401646562363767	0.0134954919463992	0.01133899402482709	-0.008418571752403134	0.001784046833557775	0.01426286511582984	-0.008671393880893354	0.006394849988275435	-0.0001116580460014274	0.006915604096385107	0.003374469635639405	-0.0003862493317573868	-0.0001363637088498791	-0.02961606277641837	-0.07961598946881263	0.01033976562653591	-0.06012552602455919	0.03179438881315507	-0.006576562973525605	-0.0001533373998428522	0.0401211342183637	0.02312092404680813	0.003980653490902463	0.1160231863563936	-0.1863671854438794	-0.001424792409788613	-0.1557547381948805	-1.111496834631195e-05	4.312119136661915e-06	7.989761637869076e-07	-0.01131759758072328	0.002992495311188345	0.0001629652093305714	0.004090013042747104	-3.640561246305428e-05	1.423807409114443e-05	-0.0001037436122225691	-0.03173661137967505	-0.03234099591892854	-4.582037886467772e-17	1.142047285173563e-17
6.853333333333333	-0.5351313605820643	0.02447044948910903	0.006714257533860317	-0.3100734865156947	0.9791076439667592	-0.00293630659793458	0.3103000414482512	0.002184753654854267	0.0005973948221156397	0.5669495417238445	-0.004836803051153725	0.001873301496880461	0.1309724509983407	-0.01336156124763811	-0.00778401808994634	0.2412095044748253	0.2412095044748253	0.1737655866209564	0.1737655866209564	0.3841603531033292	0.001222326681212009	1.57061327490689	0.4969900271536716	0.008977507401052416	1.570621599482915	0.005274004190327156	-0.004967607927569094	0.004587835076538256	0.007547780061844971	0.00016290875279592	-0.001422544480378387	9.101013439256575e-05	2.008061388913587e-05	-1.224274197097337e-05	-2.073724998479172e-05	4.748241106707626e-05	1.079648480821812e-05	-8.222290554213564e-06	-1.656115262625992e-05	0.1750767540936548	0.008530205764113096	0.009728931036737215	0.1913894508176328	0.0290171154350485	0.001540960612950262	0.6861864949223516	-0.004288029424593944	0.001228230108614419	-0.8893782733201336	0.007105103325531164	-0.002446140205530861	-0.2742994559459005	-0.004074983989601324	0.002368486424206215	1.79527475496496	1.79527475496496	-0.835011967348456	-0.835011967348456	-0.03864391869255961	-0.008261512060299353	-0.0006056133025246971	-0.06992400551662713	0.008789886396336476	1.415822568427576e-05	-0.0007566915440113609	-0.01124899139446738	-0.01901871531762546	0.008149170281137163	-0.0001612586759510433	0.001524093635787271	0.0001567429576836717	9.765149810346442e-06	-8.079165070676422e-06	-0.002174493941673386	0.0002041690086795118	0.0006691903907257599	-7.054590237833504e-05	2.181244175357179e-05	0.01192728664382061	0.01151046506232845	0.008086002697003344	-0.01565412258944546	0.001153858481925614	0.01136489794132052	-0.007444237515162252	0.004754487237674981	-0.0001720530120226371	0.006011049214290486	0.003561461087337936	-0.000488383553952506	-0.0001505507497268835	-0.02264037345205604	-0.07652497669775846	0.009203428227628388	-0.05673353693278099	0.0306932526318595	-0.005975831185508643	-0.0001449489052322328	0.03645924433305833	0.02715497264913763	0.005169898339505312	0.1009768861496589	-0.1705565795430014	-0.001234240855582389	-0.1411224535376381	-9.214470381506676e-06	4.08344784216277e-06	8.525910255716509e-06	-0.01341909404678188	0.003088307747142576	0.0001983005224309479	0.004534084307477567	-3.536893895932116e-05	1.85055841521824e-05	-0.0001063327281201269	-0.03114023471222263	-0.03295832222684673	-8.107435346702368e-17	5.153767335334567e-17
6.874666666666667	-0.5312615013480286	0.02467927041162053	0.006944681771965087	-0.3059670516375557	0.9797183613501497	-0.002866916938252135	0.326034020991574	0.002086234900678853	0.0006226948705706514	0.5478054890722919	-0.004686428010911401	0.001816383019556785	0.1248360967127912	-0.01344076120156683	-0.007734457608699976	0.280650057133804	0.280650057133804	0.1559643512933135	0.1559643512933135	0.3834275495260388	0.001049674057735261	1.5705949197903	0.4956202326680091	0.009168126690590092	1.57062304322633	0.005249718243537739	-0.00519232130032991	0.004186629087763342	0.007719072101303382	0.0001543947678694785	-0.001417109179956907	9.365404152565184e-05	2.832203227248989e-05	-2.493001400745875e-05	-4.771748778367466e-05	4.597715865522893e-05	8.097323532306959e-06	-1.063171850374729e-05	1.614709796902674e-05	0.1882164792524068	0.01097683314439797	0.01162171404606077	0.1940557212323059	0.02773564340142904	0.005044476132636656	0.7801831084838415	-0.004825402748133704	0.001290479838916729	-0.8999326637742835	0.006540207409431957	-0.003435233206390758	-0.2994648074957796	-0.003351608869868477	0.00220040167774531	1.882380509146843	1.882380509146843	-0.8223289676975515	-0.8223289676975515	-0.03189791187288563	-0.00766782699176536	-0.001136097360823777	-0.05980879357242335	0.009113034428202918	4.53850715056156e-05	-0.001306147478397273	-0.008180114392577686	-0.01855176945586574	0.007720506904071007	-0.001036214574643817	-0.00199857770710005	-2.203847605510289e-05	0.0007420060792130609	-0.001188002560732264	0.001626065352636417	-0.0004829173461199071	-0.001457356659825492	-1.448038097075172e-05	0.002872590600865004	0.01983810766400354	0.009525438178257687	0.004833011369179603	-0.0228896734264878	0.0005236701302934538	0.008466930766811201	-0.006217081149431147	0.003114124487074528	-0.0002324479780438469	0.005106494332195867	0.003748452539036466	-0.000590517776147625	-0.0001647377906038879	-0.01566468412769372	-0.07343396392670432	0.008067090828720865	-0.05334154784100279	0.02959211645056394	-0.005375099397491681	-0.0001365604106216134	0.03279735444775297	0.03118902125146712	0.006359143188108162	0.0859305859429242	-0.1547459736421235	-0.001043689301376166	-0.1264901688803958	-7.313972416701401e-06	3.854776547663625e-06	1.625284434764611e-05	-0.01552059051284048	0.003184120183096808	0.0002336358355313245	0.004978155572208032	-3.433226545558805e-05	2.277309421322038e-05	-0.0001089218440176847	-0.03057874368874041	-0.03273316910693147	-7.888967652211314e-17	3.330802797395782e-17
6.896000000000001	-0.527030166189283	0.02492896874116967	0.00718452593489425	-0.3017773268901419	0.9802794281928026	-0.002720488884986977	0.3432278898209508	0.001992477854993049	0.0006570702753033701	0.5285632921041056	-0.004582783962082989	0.001746835269068738	0.1181765777148148	-0.01348815339943022	-0.007676121103949308	0.320788023572704	0.320788023572704	0.1388412322743167	0.1388412322743167	0.3827653997538356	0.0008928471048396343	1.570582256171513	0.494392444274641	0.009362402510152827	1.570621102722301	0.005243223416960915	-0.005379018169289709	0.003794319722041355	0.007898735098087544	0.0001344250238787779	-0.001411507058254123	9.21804828953573e-05	2.667654373537836e-05	-2.661479835274225e-05	-2.05918375947577e-05	4.282783994236205e-05	3.41561681020614e-06	-1.523743156289667e-05	1.416360418928761e-05	0.2074701689615846	0.01251469904128629	0.01119175903503248	0.1986845014931147	0.02470251521864612	0.008570095544201836	0.8293744007832136	-0.004273690054031888	0.00170087748474488	-0.8997055191974157	0.003538240791319029	-0.002939661934034251	-0.3230710496482468	-0.001345480607871276	0.002944468688770138	1.868990661759878	1.868990661759878	-0.7774693708870261	-0.7774693708870259	-0.03083681139036422	-0.00713402589486843	-0.0003078771905985114	-0.0557852024229611	0.009305103476015054	-0.0001541063881599242	0.0002716364235059374	-0.009374120845382514	-0.01796565623644114	0.0088036306443217	-0.0007466044881503782	0.001401755595749945	-4.567091184559946e-05	-0.0004734048394767412	0.0005558025403830711	0.0005326415775583643	0.0001337149145430215	0.0005711104350616984	-0.0002081933256620537	-0.001646425532240103	0.02646609800690155	0.007495203377884535	0.003581166425621024	-0.02894097812087775	0.0009024715155314537	0.006538803925334887	-0.002900880125705168	0.002694951666631644	-0.0002694617114032289	0.004106236346677496	0.003830881519276621	-0.0006285792014695825	-0.0001720903757116594	-0.008118720485927057	-0.06615286547217035	0.006710770229450441	-0.05067998060625954	0.02855814152637947	-0.004487856559815578	-0.0001332559370829934	0.02824825883442533	0.0352645770010906	0.008525058303509353	0.0816740011493659	-0.1460380428111774	-0.0009886561095624475	-0.1188014928742768	-5.583030262793561e-06	5.19367309101721e-06	2.170059685550353e-05	-0.01759273723976757	0.0042806238119519	0.0002643826462249741	0.006310204373318144	-3.231340599232719e-05	2.320455927913446e-05	-0.0001018163348319411	-0.03003045328490962	-0.03312056967650832	-6.526720795357472e-17	1.814001867734688e-17
6.917333333333334	-0.5224521511168536	0.02521674295910803	0.007436195023869789	-0.2974918290605539	0.9807654293966569	-0.002506083349881717	0.3613196405028775	0.001890691014890978	0.0006853952701317854	0.5096022789858224	-0.004520025475896734	0.001697152919665378	0.1111282780148936	-0.01350900873376598	-0.007622658494677135	0.3599002962386438	0.3599002962386438	0.1230267384318463	0.1230267384318463	0.3820837631362973	0.0007410510413070121	1.570570828591116	0.4932192071089654	0.009573881711229091	1.570619591260374	0.00524314823223926	-0.005594477017379997	0.003431255055024723	0.008081071557055881	0.0001263516723253135	-0.00140517383810032	9.471071659098775e-05	2.616569949867806e-05	-2.14505024382126e-05	-4.138921887520892e-05	4.938029944658502e-05	1.337835672675424e-05	-1.059252631173035e-05	6.149959973734762e-06	0.2207177211602558	0.01454644768088753	0.0127303008629085	0.2030344476861167	0.02069823976405556	0.01141736505514641	0.8643595321603884	-0.0055781959746589	0.0007232539103882782	-0.8735716778458518	0.002707185911729675	-0.001572851854701343	-0.3359129983030987	-0.0008637779141527218	0.001743473976636246	1.786221717931816	1.786221717931816	-0.6996453573981976	-0.6996453573981976	-0.03372480362304952	-0.007196181113983673	-0.001020218761929768	-0.05469461597624972	0.01072585144509628	8.560776849500542e-05	-0.0007043060544750611	-0.01087654993606108	-0.01581007895223869	0.007971143983837603	7.907221634709073e-05	-0.001930037227317063	0.0003533170545003658	0.0008483789823766146	-0.0005459012863747775	-0.002866718847616875	0.0004266243617322733	-8.443978745214815e-05	0.0008527650856213498	0.002307263997507464	0.03309408834979956	0.005464968577511383	0.002329321482062446	-0.03499228281526771	0.001281272900769454	0.004610677083858573	0.0004153208980208108	0.00227577884618876	-0.0003064754447626109	0.003105978361159125	0.003913310499516774	-0.0006666406267915399	-0.0001794429608194309	-0.0005727568441603959	-0.0588717670176364	0.005354449630180017	-0.04801841337151629	0.027524166602195	-0.003600613722139474	-0.0001299514635443735	0.02369916322109767	0.03934013275071408	0.01069097341891055	0.07741741635580762	-0.1373301119802313	-0.0009336229177487292	-0.1111128168681577	-3.852088108885722e-06	6.532569634370796e-06	2.714834936336094e-05	-0.01966488396669466	0.005377127440806992	0.0002951294569186237	0.007642253174428257	-3.029454652906634e-05	2.363602434504855e-05	-9.471082564619756e-05	-0.02959273984268716	-0.03322453204808477	-1.143916882925435e-17	1.373412409595226e-17
6.938666666666667	-0.5176505163531183	0.02554086765663433	0.007691753767444272	-0.2931147456598246	0.9811635552050757	-0.002232215219850446	0.3800932341189749	0.001777057570444504	0.0007163558142785167	0.4912832895758086	-0.004498341434834467	0.001649367995629477	0.103921615828842	-0.01352828731279073	-0.007590483908355644	0.3967431349002175	0.3967431349002175	0.1089031278169565	0.1089031278169565	0.3812986738950379	0.0006142286986470391	1.57055683413701	0.4920116838870577	0.009798709206091168	1.57061809837986	0.005234175754458947	-0.005792349919075229	0.003101459971782643	0.008264801913771581	0.0001140781134698158	-0.001413130765156768	9.447194863966436e-05	3.172617904688185e-05	-2.818675318550506e-05	-5.055283360576606e-05	4.529875278953177e-05	6.552617944361303e-06	-1.344612557806685e-05	2.764015966822536e-05	0.2265721633186203	0.01562676201866038	0.01138103507773292	0.2070803687094356	0.01662151649801591	0.01408575786847824	0.9000020894661404	-0.005107364303915294	0.001869994493586853	-0.8434092284606299	-0.0004532650554420186	-0.002602648611092255	-0.3361657254236529	-0.0008505659652057008	0.001218651576332704	1.667823012031696	1.667823012031696	-0.6295925013481358	-0.6295925013481358	-0.04046123093062512	-0.004941830970318031	-0.0004044757078298754	-0.05916579252427832	0.01054987927065935	-0.0001776853670053854	-0.0001044380905063149	-0.008216685716288035	-0.01489495191151054	0.008983441794406336	-0.0009502663686061257	0.0004819785471550196	-0.0001831820890783169	-0.000170838133266829	-7.591138644260774e-05	0.001111040490948822	-0.0004141270094314265	-0.000291954673689226	-0.0005885836355916882	-0.0001630134443567449	0.03746094785343954	0.003944769847521067	0.00258165805097632	-0.03907225945470031	0.002266392862712123	0.003719841890009809	0.004329493152637939	0.002759675627714243	-0.0004010793927119029	0.002961980032167237	0.003937202716979199	-0.0006563428767667578	-0.0001811555316737795	0.008191635417417039	-0.05088475694924334	0.004299532823318908	-0.04918147915544957	0.02763163724587129	-0.00290017109549753	-0.0001343375490696451	0.01732526165211438	0.04216615677799803	0.01254808707820676	0.08053084871819008	-0.1341410318206549	-0.000962868179759116	-0.1086523293496832	-1.628979416007106e-06	1.02928481617672e-05	3.305087818811733e-05	-0.02300978008268429	0.00860381345286311	0.0003388666579940378	0.01099959218155993	-2.928087036736616e-05	2.144608567053869e-05	-8.862074123991561e-05	-0.0294418034798395	-0.03308175123124672	1.869710495990543e-17	6.385623229909473e-18
6.960000000000001	-0.5129072427991008	0.02587437629564644	0.007928301213022518	-0.2886665014323246	0.9814744204674117	-0.001912430289543716	0.3999047843784434	0.001671393343823976	0.0007519847905075077	0.473634924209146	-0.004529933659309721	0.001599091588528516	0.09693649692868227	-0.01354133057103507	-0.007572977015779557	0.4310619652508146	0.4310619652508146	0.09594441886070709	0.09594441886070709	0.3803325034406717	0.0005196004416164514	1.570548761813299	0.490666848752871	0.01003246442453451	1.570614052895899	0.005240075701313038	-0.005968208722327605	0.002804836122915266	0.008452839306626176	9.773025885705599e-05	-0.001414565548882827	9.510911112028051e-05	2.55430971818294e-05	-2.427505931080288e-05	-3.223930889033468e-05	4.857028737055969e-05	1.216508210355328e-05	-1.301928916369767e-05	4.72194450431653e-06	0.2152463577492205	0.01542619219518337	0.01094799167576137	0.2097057751958739	0.0125175635687858	0.01572206508097072	0.9616679674764277	-0.004831081803476616	0.001160919418100126	-0.8107006737816768	-0.002287463982412861	-0.001806428392050682	-0.3151433152507314	-0.0002792165909902936	0.0003683776880047476	1.549595938777767	1.549595938777767	-0.5904358269006578	-0.5904358269006578	-0.05070116735180956	-0.004177985586228841	-0.0004650190373346077	-0.06756760775241202	0.01156282553083992	-0.0001536988048000868	0.0006899837550004063	-0.008812728207043328	-0.01270027572961023	0.008374928621858967	-0.0003028930108962355	-0.001318586290093128	0.0004354355324946953	-0.000252579900116141	0.0004523435219372057	-0.0002907370245554906	0.001115975727802372	0.00108164173832142	0.001160305930687503	-0.00185602489546742	0.04182780735707952	0.002424571117530752	0.002833994619890194	-0.04315223609413291	0.003251512824654792	0.002829006696161044	0.008243665407255069	0.003243572409239726	-0.0004956833406611949	0.002817981703175349	0.003961094934441624	-0.0006460451267419758	-0.0001828681025281281	0.01695602767899447	-0.04289774688085029	0.003244616016457797	-0.05034454493938284	0.02773910788954758	-0.002199728468855586	-0.0001387236345949167	0.01095136008313109	0.04499218080528197	0.01440520073750297	0.08364428108057255	-0.1309519516610785	-0.0009921134417695027	-0.1061918418312087	5.941292768715096e-07	1.40531266891636e-05	3.895340701287372e-05	-0.02635467619867393	0.01183049946491923	0.0003826038590694519	0.01435693118869159	-2.826719420566597e-05	1.925614699602883e-05	-8.253065683363368e-05	-0.02961529521511617	-0.03288129943630958	-4.134817962350265e-17	-1.216376607447239e-17
6.981333333333334	-0.5085337877113556	0.026200340804438	0.008151803654198746	-0.2841751540177982	0.9817010121726992	-0.001564207009386175	0.4212317467329224	0.001568988091453317	0.000781366945029189	0.4567001240054777	-0.004593341356657857	0.001559239649471539	0.09056662179061571	-0.01356112494392672	-0.007580178164670428	0.4628653733287932	0.4628653733287932	0.08358691180049091	0.08358691180049091	0.3791140931030754	0.0004579995362353273	1.570538266595729	0.4891270732435407	0.01028029324644261	1.570611067115912	0.005245995286448715	-0.006170701139618325	0.002561474587274712	0.008631292667285191	8.679456320242051e-05	-0.001422332297467841	9.775363828297149e-05	3.249167411039063e-05	-2.205474596626818e-05	-6.033915516284076e-05	5.40805817260641e-05	1.864432741894817e-05	-1.09096413924847e-05	2.634228127322e-05	0.1941861682295401	0.01498599908007515	0.009953034959549604	0.2111177546497793	0.008742082013713907	0.01678530077589948	1.038937336082094	-0.004856109617109629	0.001538954660601366	-0.776373721652429	-0.00356357808440477	-0.001905701251498407	-0.2815298121671768	-0.001567722261888045	-0.001044798809802273	1.432703489749181	1.432703489749181	-0.5685725056994645	-0.5685725056994645	-0.06335062489158431	-0.00157039710895648	-0.0004780225261821718	-0.07669473437389317	0.01156888368838427	-0.0001483659192974693	1.92056713758894e-05	-0.009531038578582063	-0.01018754018001736	0.008369730312742268	-0.00065545483150293	9.400802643122308e-05	-8.156358694014294e-05	0.0004693437519531415	-0.0001427101099008209	-0.001252404425107835	-0.0002892524900994652	-0.0002392564682209277	-0.0005012682505898245	0.002004557094493937	0.04371540106862391	0.002267400379901624	0.002593490758841292	-0.04440838927035164	0.00331057276218438	0.002919085476772642	0.0104545400428389	0.003462353401518867	-0.0005511017643956863	0.003319862333601336	0.00396100814058681	-0.0006381818013315191	-0.0001834818572676729	0.02812883440719113	-0.03238158873576565	0.002316460438148385	-0.05237370992989726	0.0277554696984503	-0.001276242143458062	-0.000139535086270624	0.0009519028050725719	0.05085592265122205	0.01681488990443189	0.08341547247423532	-0.1208150451966504	-0.0009785876212330361	-0.09767046993965256	3.166343196051606e-06	1.825426671140623e-05	4.524212208925305e-05	-0.02767497324447819	0.01788214937673196	0.0003875305395827214	0.01963465451572141	-2.835290092067371e-05	1.560037482262471e-05	-8.045924478762296e-05	-0.02962326559764976	-0.03281858094751949	-8.290105009349843e-17	-2.054841605693166e-17
7.002666666666667	-0.5046466655305278	0.02650750771564108	0.008350731409698319	-0.2796690629519585	0.9818481273570338	-0.001202169633842383	0.4442840875851928	0.001460500175698257	0.0008153128652977035	0.4405336720281279	-0.004677993329702663	0.001518805226567731	0.08494600539198506	-0.01360784528703183	-0.007617611137297663	0.4922217907853472	0.4922217907853472	0.07166433133412325	0.07166433133412325	0.3776369749932979	0.0004537361248308995	1.570530110615752	0.487398448859517	0.01052170776762673	1.570606777641726	0.005247475551607759	-0.006347564082037567	0.002367067072319309	0.008810573138543429	7.261746072244224e-05	-0.001431736217997946	9.614949243706463e-05	2.702271389596369e-05	-2.603425179782435e-05	-3.911654779054585e-05	4.946119517962208e-05	1.198159638883497e-05	-1.472638458954781e-05	1.010574061890808e-05	0.1696526477256989	0.01366391742126335	0.00864411489357501	0.2110879925064949	0.00506663972945036	0.01701713652343185	1.123422201644373	-0.005401331495764173	0.001588772456865745	-0.7386680275642968	-0.004279114828975621	-0.001861036252691171	-0.2449003084286158	-0.002803526298501872	-0.002465855787279256	1.320190568019207	1.320190568019207	-0.5496614587273575	-0.5496614587273575	-0.07495502099379292	0.001197404474086469	-0.0002457155129907868	-0.08527218975492572	0.01096148483796734	-0.0002759201359599174	0.0002737975071911919	-0.006409964937842167	-0.008110836290377271	0.008452470240536079	-0.0006067749007721246	-0.001472071159945392	3.712243793864337e-05	-0.001416724007271289	-0.0001288895258213177	0.00433324300464463	0.0001663181432448882	-0.0001504185440699711	0.0006047067774116166	-0.005405107153893886	0.0456029947801683	0.002110229642272496	0.00235298689779239	-0.04566454244657036	0.00336963269971397	0.00300916425738424	0.01266541467842273	0.003681134393798008	-0.0006065201881301776	0.003821742964027324	0.003960921346731996	-0.0006303184759210625	-0.0001840956120072177	0.03930164113538779	-0.02186543059068103	0.001388304859838974	-0.05440287492041167	0.02777183150735302	-0.000352755818060538	-0.0001403465379463314	-0.009047554472985941	0.05671966449716214	0.0192245790713608	0.08318666386789812	-0.1106781387322224	-0.0009650618006965695	-0.08914909804809645	5.738557115231703e-06	2.245540673364887e-05	5.15308371656324e-05	-0.02899527029028246	0.02393379928854469	0.0003924572200959908	0.02491237784275123	-2.843860763568144e-05	1.194460264922058e-05	-7.838783274161223e-05	-0.02978076363965527	-0.03257062412616071	-4.793358630111204e-17	1.312792425821543e-17
7.024000000000001	-0.5012896536618432	0.02676608301593339	0.008513511548674588	-0.2751745468329712	0.981914656579339	-0.0008437978944994432	0.4691266963047392	0.001353298991608889	0.0008504114376690116	0.4252333074407967	-0.004789487531324807	0.001475056976149669	0.08011910067645107	-0.01366586121691413	-0.007673772039035023	0.519145294474349	0.519145294474349	0.06023890745979521	0.06023890745979521	0.3759169924123912	0.0004974568788568793	1.570524146882755	0.4855337950824621	0.01076428896700262	1.570600235863679	0.005255518941990383	-0.00652241392529097	0.002229474583025829	0.008975999312986642	5.713992733853433e-05	-0.001446677803092026	9.73733874678913e-05	2.889891606820185e-05	-2.642059614195413e-05	-3.355192594815258e-05	5.084343889915659e-05	1.589992715147094e-05	-1.022315286463977e-05	1.045973530442341e-05	0.1451959519324595	0.01065950348867589	0.006688375244330386	0.2102013106258561	0.001099950763762039	0.01642771078711353	1.203638010320005	-0.004859815200860841	0.001621548242834913	-0.6925100665704347	-0.005861759399745626	-0.002004649209370639	-0.207419867043494	-0.002793736048739363	-0.002890845325279335	1.201439937187678	1.201439937187678	-0.5155785923907356	-0.5155785923907356	-0.08649796639455595	0.002915103045863501	-0.0003045989462803448	-0.08981158373580035	0.01153676762053883	-0.0002784117644779949	0.0004690103902443763	-0.009100818113307079	-0.004896113676648813	0.007361469621660567	-0.0007318972983798409	-0.0001734466710010588	6.130104986355511e-05	0.0008309976766445648	4.549118223450234e-05	-0.002054238350646127	1.645148246066906e-05	0.000306031652246428	-0.0001049102673635672	0.002823737073619389	0.04497410389928103	0.002684040279694878	0.001711115696909685	-0.04439423519134031	0.003036643780665636	0.003730764704366396	0.01327521946966595	0.004159411846969521	-0.0006864949313390078	0.004505504220444065	0.003943992515516201	-0.0006176421993412311	-0.0001850788720859456	0.04270365914405705	-0.00867922411350854	0.0006065487210212498	-0.05116290693061024	0.02601124305839815	0.001046082196363825	-0.0001357876490272561	-0.01150195431958258	0.0651895644384124	0.0216317866178266	0.08267864625936801	-0.09469171671285359	-0.0009437369573860843	-0.07605085936717883	8.062724735058636e-06	2.528183379749551e-05	5.745568824327673e-05	-0.02096430456169475	0.03170078360370534	0.0002442693524567552	0.02987495628535697	-2.879341933341485e-05	7.313296203741596e-06	-7.720682565732474e-05	-0.02961168872118141	-0.0326076949949295	-1.475479239433171e-17	3.625364861570994e-17
7.045333333333334	-0.4984461454707338	0.02696581128881275	0.008639167776768633	-0.2707035279075581	0.9818920495614439	-0.0005077607790473753	0.4955567768578067	0.00124414387109634	0.0008810783173606537	0.4111244355206997	-0.004914795558028666	0.001443330615592196	0.0761047157734554	-0.01373379749906447	-0.0077448628450293	0.5433787815715072	0.5433787815715072	0.04991776470839252	0.04991776470839252	0.3739376646221877	0.0005786978262016868	1.570517489242435	0.4835548620594048	0.01100354382682911	1.570597414357547	0.005267006237018278	-0.006698259692040752	0.002153572980696437	0.009137685912081818	4.618329569671732e-05	-0.00144957902970472	9.806882592083004e-05	2.998281597043888e-05	-2.610624663900387e-05	-5.178500621708424e-05	5.243232091657629e-05	1.600511644966742e-05	-1.589083180130883e-05	1.90307535928954e-05	0.1215116779530141	0.008147008601299159	0.005163748248366735	0.2088851306088935	-0.003289882789311897	0.0149232655336626	1.272247686036968	-0.005584513035437329	0.001173301268147034	-0.6269655900110854	-0.005574160930386336	-0.000733984078260881	-0.1687265760031479	-0.003733559323630482	-0.003865534311365033	1.068001512533869	1.068001512533869	-0.4461351034531038	-0.4461351034531038	-0.09926863436535974	0.004714922597726594	-0.0003107693245942172	-0.09598586906765227	0.01064964050521178	7.28553561517674e-05	0.0005966635676854925	-0.006503332765627735	-0.002327315637493972	0.008101885051657853	-0.0001829403624511014	-0.0003432875523154382	-1.242036623835121e-05	-0.001491002345083895	-6.319947765756232e-05	0.002102208431707905	0.000185690483671625	-0.0005079005563611746	-0.0003488160971112414	-0.004634761191116695	0.04434521301839377	0.003257850917117261	0.001069244496026979	-0.04312392793611025	0.002703654861617303	0.004452365151348551	0.01388502426090918	0.004637689300141032	-0.000766469674547838	0.005189265476860807	0.003927063684300407	-0.0006049659227613996	-0.0001860621321646737	0.0461056771527263	0.004506982363663945	-0.0001752074177964742	-0.0479229389408088	0.02425065460944329	0.002444920210788187	-0.0001312287601081807	-0.01395635416617922	0.07365946437966264	0.02403899416429239	0.08217062865083789	-0.07870529469348478	-0.0009224121140755991	-0.06295262068626119	1.038689235488557e-05	2.810826086134214e-05	6.338053932092107e-05	-0.01293333883310703	0.039467767918866	9.608148481751962e-05	0.03483753472796272	-2.914823103114826e-05	2.681989758262613e-06	-7.602581857303723e-05	-0.02953066011895385	-0.0327426559562526	1.034186351081925e-17	1.170621938677016e-17
7.066666666666666	-0.4961379523151875	0.02710879107361739	0.00872363982410833	-0.2662621113879658	0.9817679359753005	-0.0002106884177388386	0.5233371941511672	0.001128742871120888	0.0009147433393573785	0.3985953100600997	-0.005035972267902004	0.001410838753868348	0.07298717952651576	-0.01382694120043735	-0.007832518281023585	0.5645979839079616	0.5645979839079616	0.04136398327781583	0.04136398327781583	0.3716573579182529	0.0007046807412151943	1.570514392378125	0.4814402256542726	0.01122502093585998	1.570592785037018	0.005280476585191789	-0.006822411344808322	0.002123191652895352	0.009287749086446395	3.368447638552427e-05	-0.001465930659050319	9.751089693587673e-05	2.370050474243207e-05	-2.645155947488348e-05	-2.219307422238289e-05	5.263705645169911e-05	1.152852537681987e-05	-9.362567085739804e-06	-6.460473022266798e-06	0.09323485356889394	0.005138717795131511	0.002825638908115727	0.2075699594258094	-0.00848014012697099	0.01276289205348821	1.33062408542799	-0.005200207383524823	0.001804270965461383	-0.5454726470020532	-0.005668517842539136	-0.002005070754370055	-0.1208286174710743	-0.004743624980059445	-0.004202538106465186	0.9183122612419622	0.9183122612419622	-0.3548725190145511	-0.3548725190145511	-0.115519011660895	0.006785120087628	-6.081763883983448e-05	-0.1034152340886132	0.01008533065700601	-0.0003627497040351464	0.000658257179215874	-0.005490400249989791	-0.0005231534936352292	0.006346066161814491	-0.0008164641635406551	-0.0008179478071122201	-8.868379295967565e-06	0.0004727132032618682	1.011309716669211e-06	0.0003222054991973907	-7.692474438686322e-05	5.709240855158831e-05	0.0004755561835462307	0.001176335247432578	0.04211507053836917	0.004048309250996411	0.0007762785298874392	-0.04091350623568032	0.002651920186912431	0.00535866967562355	0.0124575934876417	0.005220785571397583	-0.0008438775828939408	0.006430497856420066	0.003883987359981213	-0.0005840869350794333	-0.0001864204749000196	0.03847578492950246	0.01548916909081304	-0.0006542948839438163	-0.04076163409097051	0.02156477975106258	0.003709535686435958	-0.000130014578311248	-0.001843531686508378	0.08026838348485313	0.02475857097086787	0.08833430630086543	-0.06480780625934869	-0.0009732843637270803	-0.05272770522618628	1.19254291233355e-05	2.987792596840129e-05	6.763463306835677e-05	0.008023374324888352	0.04639207003007112	-0.0002619947510061202	0.03687069940974314	-2.89956055841261e-05	-2.589040305010669e-06	-7.111281664365471e-05	-0.02915444738050944	-0.03243547214179576	2.478480396016492e-17	-8.843735405025326e-18
7.088000000000001	-0.4945383789957111	0.02718000176843417	0.008762720699499382	-0.2618441252089451	0.9815244969495054	2.977589371910114e-05	0.552264264245133	0.001023724284758691	0.0009504435392007356	0.3879434063117838	-0.005151633107461819	0.00137088203744221	0.07106515149421443	-0.01392531055634626	-0.007917787150088774	0.5824326830531174	0.5824326830531174	0.03481533772745775	0.03481533772745775	0.368965807376608	0.0008549331111282588	1.570511427436643	0.4790932439574853	0.01143263493499255	1.570588085493446	0.005294753769171903	-0.006947642766969731	0.002131157059910825	0.009424644622635762	1.870150885477208e-05	-0.001468617660761361	9.901383786788442e-05	3.183415417056566e-05	-2.733520791305238e-05	-5.29636385115066e-05	5.297192789172874e-05	1.711294253271612e-05	-1.630591647771914e-05	2.362645701347706e-05	0.0550785683214686	0.001418656414936561	0.0009083258781813899	0.2066885361803077	-0.01447664275666443	0.009616260860169217	1.379746386093714	-0.004611161759194789	0.001364099191268813	-0.4509760544844514	-0.00505704808849376	-0.001433814206600633	-0.05664768088080645	-0.004223464436382348	-0.003641793661762449	0.7507043383496276	0.7507043383496276	-0.2581536146826122	-0.2581536146826122	-0.1378227441506898	0.006990183994560021	-0.0002984015595424328	-0.1177682401603219	0.009349973952247057	6.627194573213082e-05	0.00067230442455457	-0.006604561146300298	0.001267690751558259	0.006867418972732029	-0.0004158292580347694	0.0009377712884242789	0.0001807861884767417	-0.0001395060335707536	-0.0001136684403721828	-0.00355677559490061	0.0001978907247566389	0.0004353189650835427	-0.001611779919693881	0.0005756909949056712	0.03988492805834458	0.00483876758487556	0.000483312563747899	-0.0387030845352504	0.002600185512207559	0.006264974199898549	0.01103016271437422	0.005803881842654133	-0.0009212854912400436	0.007671730235979325	0.003840911035662018	-0.0005632079473974669	-0.0001867788176353655	0.03084589270627863	0.02647135581796213	-0.001133382350091158	-0.03360032924113222	0.01887890489268187	0.004974151162083729	-0.0001288003965143153	0.01026929079316246	0.0868773025900436	0.02547814777744336	0.09449798395089298	-0.05091031782521263	-0.001024156613378562	-0.04250278976611135	1.346396589178542e-05	3.164759107546044e-05	7.188872681579245e-05	0.02898008748288374	0.05331637214127624	-0.0006200709868297601	0.03890386409152357	-2.884298013710393e-05	-7.860070368283953e-06	-6.61998147142722e-05	-0.02884943926538699	-0.03242550134025819	-1.36146842512968e-17	-9.56621698858144e-18
7.109333333333334	-0.493842858439155	0.02718334768710151	0.008766625082800482	-0.2574471697928656	0.9811504049488063	0.000197053284063778	0.5821459700092576	0.000921152362756915	0.0009836598134335521	0.3794009840411003	-0.005234462921024642	0.001338653113712682	0.07063166289518415	-0.01403092616888727	-0.007999215634061668	0.5965458555215399	0.5965458555215399	0.0303189416906738	0.0303189416906738	0.3657678029440219	0.001017505446416564	1.570509170108115	0.4763861600932487	0.01161265531290542	1.570585359105693	0.005313182534918344	-0.007023367755644139	0.002165792825600704	0.009549622582761898	7.39719292906911e-06	-0.001474557545345187	0.0001004231425325521	2.393793848812255e-05	-2.789648761868241e-05	-3.682487314788471e-05	5.706172170494925e-05	1.655193336698713e-05	-1.206775938479027e-05	-7.605223335767928e-06	0.01045033037650944	-0.001297588820942582	-0.0004858011961343582	0.2053527011220951	-0.02037999987338454	0.005984907698283047	1.418586062659142	-0.004884417379239072	0.001664189302204418	-0.3522643399896951	-0.00278165028916795	-0.001621073544198531	0.0148262341077095	-0.00535120660652043	-0.003801258767891563	0.5708057806418922	0.5708057806418922	-0.167643212276373	-0.167643212276373	-0.1612013545705809	0.008017778613290989	1.542904667257794e-05	-0.135404251511427	0.007633842835933155	-0.0002325886443964832	0.0009997524306617365	-0.001885474951010228	0.001932643473504081	0.00511846340822615	-0.0006173558895853636	-0.0008299185748705943	-5.647231771418873e-06	-0.0003079528892751048	3.89345009247926e-05	0.002624025827753358	0.0001235208120400898	-0.0002427698625854034	0.001030850818763769	-0.00181195104723475	0.03780272953064436	0.005843981559253417	-0.0005377955346502266	-0.03644503036872304	0.002050143411403917	0.006841594304588844	0.009397872615112702	0.006046833090873591	-0.0009324272228023502	0.008935519256401993	0.003812244662137792	-0.0005490630305444341	-0.0001870471271594401	0.02514797808785297	0.03269133103332113	-0.001362081039870922	-0.03002255709901517	0.01741170885895225	0.005589653817039454	-0.0001324720125721009	0.02161222453264787	0.0894711595408075	0.02397074290785059	0.09992223763808991	-0.04043032964104688	-0.001071958136770905	-0.03500483474170855	1.412537919177484e-05	3.230829406136536e-05	7.359592186626176e-05	0.05484099564202619	0.05562590061956136	-0.001052377209172031	0.03659247147819097	-2.737136864247234e-05	-1.170407815107583e-05	-5.512424890618749e-05	-0.0284904968769902	-0.03202930916667099	-4.320218056624999e-17	-9.123072452085048e-18
7.130666666666667	-0.494078680781424	0.02711641985474834	0.008744403368360588	-0.253089805500485	0.9806641015388216	0.0002816722526277613	0.6126592976755456	0.0008204654546784197	0.001017790828218383	0.3728115600573943	-0.005273448729661929	0.001300290050440421	0.07164731014994566	-0.0141396855525576	-0.008071830491959142	0.6067188048971185	0.6067188048971185	0.0274808135338851	0.0274808135338851	0.3621215390998333	0.001187075395410425	1.570509041562862	0.4733423050386159	0.01176290690063656	1.570581971083151	0.005335035902383604	-0.007087431283667118	0.002211621045623474	0.009654518202469748	-6.504311696516809e-06	-0.001475666265842243	0.000100608266139727	3.118811291651049e-05	-2.661753180082972e-05	-4.535758804680077e-05	5.559653285588417e-05	1.721422676524216e-05	-1.4061884888532e-05	1.849617149573448e-05	-0.03223482844337962	-0.005169507743236587	-0.001540995785036751	0.202976868333522	-0.02499646237720676	0.001867033818229154	1.438960939421548	-0.004434441703887222	0.001449856118020154	-0.2678824650803098	-0.0009466726267249626	-0.002008889788731855	0.07920880541217254	-0.004518192979755844	-0.002815516217191893	0.3813084233954881	0.3813084233954881	-0.1026910009330555	-0.1026910009330555	-0.1798470639884339	0.007646210279455928	-9.882812754941853e-05	-0.1493405392599806	0.00655914987270922	4.243684104167642e-06	0.0009933608356938141	-0.005511299210228879	0.002316983345266703	0.004984699558517808	-0.0006593156986487977	0.001390692921559019	6.60192143367905e-05	0.001280468039319665	5.88536399543236e-05	-0.005869726869513557	-0.0003228888998326381	0.0005500035804570448	-0.002196056413131752	0.005950666793100773	0.03572053100294412	0.006849195533631273	-0.001558903633048352	-0.03418697620219568	0.001500101310600275	0.007418214409279141	0.007765582515851188	0.00628978433909305	-0.0009435689543646567	0.01019930827682466	0.003783578288613567	-0.0005349181136914011	-0.0001873154366835147	0.01945006346942732	0.03891130624868014	-0.001590779729650685	-0.02644478495689812	0.01594451282522263	0.006205156471995181	-0.0001361436286298865	0.03295515827213327	0.09206501649157139	0.02246333803825782	0.1053464913252869	-0.02995034145688114	-0.001119759660163248	-0.02750687971730575	1.478679249176425e-05	3.296899704727028e-05	7.530311691673105e-05	0.08070190380116865	0.05793542909784647	-0.001484683431514301	0.03428107886485837	-2.589975714784075e-05	-1.554808593386771e-05	-4.40486830981028e-05	-0.02827568498477366	-0.0317510539699196	-2.451528649165049e-17	-2.294323953561801e-18
7.152000000000001	-0.4951839482021789	0.02696722607767344	0.008701542562655427	-0.2487998451942228	0.9800975326347197	0.0002757837703412746	0.6434635424004043	0.0007290316224283923	0.001049358341644321	0.3678902534736838	-0.005268001536341797	0.001265116218405263	0.07391712810629945	-0.01422487134840098	-0.008118443826277914	0.6128967902860319	0.6128967902860319	0.02580071237570465	0.02580071237570465	0.3581454607875518	0.001343138539712366	1.570508369942036	0.4700095027431819	0.01188753741750047	1.570580548446378	0.005348404296396131	-0.007139070647270106	0.002255919796187585	0.009743997495332567	-2.156118674749262e-05	-0.001464462738335935	9.932264304816257e-05	2.802441718512888e-05	-3.373204173107963e-05	-5.898256733307381e-05	5.333348546227428e-05	1.609801955468165e-05	-2.078047201678363e-05	1.080473407917297e-05	-0.0690013342752895	-0.008660962303362276	-0.002389818608457843	0.1988165955421633	-0.0276864409725362	-0.002396175003447124	1.446982246830699	-0.004277491244655275	0.001553386616521516	-0.196941737874266	0.001621554857038545	-0.001530733221229755	0.1292353881616251	-0.003622749926561152	-0.00155884221084067	0.2029876484247532	0.2029876484247532	-0.05792242563571263	-0.05792242563571263	-0.1909196287796462	0.006893155115155378	2.248678478384212e-05	-0.1610594300201561	0.005100661400129655	-0.0001006831037660976	0.0006645344931191794	-0.0005139955169671889	0.001930601041220488	0.003667443587827024	-0.0006854175598767169	6.691093219781304e-05	-8.058450841911623e-05	-0.0008164472502206482	-0.0004013219271056933	0.002360131499650689	8.19198352727808e-05	-0.0003354584382244571	0.0007999207224718713	-0.00348143977750053	0.03351219688468087	0.007735823472418153	-0.00349353151153497	-0.03154510365463674	0.0008355057935034094	0.007195710318928899	0.008080515612644683	0.006625782639787925	-0.0009878272708644744	0.0113796983605495	0.003779879729658693	-0.000513518723139084	-0.000186102795134107	0.02566624631580282	0.04080253491641783	-0.001606324651919282	-0.03008147022327781	0.01645849125854865	0.00611167092581461	-0.0001398290038394935	0.02738597744111086	0.08987989485693751	0.01989483769406018	0.1038291242798286	-0.02471386921215255	-0.001100949590478129	-0.02310416878929683	1.553057857600326e-05	3.179061475048589e-05	7.856979904795492e-05	0.09260668336676435	0.05163859060059336	-0.001667372851192285	0.02796023244812378	-2.327369015796605e-05	-1.503471466134473e-05	-3.21784423679895e-05	-0.02833528651077151	-0.03164162445563184	-8.053440907286531e-18	3.296091470756474e-18
7.173333333333334	-0.496921077636813	0.02675356051611625	0.008646166249764603	-0.244623617523706	0.9795012851308121	0.0001804126910573318	0.6743138039209823	0.0006319853514354282	0.00108593696015999	0.364261439583539	-0.005197256187215433	0.001224650179383555	0.07697570047857509	-0.01430085993005353	-0.008138527048609311	0.6155976354052509	0.6155976354052509	0.02487702180588246	0.02487702180588246	0.3540605692962567	0.001477277026619368	1.570509430251694	0.4665579131835394	0.01197949833389423	1.570579251069243	0.005380652665402597	-0.00715988354633946	0.002298028621615887	0.009822236731676471	-3.289657974444158e-05	-0.001455434411666743	0.0001016910335992563	2.880603350084738e-05	-2.989454122146461e-05	-3.990146269742794e-05	5.786262198074182e-05	1.652008831183114e-05	-1.262604168488037e-05	6.074176654235209e-06	-0.09147189224454944	-0.0112137375384516	-0.002714324583692311	0.1923144337323798	-0.02777883110897445	-0.006521959650282396	1.44327501402024	-0.004960607836037527	0.001919647220182408	-0.1467112750585303	0.005175029480109301	-0.002505034193720911	0.1531545319048461	-0.003655954149365631	-0.0003283182183754334	0.05532652311163302	0.05532652311163302	-0.03177750827446818	-0.03177750827446818	-0.1900482995209548	0.005590773648680413	6.354035535284195e-05	-0.1604768452795311	0.003496374828632582	1.598677520425038e-05	0.002763358491375441	-0.002621318160200634	0.002111677863784592	0.003930944259869546	-0.0003104267560837781	0.001186767843079442	0.0004085829933359945	0.001650341043735301	0.001085604618691666	-0.002803531501833641	0.0003138783419246248	0.0006942169524298587	-0.0008017110262422228	0.006228249292315502	0.03130386276641763	0.008622451411205033	-0.005428159390021587	-0.02890323110707779	0.0001709102764065434	0.006973206228578658	0.00839544870943818	0.0069617809404828	-0.001032085587364292	0.01256008844427434	0.00377618117070382	-0.0004921193325867668	-0.0001848901535846994	0.03188242916217833	0.04269376358415551	-0.001621869574187879	-0.03371815548965749	0.01697246969187466	0.00601818537963404	-0.0001435143790491004	0.02181679661008845	0.08769477322230361	0.01732633734986254	0.1023117572343704	-0.01947739696742396	-0.00108213952079301	-0.01870145786128791	1.627436466024228e-05	3.061223245370151e-05	8.18364811791788e-05	0.10451146293236	0.04534175210334024	-0.00185006227087027	0.02163938603138918	-2.064762316809136e-05	-1.452134338882175e-05	-2.030820163787621e-05	-0.02855273183837254	-0.03144011288606571	-5.153795644356645e-18	1.338571966588337e-18
7.194666666666667	-0.4989644608676644	0.02646215222131553	0.008585230152934992	-0.24059126037201	0.9789282951660382	-1.125470332254145e-06	0.7048613164805649	0.0005463230606961244	0.00111757755636632	0.3614655586602114	-0.005080359298278486	0.001182122681944961	0.08032275161301275	-0.01434058649636251	-0.008125505969314566	0.6153924379179098	0.6153924379179098	0.02435317506083945	0.02435317506083945	0.3500451403268017	0.001578449024205682	1.570509837996445	0.4631261580165042	0.01205692896212675	1.570581544514825	0.005416414418859248	-0.00719237049674944	0.002327969053918012	0.009894810811328061	-4.449195166512811e-05	-0.001425870592887868	0.0001049511949034723	3.457903386277758e-05	-2.236065413804249e-05	-6.666917971398386e-05	6.03083088086617e-05	2.405689365852708e-05	-2.107561549311751e-05	3.426791052070776e-05	-0.09708616588215152	-0.01547948578271056	-0.002909776789128531	0.1860479280525265	-0.02583801713983529	-0.01040073963497979	1.415853381481495	-0.003551861517509735	0.001306401374919344	-0.1190434924455922	0.006301754039781612	-0.001688793143419117	0.1585253374747774	-0.0007818698103236228	0.001359647264961716	-0.07059945383160482	-0.07059945383160482	-0.01831864818833051	-0.01831864818833051	-0.187035026000534	0.004053649662348732	1.795899641928181e-05	-0.1616841823036256	0.003551269462943969	0.0001268877292019882	0.0009373926284520004	-0.0006662543264367751	0.0007449242326328042	0.003058959403776074	-0.0006975102202180421	0.001403791545221333	-5.475056005528403e-05	-0.0005766599166381848	-0.000210944523115425	0.000114480375015346	-4.134782766559425e-05	-2.220419956008603e-05	-3.969644454882802e-05	-0.001845548022734117	0.02857584051407168	0.008728938837625481	-0.007565658328721576	-0.02539643161528655	0.0009264711077898615	0.005836639406553468	0.007710104907597987	0.007105814976228774	-0.001029909503768022	0.01379256632163353	0.003682203872055387	-0.0004625959490174666	-0.000179288213145843	0.04656380306916229	0.04052286266172681	-0.001457444427882796	-0.04125885263646394	0.01848672792713402	0.005363715300340234	-0.0001432264464440276	0.004065745430076754	0.0801369827786462	0.01508008412353081	0.09782846874488718	-0.01915163537732245	-0.001036787387588164	-0.01800229904830748	1.807653283787927e-05	2.814551677418887e-05	9.018791265016273e-05	0.0913502156293866	0.03217996507172973	-0.00159961479853863	0.01450908472008019	-1.735886060612914e-05	-1.001887413300497e-05	-1.142773924630755e-05	-0.02827001996301903	-0.03150379677573237	-2.87597298497238e-18	-3.479116171001786e-19
7.216000000000001	-0.500935031604452	0.02611982477355386	0.008525798502173205	-0.2366715404307592	0.9784031707333262	-0.0002592347239813324	0.7345229761672724	0.0004598897305608711	0.001152759107388905	0.3590269041856614	-0.004906292807083852	0.001143768361967406	0.08364958476661252	-0.01436466059900483	-0.008088596376495573	0.612754536947082	0.612754536947082	0.02405337712093959	0.02405337712093959	0.3460532355091366	0.00165704014980491	1.570512042828875	0.4596408715631772	0.01212199614115703	1.570581587142216	0.00543549978483592	-0.007198632355390708	0.002331932015780196	0.009960691903946769	-5.928083911321067e-05	-0.001403264046951964	0.0001014112149733443	2.692027036604131e-05	-3.171155846349114e-05	-4.26789467081317e-05	5.794366929704906e-05	1.40980318662611e-05	-1.64215135064339e-05	1.551113053830059e-06	-0.08464572092606643	-0.01598740812854104	-0.002573282764833711	0.1817546952531376	-0.02329143747815444	-0.01370049954960968	1.360226307188196	-0.005032892779407776	0.002251611734206258	-0.1132212954856241	0.01053467969176731	-0.002113798806748488	0.1512590962012933	-0.002188535680616182	0.001911229924522827	-0.1727394284652102	-0.1727394284652102	-0.0107729327922988	-0.0107729327922988	-0.187842910290649	0.003473816899891187	0.0002320173251652381	-0.1654954033693784	0.002337301465922537	-0.0001950274301001412	0.001199947165127515	-0.0001627158068838898	-0.0003237099899599104	0.003303476725536587	-0.0006098188367771511	0.0005345235140508802	-0.0002289302473837417	0.0003911131819853381	-0.0004973445758899444	0.001955026312767046	-0.0001370897524065425	-0.0009460018418477966	0.0004267585795315787	0.0005178869798140001	0.02584781826172572	0.00883542626404593	-0.009703157267421565	-0.0218896321234953	0.001682031939173179	0.004700072584528279	0.007024761105757795	0.007249849011974749	-0.001027733420171752	0.01502504419899272	0.003588226573406955	-0.0004330725654481664	-0.0001736862727069867	0.06124517697614625	0.0383519617392981	-0.001293019281577713	-0.04879954978327038	0.02000098616239339	0.004709245221046428	-0.0001429385138389548	-0.01368530574993494	0.07257919233498877	0.01283383089719909	0.09334518025540396	-0.01882587378722094	-0.0009914352543833182	-0.01730314023532704	1.987870101551625e-05	2.567880109467624e-05	9.853934412114663e-05	0.07818896832641313	0.01901817804011923	-0.00134916732620699	0.007378783408771204	-1.407009804416692e-05	-5.5164048771882e-06	-2.547276854738896e-06	-0.02791626885137741	-0.03140435462404607	-4.852726034058186e-18	-1.799389027702767e-19
7.237333333333334	-0.5024598781239695	0.02574162905607715	0.008466393444137117	-0.2328191867747942	0.9779295034713623	-0.0005832882943407818	0.7626270845208724	0.0003720880567328947	0.001192420687597268	0.3564883752316973	-0.004683670997541989	0.001093075444051578	0.08670104097725014	-0.01437139719597372	-0.00802192878175167	0.6080455584634684	0.6080455584634684	0.02388554243998116	0.02388554243998116	0.3420072947241507	0.001694593457011442	1.570513741283916	0.4560331096298982	0.01218366708196623	1.570581555644115	0.005476717189688633	-0.007211037988539921	0.002328443604979433	0.01004023205351716	-7.351999015070756e-05	-0.001364804420106412	0.0001080071690074884	3.569443464453078e-05	-3.227254520808836e-05	-5.925732344968451e-05	6.416828220960762e-05	2.606247794391505e-05	-1.346111041118601e-05	2.307424407311771e-05	-0.05701794999232222	-0.01909410915522656	-0.002801953822774923	0.1798614072696313	-0.0213316756955141	-0.01652771600131465	1.268129747926394	-0.003492053181443219	0.001566144850794844	-0.1266609322318082	0.01045889607205554	-0.002361076249585565	0.1347493553508901	0.0009743331731327133	0.0040345598589112	-0.2712019657601102	-0.2712019657601102	-0.005068216387517481	-0.005068216387517481	-0.1926349263047042	0.0005859838117599712	-6.945036971604948e-06	-0.1738198292672938	0.003315308875570003	0.0001525312574659665	0.002164643978062424	-0.0005555142689877632	-0.0002903458952745328	0.003971401487231724	-0.000700008456920876	0.002392393834300797	0.0004891014642159598	0.0002584407446420584	0.0001798790179615346	-0.001821513224582112	0.0004340415883065826	0.001139338181678603	-9.751307238896686e-05	0.0008773238987657655	0.02278750333908326	0.007458792925259321	-0.01119079718372603	-0.01814774092996985	0.002207323593129041	0.002762982818632077	0.003126498708354413	0.006739671212987118	-0.0008936476902867939	0.01617231850426313	0.003410550265451791	-0.0004119024401548969	-0.0001660697047230176	0.07354646063515603	0.03419524964249405	-0.001066275362359213	-0.05523515484227567	0.02145663339931248	0.003917186445771356	-0.0001405321607824565	-0.02566019728516369	0.06331234484108292	0.01183865861229281	0.09733158376635416	-0.01577738087341308	-0.001029583773648839	-0.01632906082252119	1.996964390074249e-05	2.326757690419763e-05	0.0001001473947986802	0.05939413830168065	0.007361158648271869	-0.001008066137451973	0.002285332505287393	-1.267332349730578e-05	-9.676231037188043e-07	-1.884284658538377e-06	-0.02697187148722796	-0.03108527048965644	-6.258003781278526e-18	-2.298373144924069e-20
7.258666666666667	-0.5033127280185716	0.02532111424873036	0.008414525276807874	-0.2289779146368109	0.9774837687894296	-0.0009579401887723441	0.7883566036826162	0.0002983711291349041	0.001223825914482743	0.3535418451770177	-0.004454807913587189	0.001054872777911486	0.08939609301859272	-0.01434794863606159	-0.007929438504064475	0.6010776675221587	0.6010776675221587	0.02383258291390044	0.02383258291390044	0.3377841874320118	0.001705047060644321	1.570514555771433	0.4521781566550584	0.01225794359784824	1.570586407964909	0.005506544197265166	-0.007203356248174526	0.002307297849681533	0.0101223725728652	-8.807722698962736e-05	-0.001330145277207672	0.0001069963665614889	3.056471922624579e-05	-3.533797052368879e-05	-4.838677889486482e-05	6.423427041296319e-05	2.310102714004526e-05	-1.837587533793684e-05	1.242007281008618e-05	-0.02164603734023656	-0.01995482280386049	-0.0018666992610666	0.1807158029423461	-0.02067275810025196	-0.01844409243137038	1.137608570451656	-0.003712447820346565	0.001477578610185635	-0.1514713986776922	0.01111979916798035	-0.0009428377027732451	0.1178462053298849	0.0006413227769788864	0.004332106450456177	-0.3845124713742212	-0.3845124713742212	-3.387022512656267e-06	-3.387022512656267e-06	-0.2044522703362424	0.0009332196898612529	0.0001491453699264815	-0.1886695635156897	0.003519074128998955	0.0002628305914220286	0.0001320974204856968	0.001720475460110571	-0.001979086036566555	0.00354726139219181	-0.0006396393806605516	0.0001782281440372592	-0.0009420636673972343	-0.000912375539587302	-0.000732135691921501	0.004528362684302037	-0.000714460818894341	-0.002345304674490685	-0.00031153842253082	-0.002498735109153505	0.01972718841644079	0.006082159586472713	-0.0126784371000305	-0.01440584973644439	0.002732615247084902	0.0008258930527358761	-0.0007717636890489694	0.006229493413999486	-0.0007595619604018357	0.01731959280953354	0.003232873957496626	-0.0003907323148616274	-0.0001584531367390484	0.08584774429416581	0.03003853754568999	-0.0008395314431407137	-0.06167075990128095	0.02291228063623157	0.003125127670496284	-0.0001381258077259583	-0.03763508882039245	0.05404549734717706	0.01084348632738654	0.1013179872773043	-0.01272888795960521	-0.00106773229291436	-0.01535498140971536	2.006058678596874e-05	2.085635271371903e-05	0.0001017554454762138	0.04059930827694818	-0.004295860743575491	-0.0006669649486969554	-0.002808118398196418	-1.127654895044464e-05	3.581158669750591e-06	-1.221292462337858e-06	-0.02596738307764069	-0.03106761728006159	-3.225943890485304e-18	4.84234588618748e-20
7.28	-0.5034202668847072	0.02490417562619069	0.008382114301529853	-0.22510919179822	0.9770341791482903	-0.001366236415237355	0.8110609442993967	0.0002026551567913416	0.001259508921403291	0.3500584167645048	-0.00420159720007615	0.00101735443337141	0.09175444883317174	-0.01434890358408267	-0.007832133054391415	0.5916266466174089	0.5916266466174089	0.02390948432078963	0.02390948432078963	0.3333049617518129	0.001717757339149651	1.570519616972832	0.4480079958337475	0.01232681815776014	1.570591242601297	0.005541570700221776	-0.007215095052986714	0.002267306759139702	0.01020689060355571	-8.911650963381385e-05	-0.001291626371773618	9.556274730752789e-05	2.358844154433719e-05	-1.111789918904078e-05	-5.563578368802573e-05	5.344207604975987e-05	-3.402351599666755e-06	-2.101706343460406e-05	-4.902413052855536e-06	0.008760466281257659	-0.01944767990963945	-0.001504254437270272	0.1817342272272646	-0.02159889201348728	-0.01971572448423446	0.9908900242916406	-0.00472913287349067	0.001826463379625443	-0.1725671640102688	0.01203412989143986	-0.002281422726153402	0.1052300014757905	-9.806761909317169e-05	0.005002344358738786	-0.5020016891849454	-0.5020016891849454	0.007020148105358348	0.007020148105358348	-0.214845466331875	0.0001029966678194008	0.0002598030912755859	-0.2017128037626958	0.003048895982876037	0.0001799798423136074	0.002313744698277239	-0.001175692781907775	-0.001717690708987903	0.004373666254605691	2.077926366608831e-06	0.002586731701967761	-5.172129579551309e-05	0.0001319783066250934	0.001276730614420303	-0.00263729342942802	-0.0001374633070475589	-4.673229610505522e-05	5.734454127024295e-05	0.0004258172737347282	0.01580220431011203	0.003809624758324377	-0.01322786616880424	-0.01121143249711471	-0.003173034408862606	-0.001414126416941787	-0.005100391485721534	0.005621656028053709	-0.0006162850959702745	0.01851105327618861	0.003130374240585371	-0.0003875902099356138	-0.0001542326552803815	0.09109582239637136	0.02717335951434786	-0.0006610438741476174	-0.06548607369755544	0.02407137539851622	0.002594498432343025	-0.0001391313843904825	-0.03951494415846503	0.04795722128716602	0.01108482492446347	0.1161402964174735	-0.00686137521986982	-0.001215433901539208	-0.01398489025131643	1.791365744808081e-05	1.776025172567932e-05	9.785159622944e-05	0.03227682770505108	-0.01443171395977612	-0.0005016793873658869	-0.008606337681619629	-1.201589841622053e-05	7.37834737722585e-06	-8.127471167569975e-06	-0.02548325895238185	-0.03054086732631523	-5.067879137793551e-19	6.292000818008055e-20
7.301333333333334	-0.5030585770245456	0.02447792761363508	0.008336160297467385	-0.2212342776755743	0.9765569842232247	-0.001794111715972146	0.8306331556276535	0.0001192845729698221	0.001299995449229846	0.3462870478212778	-0.003966293585727962	0.0009700370081217073	0.09397040131361943	-0.01432513417565544	-0.007706957042258201	0.5796384082187424	0.5796384082187424	0.02412388541170706	0.02412388541170706	0.328644313491474	0.001702812369044339	1.570522844365411	0.4435960726425487	0.01239276497824335	1.570593641804469	0.005569513889632441	-0.007183319860017187	0.002236244933788382	0.01030886978989637	-0.0001110340602711148	-0.001255882059563713	0.0001081225765271666	3.080395576349623e-05	-5.450836628706452e-05	-5.12296578365258e-05	6.518918405822557e-05	2.50603867196578e-05	-1.621002812418902e-05	1.143372562999924e-05	0.0223441557501214	-0.0208275781178542	-0.003136358209608692	0.1812962358224837	-0.02326075346835772	-0.02027963064416219	0.8439714496525662	-0.002555067646405038	0.001927908695123689	-0.1784658234321423	0.009441008621463094	-0.001861501519300643	0.1044958927550731	0.002959231194007566	0.006944971681095508	-0.6223766114288907	-0.6223766114288907	0.01288720835513496	0.01288720835513496	-0.2214606372243695	-0.001659459867386373	-2.277420691483871e-05	-0.2113347856926744	0.003244598557560199	3.450872735254055e-05	-0.0005319632244467164	0.005799912752146229	-0.001141967424956119	0.005184244734392526	-0.002596977005015	-8.188997072671791e-05	0.00130732212700271	0.0004181049511377705	-0.007070623669984384	0.005621031182238974	0.001398598778449599	0.002807768799793916	0.0003867325218831315	0.0006567609420148693	0.01187722020378327	0.001537089930176039	-0.01377729523757797	-0.008017015257785035	-0.009078684064810114	-0.003654145886619451	-0.0094290192823941	0.005013818642107933	-0.0004730082315387132	0.01970251374284369	0.003027874523674115	-0.0003844481050096003	-0.0001500121738217145	0.0963439004985769	0.02430818148300573	-0.0004825563051545212	-0.06930138749382993	0.02523047016080086	0.002063869194189766	-0.0001401369610550067	-0.04139479949653761	0.04186894522715497	0.0113261635215404	0.1309626055576426	-0.0009938624801344299	-0.001363135510164056	-0.0126147990929175	1.576672811019288e-05	1.46641507376396e-05	9.394774698266617e-05	0.02395434713315397	-0.02456756717597675	-0.0003363938260348182	-0.01440455696504284	-1.275524788199642e-05	1.117553608470111e-05	-1.503364987280209e-05	-0.02516511673679453	-0.03056552331895926	-5.829069029206807e-19	-4.30985168705039e-19
7.322666666666667	-0.5025391511556502	0.02404400310808725	0.0082835704345151	-0.2173725983611946	0.9760523220276648	-0.002228079981949837	0.8470809583929796	4.674301257159833e-05	0.00133959264843632	0.3425017573649997	-0.003754333973316177	0.0009265041162915787	0.09628937341175012	-0.01426236438983698	-0.007571206218504816	0.5651683699921796	0.5651683699921796	0.02444875164631816	0.02444875164631816	0.3238273687523374	0.001675232311418971	1.570518133271054	0.4389828793046918	0.01246653083564091	1.570597569503391	0.005668842772760443	-0.007134388383963097	0.002206389296290199	0.01041095233013943	-0.0001344944732904819	-0.001222127205842285	0.0001146754331933085	3.600488137297158e-05	2.771682473761037e-05	-5.500582227152522e-05	7.551568027307301e-05	2.383942652475235e-05	-2.545450876460164e-05	2.306838027998502e-05	0.02620781472015664	-0.0197373213491401	-0.001965002371256261	0.180821905226993	-0.0239479928102937	-0.02024261307943751	0.7004125133898847	-0.004149795235227147	0.00181399775528722	-0.176793241633525	0.01047268533978747	-0.002069943385954591	0.1131900349143941	0.002781392606010559	0.005827971144757661	-0.7240329550139691	-0.7240329550139691	0.01727313545928401	0.01727313545928401	-0.2302616635679405	-0.0007314480872602108	-0.0001891910208993804	-0.2213032433237574	0.003388681083538315	0.0002795316845950342	0.006053040328311851	0.0002832930870449467	-0.001654472229642341	0.004510444609781954	-0.0002686790535462702	0.002436424899952655	-0.0003825811859341664	6.173985565938998e-06	0.007452588112360031	-0.003153104488468273	-0.0002317405404390352	-0.001623413912400376	-0.0007497580210647962	0.0001182518248949663	0.008892943745778481	-0.001443714671013284	-0.01397524943170156	-0.005145920807434763	0.001562858206824553	-0.005709129873483483	-0.0082270778000363	0.004845067776074462	-0.0004265456639959464	0.01983533886879797	0.003112517921095479	-0.0003887656000907662	-0.0001415809798407007	0.09762788644514875	0.0247019232129964	-0.0004440496156197773	-0.07034271266857241	0.02558150428280111	0.00198482697434379	-0.0001406860489655461	-0.04626204533962899	0.03993532914461522	0.01165904382201958	0.1291805597142594	0.009358252375010829	-0.00132121000965471	-0.004820496719006946	1.65179790555013e-05	1.329150978911627e-05	9.894155808804137e-05	0.01919909582112007	-0.03431962578677883	-0.0002333450194787671	-0.02067267516807824	-1.215688806760482e-05	1.519317469812922e-05	-1.583974639280355e-05	-0.02535623358860436	-0.0306580587943505	-2.459515566050432e-18	-8.641685692732887e-19
7.344000000000001	-0.5019465296653355	0.02364073088100464	0.008245021596652673	-0.2135155529586299	0.9755396121376689	-0.002650872542324342	0.8606199275607971	-5.36812650899543e-05	0.001378658565180406	0.3387273112272241	-0.003517646518530791	0.0008881093416839317	0.09881188732467491	-0.01421260728560541	-0.007456321341192331	0.5491796802095007	0.5491796802095007	0.02484824892227405	0.02484824892227405	0.3188141099686493	0.001679912075091117	1.570524572742892	0.4341473517074615	0.01252530520623767	1.570603256751566	0.005666027367559988	-0.007107408476714137	0.002165761910053503	0.01050662534429292	-0.0001509240396435697	-0.00118648718840447	0.0001050432994149993	2.836624467576678e-05	-4.913488805037023e-05	-6.535925267029163e-05	6.378155429522167e-05	1.1211042432321e-05	-2.671086909305491e-05	3.007729613728235e-06	0.02920624525817429	-0.01795392701173922	-0.001820012107434809	0.1808618065898317	-0.02401522482173742	-0.01923190824386347	0.5712682998861488	-0.005169072389842076	0.001878100964274804	-0.1774491685725378	0.01175924384398813	-0.001379803029693013	0.1235779378920183	0.001739292295236292	0.004988789202261174	-0.7647501948147781	-0.7647501948147781	0.01988386848120961	0.01988386848120961	-0.2398650789010643	0.001364898379255459	0.001022591373792932	-0.232178622508913	0.001839146669986112	0.0001994664698717634	-0.01010799025523947	0.003741953176665234	-0.002151818869191765	0.004583351663494799	-0.001937835130051319	9.484412768458451e-05	-0.0002100207271645602	-0.0007856040151134754	-0.02198408340242062	0.005004412498135827	-0.0006695845521158791	0.001738322809400879	0.00113561880112931	-0.002314673931382827	0.005908667287773691	-0.004424519272202608	-0.01417320362582513	-0.00227482635708449	0.01220440047845922	-0.007764113860347516	-0.007025136317678498	0.004676316910040993	-0.0003800830964531795	0.01996816399475225	0.003197161318516844	-0.000393083095171932	-0.0001331497858596869	0.0989118723917206	0.02509566494298706	-0.0004055429260850334	-0.07138403784331486	0.02593253840480136	0.001905784754497814	-0.0001412351368760856	-0.05112929118272037	0.03800171306207548	0.01199192412249876	0.1273985138708763	0.01971036723015609	-0.001279284509145365	0.002973805654903613	1.726923000080973e-05	1.191886884059295e-05	0.0001039353691934166	0.01444384450908617	-0.04407168439758091	-0.0001302962129227159	-0.02694079337111364	-1.155852825321322e-05	1.921081331155734e-05	-1.664584291280501e-05	-0.02559845897775944	-0.03055847586070756	-2.31720162032266e-17	-6.621087714494667e-19
7.365333333333334	-0.5012655096731342	0.023259951764306	0.008219529010163082	-0.2096460144136543	0.9750192421386984	-0.003045728786701201	0.8714313067400621	-0.0001611726978643023	0.001421148555901949	0.3348747616708028	-0.003267117591330887	0.0008601331481218892	0.1015470678287559	-0.01416209066807367	-0.007349934716054346	0.5328537364722862	0.5328537364722862	0.02530568014997076	0.02530568014997076	0.3135661404630994	0.001702219252471135	1.570536982141054	0.429085993988847	0.01255863913297082	1.570605982309743	0.005728365458294363	-0.007040530032736423	0.002145078054641371	0.01061219680033341	-0.0001146526012721504	-0.001153041910043031	0.0001151445833754369	3.182168636113785e-05	-2.869781985136363e-05	-1.830480171782922e-05	7.161601589339394e-05	4.272934910563699e-05	4.100028148621976e-06	1.466320031968046e-05	0.03478133072182733	-0.01796323418502808	-0.0006761474047502407	0.1822916155923893	-0.02504349152256859	-0.01766090977539712	0.4414705673062576	-0.004396200509660752	0.001846232839023993	-0.184667959694684	0.01141059992572609	-0.001473707846870634	0.1337425408320993	0.003288695263105758	0.005808172570503075	-0.756756491484548	-0.756756491484548	0.02271493394827536	0.02271493394827536	-0.2533172190872262	0.0006977397940162336	0.0001342703513888986	-0.2433593770909146	0.001776793084872833	0.0001599557940982074	0.008850831516830717	0.002237984358204873	2.117249651710321e-05	0.005039244848718728	0.002768930925998989	0.002411889586924864	0.0007199281488140765	0.0006350146901427831	0.01172798938731094	-0.0002814138389348194	0.000840210796265953	0.000839135284909199	0.0009974878552789712	0.002007332085011198	0.004980261131006888	-0.005476906430942523	-0.01562434624213821	0.0007824366503117775	0.009167843589880445	-0.009494080669252402	-0.007656889758521972	0.004833482414871101	-0.0002717257605276295	0.01862249480702919	0.004035894806615257	-0.0005177776787849393	-0.0001176247882878922	0.09528521511707178	0.02747762841823376	-0.0005073540164407184	-0.0691653584578026	0.02529505718556514	0.002188466729657267	-0.0001391233497909883	-0.04804317926086625	0.03930908594494589	0.01044136703333861	0.110673084220388	0.03284469184557254	-0.001072978733870194	0.01560068408229812	1.70692435064883e-05	9.57090983731525e-06	0.0001029141089327482	0.02993166272689873	-0.05017126445505228	-0.0003864153864527639	-0.03426197213380629	-1.172843338654675e-05	1.959956358187372e-05	-1.685980984836685e-05	-0.02481745039075671	-0.03020718229613764	-4.11380552469496e-17	-4.537736690751846e-19
7.386666666666667	-0.5004564696148627	0.02286495047817598	0.008211640180821796	-0.2057213855268161	0.9744593979312313	-0.003399073284055569	0.8794206800490115	-0.0002194050661168591	0.001446376112366664	0.3308080123665352	-0.00304432996299166	0.0008153861170655773	0.1045565208094158	-0.01405982862201727	-0.007173382109764885	0.5172775595729162	0.5172775595729162	0.02580524343027156	0.02580524343027156	0.3079553419289613	0.001708459492175326	1.57053002345218	0.4237198278431158	0.01262205943380026	1.570614514649338	0.00574067170983515	-0.007024290918520469	0.002158493112985975	0.01070991141819741	-0.0001424086529928603	-0.001110407040984766	0.0001171111479130277	3.521329351495778e-05	-6.808229163247741e-05	-6.406943748212235e-05	7.557275496028189e-05	3.09124665857423e-05	-1.638242556110994e-05	2.891876363853895e-05	0.04120812645226168	-0.01928725539593236	-0.0001696598747813015	0.1860265261394545	-0.0277159318682993	-0.01534018196050472	0.30670524954405	-0.0005510350909240357	0.0002597477526970916	-0.1975303949331294	0.009158497075799649	-0.002952069044780821	0.1492909825712949	0.006590426219423495	0.01156684993521232	-0.694459553766837	-0.694459553766837	0.0238337484128436	0.0238337484128436	-0.2738803003312014	-0.0001413770278533518	-0.00079316678569449	-0.2607544125510887	0.004659744241512847	0.000743852227818176	-0.01479847517963854	-0.001005483988499837	0.001044954295502306	0.003846773084449552	-0.007940412326188587	0.0009563682555120672	-0.000972650673056465	-0.0007915885024463961	-0.02759235277555705	-0.00369737688156024	-0.001033121039423794	-0.002324351177462731	-0.003673132850565395	-0.002070915248922859	0.004051854974240086	-0.006529293589682438	-0.01707548885845129	0.003839699657708045	0.006131286701301671	-0.01122404747815729	-0.008288643199365446	0.004990647919701209	-0.0001633684246020796	0.01727682561930613	0.004874628294713671	-0.0006424722623979465	-0.0001020997907160975	0.09165855784242295	0.02985959189348045	-0.0006091651067964033	-0.06694667907229032	0.02465757596632891	0.002471148704816721	-0.0001370115627058909	-0.04495706733901213	0.04061645882781632	0.008890809944178461	0.09394765456989977	0.04597901646098899	-0.0008666729585950233	0.02822756250969262	1.686925701216687e-05	7.222950834037552e-06	0.0001018928486720798	0.04541948094471128	-0.05627084451252365	-0.0006425345599828118	-0.04158315089649894	-1.189833851988029e-05	1.998831385219011e-05	-1.707377678392868e-05	-0.02439610224665296	-0.03006010334661674	-2.46484852091985e-17	-1.667120187040279e-19
7.408	-0.4994589771582729	0.02250050650807923	0.008245320016191772	-0.201711802704035	0.9738356464739851	-0.003691540483768932	0.8844107870687918	-0.000257963038687963	0.001499151478049567	0.3263734385927881	-0.002809164592394413	0.0007562181031992185	0.1078034790877251	-0.01398479435102137	-0.006938891516288843	0.5033182263026975	0.5033182263026975	0.02627915339426478	0.02627915339426478	0.3019379911364295	0.001748612486976699	1.570524880597606	0.4180038158962854	0.01268153042458019	1.570622044836336	0.005839446994385686	-0.007019886231737205	0.002183042068081748	0.0107790516502154	-0.0002954250523689364	-0.001103286437239662	8.763940626087583e-05	1.519404430967254e-05	7.390088057394886e-05	-7.228588844028463e-05	5.33006947376745e-05	-3.247936601471023e-05	-6.274519031769316e-05	-6.027671596480292e-05	0.05307874906801118	-0.01492512937842605	0.002904158689958269	0.1893565088953222	-0.03030299593662331	-0.01191722246027133	0.1601821813983866	-0.003784582990809584	0.003414069984052413	-0.2191816565271125	0.01253502373052317	-0.002469253636034693	0.1512243124817319	0.0005440175288298598	0.009509383846864228	-0.6119990323186368	-0.6119990323186368	0.01957064395815669	0.01957064395815669	-0.2872661057597906	0.0039520717655278	0.0002383541290805213	-0.2724048917367623	0.0002449338504269661	0.0001577204656407867	0.01426432376220258	0.001808032589623139	0.001794144977022238	0.002767611791805063	-0.003553809801195238	0.0006295269734344763	-0.0009535237639045439	-0.0005677775979322237	0.02098880121474255	0.001684741047028003	-0.0005718227181991156	-0.001975793884015403	-0.0004647362114056022	-0.003405422936192778	-0.0005982563229934397	-0.009458336648407537	-0.01779313634683985	0.004804337299779823	-0.01000933660707768	-0.01244745230242488	0.004413650439950918	0.001630635202586558	0.0004607306646494975	0.006339562407106342	0.008151129274374521	-0.001230827527460462	-9.966310093929764e-05	0.08724590879763727	0.03304218625918883	-0.0007044248955979734	-0.06535323116138779	0.02435605787303325	0.002866435097510301	-0.0001412823960884403	-0.05863494516339521	0.04492902036841564	0.009319848606812176	0.07806932229772079	0.05064180565311995	-0.0006995332736634851	0.03431785493041149	1.530984669794041e-05	3.769306652780657e-06	0.0001050427406893622	0.05360999352286873	-0.07792698618941028	-0.0007285576878789369	-0.05943631034362649	-1.083677893328621e-05	2.406452588249264e-05	-1.827550195105762e-05	-0.02416213799985913	-0.02994525011070522	-8.338610251196255e-18	1.085235326408239e-19
7.429333333333334	-0.4981588394587882	0.02222619242137744	0.008317503559560997	-0.1976641629435892	0.9731860016805761	-0.00390065523212683	0.8862152220964329	-0.0004116350882609589	0.001537691192389274	0.3214148425873961	-0.002524573545141866	0.0007153935830120648	0.1108429109509954	-0.01403235135817866	-0.006806358131500889	0.4912607009352143	0.4912607009352143	0.0265965384576761	0.0265965384576761	0.2958258112601212	0.001879058883773137	1.570537092639969	0.4122131366000535	0.01260389224688821	1.570629590409464	0.00593139125834306	-0.006930524868181675	0.002257982380583548	0.01083364901462933	-0.0001723924177746052	-0.001044364775330258	0.000112130991284703	3.306549254150151e-05	-2.224432855724342e-05	-4.519381124965405e-05	7.178562621563697e-05	1.670640197982421e-05	-2.730919153218155e-05	6.745540876075043e-06	0.06958111797366209	-0.01083757882765607	0.00344006275014795	0.1895943640455316	-0.03014343213357108	-0.007525889645930042	0.008048500281017472	-0.01134297980985126	-0.001074844560727465	-0.2466574791498386	0.01379215426223397	-0.001232366512355385	0.129835381161396	-0.004902506107437938	0.002008361620704347	-0.5161650628853882	-0.5161650628853882	0.009159538983290477	0.009159538983290477	-0.2827705269352534	0.008323629409183885	0.0008338548022133286	-0.2677544765574685	-0.008194240302728348	0.0007452946774196545	-0.01543888336024733	0.006959204458899996	0.005769144052317232	0.002483379246568771	0.01793918460853672	0.005812717458415098	0.004086411202816494	0.002760664382283007	-0.04991688852595846	-0.0003872023676109591	0.002787846932504571	0.008229798878317141	0.003995501231505882	0.01257449754272253	-0.005248367620226966	-0.01238737970713264	-0.01851078383522841	0.005768974941851602	-0.02614995991545703	-0.01367085712669247	0.01711594407926728	-0.001729377514528092	0.001084829753901074	-0.00459770080509345	0.01142763025403537	-0.001819182792522978	-9.722641116249777e-05	0.08283325975285159	0.03622478062489721	-0.0007996846843995436	-0.06375978325048524	0.0240545397797376	0.003261721490203881	-0.0001455532294709897	-0.07231282298777829	0.04924158190901495	0.00974888726944589	0.06219099002554181	0.0553045948452509	-0.000532393588731947	0.04040814735113036	1.375043638371394e-05	3.156624715237615e-07	0.0001081926327066445	0.06180050610102618	-0.09958312786629693	-0.0008145808157750618	-0.07728946979075405	-9.77521934669212e-06	2.814073791279518e-05	-1.947722711818655e-05	-0.02493660106837721	-0.03004164207474251	5.176007910701762e-18	1.997975435762827e-19
7.450666666666667	-0.4964136016641028	0.02194776864427004	0.00840902177647122	-0.1936058377109758	0.9725872878660926	-0.004011225762793266	0.884623630555628	-0.0006732417934357759	0.001592279906954333	0.3157586617923911	-0.002315849296851964	0.0007875466524388086	0.1133176375813989	-0.01407146084435808	-0.006828263669531424	0.4807358050877342	0.4807358050877342	0.02663401573522135	0.02663401573522135	0.2897778895355101	0.002087671515905882	1.570559850250187	0.4064663548018002	0.01241463640365766	1.570649970998361	0.005983808687171186	-0.006818145393153763	0.002412161496876767	0.01084835265550651	-9.707125086768191e-05	-0.00104063981004363	0.0001452266939061237	4.195740500948657e-05	-0.0002134295350299965	-9.290933083173866e-05	9.811666115385885e-05	9.629764483656975e-05	2.739580460283948e-05	9.026845147872059e-05	0.09446242956585033	-0.01572878707128221	0.001818538557753417	0.1912310769727597	-0.02597517161816199	-0.002332355670140724	-0.1495109748244581	-0.01030637109991856	0.004609200165762914	-0.2832690445608396	0.003657884540957804	0.003825324515002706	0.1046628072138303	0.002024809536382698	0.0003223839533257512	-0.4742984081363376	-0.4742984081363376	-0.003649046777715696	-0.003649046777715696	-0.2869909807576287	0.01121877653324188	0.0008832441005970075	-0.2733875308922427	-0.008961788937308365	0.0008603001790289189	0.01214964316325639	0.004205027141183321	0.008638615275616995	-0.001506822304673921	-0.006692434057974967	-0.002815284092844242	-0.0005802630570019859	-0.001034856584436655	0.01701971915873646	-0.002196649124357806	-0.0001662765289546843	-0.0006094593640716493	0.0007668214627088116	-0.002677139619579809	-0.001453589095452377	-0.01500764633556593	-0.01054010584309169	0.006628924682259823	-0.002761477181247479	-0.01242471295207499	0.07897555550423258	-0.009374798401223494	0.002909990249146271	-0.0418309821223224	0.01980993599529718	-0.003801854720604416	-0.000112377241527428	0.08264700040127491	0.0350672190098664	-0.0007936267109408028	-0.06257292086742661	0.02350832399069695	0.003133367959683812	-0.0001419872555113351	-0.1470679013609729	0.05468872173744235	0.01586628837289591	0.01334932719116549	0.06844432637283192	2.529238496695381e-05	0.05858545904034223	1.942961339484025e-05	2.927583056362417e-06	0.0001243362956720761	-0.01020540613319314	-0.1142318083888485	0.000441135142889931	-0.07562391797409143	-4.830770341861767e-06	2.926341906679973e-05	2.920161094414308e-06	-0.02623744447581201	-0.03068009828312603	1.8135439744089e-17	2.632999680363169e-19
7.472	-0.4941102022810342	0.02153529433641099	0.008253388659521368	-0.1894897191064246	0.9720781891893948	-0.003978505418206104	0.8801667210866225	-0.00072865240664172	0.0016667947136831	0.3093432215211651	-0.002458865808951096	0.0007006280260581558	0.1154148735745145	-0.01391230326027366	-0.006605535786211568	0.4708637774810582	0.4708637774810582	0.02652605101908373	0.02652605101908373	0.2834627253180107	0.00235708547420397	1.570557010167245	0.4004470034904776	0.01224655537757701	1.570653279575389	0.006099765402924541	-0.006724287728665949	0.002624577898495519	0.01075220979564203	-0.0002793595817185968	-0.001051492934173767	0.0001045859445883537	2.69784277750415e-05	6.505862177172379e-05	-5.829975921791479e-05	7.122069177881076e-05	-2.527683039742532e-06	-1.021902537686417e-05	-1.92834539158246e-05	0.1219087668845859	-0.02340481608562249	-0.01973037479923431	0.1950124926646973	-0.02174201296615954	0.005907629909095103	-0.2605750554877727	0.007987903812230699	0.0007932265796202405	-0.3178380550455457	-0.01918354202423816	-0.01614533799429891	0.09444563391565609	0.01368503172979673	0.0249427448723036	-0.4549586653099834	-0.4549586653099834	-0.004475647924479015	-0.004475647924479015	-0.3078245106435253	0.01402375373718495	-0.001565928931442222	-0.2933078684076967	-0.006209101194926093	-0.000855206435347693	-0.009482075211007327	0.005222784720765897	0.01122888955158602	-0.007908480197962293	-0.00621170580626076	0.004446021575593408	-0.002826381166482685	0.00052276847268017	-0.005885010718976313	0.007330774932005507	-0.00220218472186452	-0.008496754627907133	-0.004659482466749608	-0.005526266457014208	0.002341189429322211	-0.01762791296399923	-0.002569427850954963	0.007488874422668044	0.02062700555296207	-0.01117856877745752	0.1408351669291979	-0.0170202192879189	0.004735150744391467	-0.07906426343955136	0.02819224173655897	-0.005784526648685854	-0.0001275280718923581	0.08246074104969822	0.0339096573948356	-0.0007875687374820621	-0.06138605848436798	0.0229621082016563	0.003005014429163743	-0.0001384212815516805	-0.2218229797341675	0.06013586156586976	0.02198368947634594	-0.03549233564321084	0.08158405790041293	0.0005829783586658547	0.07676277072955411	2.510879040596655e-05	5.539503641201073e-06	0.0001404799586375077	-0.08221131836741245	-0.1288804889114	0.001696851101554924	-0.0739583661574288	1.136786629685855e-07	3.038610022080428e-05	2.531754930701517e-05	-0.02832353357830496	-0.03044363722290859	1.983252034197816e-17	-2.365640760053252e-19
7.493333333333334	-0.4909139976898913	0.02110119994272845	0.008030563235941561	-0.1852674777168131	0.9716537195019983	-0.003795470504295987	0.8725317074234997	-0.0007753075943105866	0.001681032403447776	0.3018463031294086	-0.0028142348322089	0.0005105009687237152	0.1169929055522926	-0.01370691937465494	-0.006235548152208861	0.4601996671860588	0.4601996671860588	0.02636840208677654	0.02636840208677654	0.2767503312522972	0.002721659639119973	1.570507162756341	0.3940468502757613	0.01205852959839881	1.570670533606644	0.005934549902660996	-0.006726831223141399	0.002870751776591613	0.01058113486345823	-0.0002682075694381078	-0.001041615011832641	0.0001248968544959255	3.982047577830019e-05	-0.0002270235623453678	-4.221562385044834e-05	6.993276833301304e-05	3.130560257944216e-05	-0.0001178287159003872	2.534521383616508e-05	0.1709555634036752	-0.01575234985421186	-0.0002751290324390094	0.1995507263525988	-0.01802990528090605	0.01101148753811032	-0.4548825993816387	-0.01091527553309413	0.001363600428541809	-0.3770045791320326	-0.012118373139127	-0.001093289358509198	0.0568492310981048	0.004983131575106312	0.007807407986142409	-0.5470461741186063	-0.5470461741186063	-0.01078579195301559	-0.01078579195301559	-0.3183080082864889	0.01900734023792733	-0.001615469474716155	-0.303732844156315	-0.01245413253953537	0.001513561796073119	-0.0007088330215417687	-0.002285139472175162	0.01290089989467134	-0.006562907324759049	0.003191925955198008	-0.002426711183593005	0.002616289982069845	0.0003751772741271455	-0.01162814215697461	-0.003106074039532257	0.001123205954709503	0.006441543889145794	-0.002961050898460441	0.005375098796488062	0.009047086239383358	-0.01967719944001182	0.002152485586278862	0.003368374505965492	0.005180124133676955	-0.007668984884337085	0.179267249351902	-0.03664329613761783	0.01214228379574025	-0.1263426434613334	0.04373614836308808	-0.01061766598285914	-0.0001269676367772124	0.07083501774245841	0.02975952503352437	-0.0006855467214910452	-0.05643352761228154	0.02180310653177868	0.00263030940353704	-0.0001454872522135691	-0.2493531996662834	0.06179161282977876	0.024542251985836	-0.04424722664556329	0.08099121508883478	0.000681949668075304	0.07715285798215195	1.689466079855249e-05	-7.408043689732116e-06	0.000120235608416469	-0.1151921769091456	-0.1417657552267338	0.00227753218257789	-0.07813107524137389	-4.588361563992812e-06	3.709736617858593e-05	-2.998562711947335e-06	-0.02426589209082715	-0.03041134100333371	2.091661579473761e-17	-7.720816908699053e-19
7.514666666666667	-0.4871053718480838	0.02092886590392854	0.008279383351638482	-0.1810298229957554	0.9713098568017876	-0.003518939261139769	0.8607722582244023	-0.001132651272135106	0.001760048858590427	0.2935987473203151	-0.00288998868349287	0.000678974475713051	0.1179835604308417	-0.01372471688786816	-0.006355030392853301	0.4474273754163762	0.4474273754163762	0.02604529819021075	0.02604529819021075	0.2700161724196276	0.003119095340962968	1.570551733447943	0.3876146112626088	0.01167098419993261	1.570676931915728	0.006295571777137511	-0.006686273504303752	0.003219858464657424	0.01053904627755139	-0.0003166227303974487	-0.001108387057312889	0.0001260067869914314	2.993015132187677e-05	-9.974563164725196e-06	-7.490822162896515e-05	7.825941223099303e-05	4.928938889992098e-05	-3.126119186604373e-05	2.508960354392381e-05	0.1793232591343725	0.001135217184625302	0.02448639450795935	0.1964574924877718	-0.01418510791748754	0.01467291077591732	-0.6472408869854114	-0.02113914213986189	0.006866235833805421	-0.3882103129208772	0.007030380348308876	0.01747346491105533	0.03937903086294817	-0.007238224410697272	-0.02094505587586671	-0.6526006785615192	-0.6526006785615192	-0.01998705082372281	-0.01998705082372281	-0.309864957545655	0.01710452282409053	0.00728576817847138	-0.2963159120110945	-0.02491406550317566	-0.00187293038881801	0.03985267867087348	0.009263523468868714	0.0208788404862469	0.004183989765501609	-0.01179612829749485	-0.002739912907660471	-0.004626472798863871	-0.00160839144541504	0.04184603771518654	0.002757956199569551	-0.001300819033385354	-0.009982645187160818	0.01354463139805048	-0.009734167523660884	0.0157529830494445	-0.02172648591602441	0.006874399023512687	-0.0007521254107370604	-0.01026675728560816	-0.004159400991216651	0.2176993317746061	-0.05626637298731676	0.01954941684708904	-0.1736210234831154	0.05928005498961718	-0.01545080531703243	-0.0001264072016620666	0.05920929443521859	0.02560939267221312	-0.0005835247055000283	-0.05148099674019511	0.02064410486190106	0.002255604377910337	-0.0001525532228754577	-0.2768834195983993	0.06344736409368777	0.02710081449532606	-0.05300211764791574	0.08039837227725663	0.0007809209774847531	0.0775429452347498	8.68053119113844e-06	-2.03555910206653e-05	9.999125819543039e-05	-0.1481730354508786	-0.1546510215420676	0.002858213263600855	-0.08230378432531897	-9.290401790954211e-06	4.380863213636758e-05	-3.131467473090984e-05	-0.02760091797729524	-0.03014827585281766	4.346739067785659e-18	-2.334422145433663e-18
7.536	-0.4838912269146499	0.02100842945220301	0.008460296462856558	-0.1769537388571699	0.9711224100176225	-0.00314881694243992	0.8466126979400701	-0.001098799793146086	0.001827767760669485	0.2860801027539381	-0.002807993873600819	0.0006743442972988063	0.1193429234955516	-0.01368592201060407	-0.006380509140139454	0.4338035891632833	0.4338035891632833	0.02560646819151913	0.02560646819151913	0.2635529688786475	0.003382890869611607	1.570633966519817	0.3814731851845985	0.011308106814831	1.570632537276149	0.006561411274308952	-0.006478347597182947	0.003529118031020427	0.01062585828379676	-0.0004803886593923784	-0.001086201095292573	8.709976046096262e-05	3.697888096046557e-05	5.150213269273851e-05	-4.239340976935138e-05	8.387799257637046e-05	-6.585476499912147e-05	9.636551427428546e-05	-5.000714884454185e-05	0.1259760012704385	0.005099924468265981	-0.0008364408345875777	0.1857079039204621	-0.001277886152588959	0.01941470337211414	-0.6734886882354882	0.01783779715386007	-0.001193600329675051	-0.3182852731124398	0.002531633191576128	-0.01045346249162441	0.08369767662311403	0.008721364714246029	0.01141654411876795	-0.6264279693933855	-0.6264279693933855	-0.02157678834076592	-0.02157678834076592	-0.2944566007050011	0.009000086128683561	0.0002882230111137077	-0.2786491239757808	-0.009201363264583731	-0.001419140418902793	-0.005838202809056451	0.007852001960352887	0.007784530242492267	0.001660141372010061	-0.001611183062285427	0.002930206415573477	0.0005745290900613504	0.001230918607161482	-0.0189442827279638	1.714919229864662e-05	0.001093399736476879	-0.0004005088308303181	-0.0009784381751047405	0.001383359419120509	0.01034688168550423	-0.01173317328477242	0.002176645596399642	-0.00222077521176596	0.006377448704716117	-0.0003018740705289276	0.05835334245059648	-0.0395182089679612	0.01305991783807233	-0.1230421055978123	0.04741577529289689	-0.007840101807345306	-0.0001460569315742035	0.0529731646803003	0.02616570512384735	-0.0005023710975610429	-0.04706127357484093	0.01895256101631119	0.002053011898096386	-0.000159877691806515	-0.1145256284072628	0.01022138791881671	0.004185309867352808	-0.01316119825296791	0.04014728731676238	0.0002431880139213816	0.03706701213862985	7.717495328776958e-06	-1.754914352002298e-05	9.160517811075667e-05	-0.04248581511475014	-0.1146565852081588	0.0009746459994251799	-0.07225307448237966	-1.203643947522539e-05	3.781230890159438e-05	-3.538660962963849e-05	-0.03197569442810735	-0.03298040588787172	-1.174834146887522e-17	-3.829082896014243e-18
7.557333333333334	-0.481560873750342	0.02109424119866675	0.008529107454554314	-0.1731048987360728	0.9713453663822805	-0.002716662988412917	0.8323238534542571	-0.0006478352289292223	0.001680278751050956	0.2799493422622699	-0.002701972329185389	0.0005510008929564385	0.121368481893994	-0.01344450418283189	-0.006172559356277467	0.420623038088553	0.420623038088553	0.02510661807808632	0.02510661807808632	0.2575211184681063	0.003561713549843962	1.570558255633011	0.3757594447495763	0.01127431061362572	1.570653498795038	0.006434401438702882	-0.00645269596416511	0.003537930640644641	0.01051198054630947	-0.0003023481097592097	-0.001063989575325392	0.000133265202713681	3.814891890759355e-05	-8.702919686619588e-05	-8.583127347629976e-05	9.358692293773583e-05	4.976305627970197e-05	-4.735713438613719e-05	2.819880251986782e-05	0.09646778077881647	0.00172098576487047	0.01397682080292926	0.1751533658482242	0.02429018728466082	0.020488376587838	-0.6593612808742372	0.01796520960024794	-0.01330950588784315	-0.2580961809169443	0.009282886709875706	0.006344099980293935	0.1018348434003729	0.01175767719943703	0.0009388689192712139	-0.6110473805900228	-0.6110473805900228	-0.02570768658070879	-0.02570768658070879	-0.2694256015670048	0.009138318285063958	-0.007521477947735744	-0.2562203829809483	0.005937295487104573	0.004254209467497623	0.003023053722982415	-0.007824689728284292	-0.007288061708014198	-0.01463067370943645	0.02024822907388889	-0.002737516850141737	0.003349071149559811	-0.002159518791489484	0.0230952853323995	-0.004362607134795545	-0.0009173487193864906	0.01165128998576379	-0.01189437061451963	0.004637960953170967	0.004940780321563948	-0.001739860653520418	-0.002521107830713402	-0.00368942501279486	0.02302165469504039	0.003555652850158796	-0.1009926468734132	-0.02277004494860566	0.006570418829055629	-0.07246318771250912	0.03555149559617661	-0.0002293982976581782	-0.0001657066614863403	0.046737034925382	0.02672201757548157	-0.0004212174896220576	-0.04264155040948675	0.01726101717072133	0.001850419418282435	-0.0001672021607375724	0.04783216278387362	-0.04300458825605434	-0.01873019476062044	0.02667972114197992	-0.0001037976437318646	-0.0002945449496419899	-0.00340892095749012	6.754459466415475e-06	-1.474269601938065e-05	8.321909802608296e-05	0.06320140522137836	-0.07466214887424992	-0.0009089212647504953	-0.06220236463944036	-1.478247715949656e-05	3.181598566682117e-05	-3.945854452836714e-05	-0.03414972483621866	-0.03384762789176486	-4.736674077985067e-18	-2.029998052741077e-18
7.578666666666667	-0.4800747618524576	0.02113290229541461	0.008734215329341637	-0.1695528474193289	0.9720409794350615	-0.002229530003812308	0.8198184315049558	-0.0001180812401860146	0.001446261897453517	0.2755187810323024	-0.002519967906690857	0.0006288608526916714	0.1238031950805499	-0.01337255136820881	-0.006230308363926035	0.4088898690484642	0.4088898690484642	0.02474516522267229	0.02474516522267229	0.2522220141204224	0.00373694722745187	1.570522895546896	0.3706778670868254	0.01118340083731267	1.570686109698316	0.006321916368173206	-0.00639770531566851	0.003592391965112001	0.01028599956097182	-0.0001035365841848208	-0.001036465632049416	0.0001146481299798317	1.56768190702744e-05	5.938760626657289e-05	-1.925038206301854e-05	3.090874604393789e-05	3.908202896528309e-05	-6.435621798516953e-05	8.781651337865422e-06	0.04135755509744379	0.001961196996908662	0.005037976907572082	0.158247943458885	0.03778694489133463	0.02446913676196819	-0.5149731780294732	0.0308228340573509	-0.008342400415343303	-0.1583017705741569	0.008057841979199402	0.0001422783744603987	0.1290248936612547	-0.003476483797267078	-0.004067678716035271	-0.4942698869648713	-0.4942698869648713	-0.009695966112617882	-0.009695966112617884	-0.2290768305150882	0.007053404639145107	0.002368618091870409	-0.2202760325134376	-0.0110581317628247	-0.0004887474695708378	-0.009777805938386985	0.009196695310174682	0.008603978049485058	-0.005845803512342848	0.0006658621318530182	0.00315352065661534	-0.002734592785561045	2.272419640150704e-05	-0.004242562413628557	0.00549612121759095	-0.002583452510519222	-0.006883059034255757	0.005617430738028493	-0.003445147343493652	0.01035076957164749	0.00882549911116655	-0.004824298207785266	-0.004539781521842689	-0.006857285748310673	0.009433105920010426	-0.1318011697601694	-0.01117028646981499	0.003442324740277869	-0.07065767624394256	0.03629906458373781	0.001960870887507034	-0.0001547077714835023	0.03248598711880246	0.01921531171718863	-0.0003851436644580546	-0.03389899300037531	0.01458754233289611	0.001329605586519656	-0.0001530362189225157	0.09388114593100472	-0.07354153246664719	-0.03515295967049325	0.03029762027796021	-0.0118385110981408	-0.0003653128693378841	-0.01416222487525671	8.707165952351463e-06	-7.718717648165952e-06	8.208345722032564e-05	0.08226501785758762	-0.004827102856599854	-0.001360751895735331	-0.0136032201091913	-1.420030564604184e-05	4.039230801481849e-05	-4.548524347381161e-05	-0.03328144240013457	-0.02991911672806342	2.282222500950063e-18	-2.414929509830417e-19
7.600000000000001	-0.4798601846603345	0.02118038101471264	0.008734927672442813	-0.1663360692183663	0.9728237814593625	-0.001702991188712999	0.8102684154089805	0.0006298795986024483	0.001336589078783451	0.2731510657073556	-0.002346317670650477	0.0005223837411286671	0.1269847067252797	-0.01352731449818169	-0.006248613502229299	0.3993066623227318	0.3993066623227318	0.0246281790973555	0.0246281790973555	0.2476741539880288	0.0038525709487821	1.570580901662208	0.3663567976189133	0.01094764708256667	1.570662861668473	0.006178952572926487	-0.006221727320090073	0.003743334170122653	0.01029282050967086	-0.0001768495363193873	-0.001021785638004167	0.0001172752783290884	3.783698124624795e-05	-4.932956117786615e-05	-6.929039964627523e-05	8.470480425479859e-05	2.254500673475193e-06	-7.499856564413782e-06	9.767834605047592e-06	-0.02273859788629218	0.002547637878947394	-0.00518526029264698	0.1437215112437261	0.03246415336466299	0.02418267319709112	-0.3822919821249138	0.03842210179199074	-0.001652252613401798	-0.06470437732125396	0.008499681729798945	-0.01093750045391591	0.1718471988541704	-0.00949694260643469	0.004636731670393391	-0.409488413619121	-0.409488413619121	-0.002788930634092023	-0.002788930634092023	-0.1989964563835424	0.003549884884031498	0.001231603436004338	-0.1849227397148098	-0.007641827490984836	-0.0009825655125184677	0.0001656732807596622	0.003517874060637922	0.001757020842919548	0.007194507606503487	-0.005263440711325828	-0.003941637090522414	0.005340716876101017	0.002024755772256731	-0.0008235244092138739	-0.01529581735322104	0.01000211082167532	0.009200055519133556	-0.004970422643914454	0.006550773557782032	0.01576075882173103	0.01939085887585352	-0.00712748858485713	-0.005390138030890518	-0.03673622619166174	0.01531055898986206	-0.1626096926469255	0.0004294720089756797	0.00031423065150011	-0.06885216477537599	0.03704663357129903	0.004151140072672247	-0.0001437088814806644	0.01823493931222293	0.01170860585889569	-0.0003490698392940515	-0.02515643559126386	0.01191406749507089	0.0008087917547568762	-0.000138870277107459	0.1399301290781358	-0.10407847667724	-0.05157572458036605	0.03391551941394048	-0.02357322455254973	-0.0004360807890337784	-0.0249155287930233	1.065987243828745e-05	-6.947392769512513e-07	8.094781641456834e-05	0.1013286304937969	0.06500794316105021	-0.001812582526720168	0.03499592442105776	-1.361813413258712e-05	4.896863036281582e-05	-5.151194241925609e-05	-0.02840843355280923	-0.02804059461452155	1.037103891058404e-17	-1.878959345130057e-20
7.621333333333334	-0.4808038209994764	0.02125071846165679	0.008844023705945864	-0.1633666971445363	0.9734107567553341	-0.001238151674126282	0.8026631051520303	0.001216318890725206	0.001204702946897004	0.2723806839885595	-0.002025402372639723	0.0004554569369004305	0.1309611588219235	-0.01382875445381868	-0.00633751051843083	0.390565188104804	0.390565188104804	0.02445350844319203	0.02445350844319203	0.2435927950127731	0.003892223639050946	1.570587405001626	0.3626559240546456	0.01096284594057319	1.57065800113796	0.006293163066105823	-0.006069873623578989	0.003772267254492215	0.01034369434902916	-0.0001269532477338965	-0.001004491156496886	0.0001575316006412996	4.314414340406311e-05	-5.903057885468631e-05	-0.0001141616552873421	0.0001281490202269079	0.0001039298488953107	-2.654466056702184e-05	1.255297128886847e-05	-0.06481289667108255	0.003132136779251767	0.01119476627516314	0.1348255573074555	0.02351942984188092	0.01988897180765361	-0.3306807201873429	0.02078955598939938	-0.009052759451089984	-0.008800564970129194	0.01921276846268198	0.001871811038368305	0.1999662599943175	-0.01825895524472885	-0.01020622952512941	-0.4093954087370905	-0.4093954087370905	-0.01219429364086584	-0.01219429364086584	-0.1841839356012616	0.0007741639473360091	-0.0003730413839533188	-0.16164871419215	0.006557434139663683	0.000363513612957335	0.008523857051867995	0.00884467623435631	0.001023271812253915	-0.0003395800458031457	0.007304794173703871	0.00360647483430247	-0.0007969488487919053	-0.0008223885766646894	0.0002968663095479509	0.005705807858771362	-0.003184348559661015	0.0001459561726741998	0.001481891248833342	-0.003216178659981942	0.01141237353286922	0.02202736807056314	-0.007535563585945803	-0.006831941856058575	-0.005900287682877392	0.01889945319531779	-0.1697210658072153	-0.009204326090533191	0.002633368661262554	-0.07719667745513049	0.04059531610472637	0.00345630311147544	-0.0001457464250685524	0.00704589703189287	0.009192697851564612	-0.0002478062740188968	-0.0184724928392744	0.0101878546175557	0.0005206540787322688	-0.0001418244897333518	0.1509939887013467	-0.1067428640297633	-0.05316372925925823	0.02410731252184511	-0.02145478494029374	-0.0003175447511177159	-0.02204856493191983	1.566671268631456e-05	7.566666530249184e-06	9.922711589331539e-05	0.1055945516448144	0.07454118251015375	-0.001905727082383561	0.04120533322435915	-1.625840452473295e-05	3.371574664298801e-05	-4.962775688126031e-05	-0.03008455513282735	-0.02842343453856873	1.845985532021801e-17	2.039137640804407e-19
7.642666666666667	-0.482586519996181	0.02127500611493393	0.009032592488091596	-0.1605763254770511	0.973868008832209	-0.0008333629297308862	0.7961604437434651	0.001697507550998414	0.001021135354997756	0.2727208909393818	-0.001627836200073222	0.0004831521472819646	0.1354748330093309	-0.0142848550743918	-0.006566123138964096	0.3818659786677959	0.3818659786677959	0.02416728761626758	0.02416728761626758	0.2397920452453795	0.003911483932931396	1.570575603853041	0.3594762313704217	0.01112036805750988	1.57067140082363	0.006456548461947619	-0.005924300440882127	0.003789887249921302	0.0103673133128733	2.233427514480856e-05	-0.0009513875607017732	0.0001161142740303102	3.282075368922089e-05	-2.032994018228562e-05	-5.553131353761485e-05	6.595359166676771e-05	5.437366706940627e-07	-1.693728679388593e-05	3.679714016671658e-06	-0.1014007220327915	-0.001769530277334772	0.00226530989260467	0.1269402231489003	0.0203026015743497	0.0185529134916548	-0.2789186525888339	0.02855485505609535	-0.006497389489601888	0.03941331045545857	0.01568570121940032	-0.002066686584249873	0.2222117698632566	-0.02399637994419704	-0.008461606235706716	-0.4055260904078936	-0.4055260904078936	-0.01324675933043386	-0.01324675933043386	-0.1726893431464775	0.001638097722619287	-0.0004844423142885701	-0.1360620322107201	0.005700978033719419	0.0007293297547009427	0.004775820405365214	0.002929075890554445	0.0006964187547499534	0.004639363027051684	0.004054487503663058	-0.0005845326260382529	-0.002316187710449079	0.0005593915341950914	0.003714130873525606	-0.005592542597834031	9.839414677687662e-05	-0.01002445639772145	-0.00228428097743844	0.005457799124405366	0.007063988244007421	0.02466387726527276	-0.007943638587034476	-0.008273745681226631	0.02493565082590695	0.02248834740077352	-0.176832438967505	-0.01883812419004206	0.004952506671024999	-0.08554119013488501	0.04414399863815372	0.002761466150278632	-0.0001477839686564404	-0.004143145248437187	0.00667678984423353	-0.0001465427087437419	-0.01178855008728494	0.008461641740040507	0.0002325164027076613	-0.0001447787023592447	0.1620578483245576	-0.1094072513822865	-0.05475173393815041	0.01429910562974974	-0.01933634532803774	-0.0001990087132016535	-0.01918160107081635	2.067355293434166e-05	1.582807233744962e-05	0.0001175064153720624	0.109860472795832	0.08407442185925729	-0.001998871638046954	0.04741474202766053	-1.889867491687878e-05	1.846286292316021e-05	-4.774357134326454e-05	-0.030701057779651	-0.02939196324160118	1.211737677204692e-17	1.617437766788312e-19
7.664000000000001	-0.4849856443413356	0.02110824451857667	0.008973157681502038	-0.1579250998323863	0.974317160527736	-0.000456533963679277	0.7904764321380905	0.002447007015959152	0.0008560910895275059	0.2738793694999423	-0.001398238724422293	0.000409645351620213	0.1403457330533804	-0.01475842534178698	-0.006719966008356867	0.3730836546271651	0.3730836546271651	0.02386095685416929	0.02386095685416929	0.2362307725706794	0.003949020325860091	1.570579881085105	0.3567610619424347	0.01125251688940053	1.570667065265378	0.006382146828112832	-0.005806726670382514	0.003756933005799943	0.01046630239792763	6.010424070247186e-05	-0.0009350347408461652	0.0001346910012385585	3.810280699715285e-05	-4.559217119542349e-05	-8.692774912948046e-05	0.0001071084998574505	4.640294507611975e-05	-3.858060114853141e-05	3.742580293289099e-05	-0.1194967540590354	-0.0125240436117581	-0.005381020133637102	0.1221655063608953	0.02217529084452576	0.01648472114296473	-0.2595834316220464	0.03867581818107928	-0.008941347985436835	0.06435173172313979	0.00833600702021131	-0.003467214601423622	0.2313367087750368	-0.02220673122821273	-0.007205632742754346	-0.418394280683528	-0.418394280683528	-0.01609561897155155	-0.01609561897155155	-0.1625554835699766	0.001121545906154364	0.0005736270146161664	-0.1192559140953936	0.006782864096998473	-0.0007658050005059372	-0.008124450134314549	0.007035538455985088	-0.002929069296933243	0.004754121303469218	0.001660434376024942	0.001552356260251045	0.002326639244116779	-3.491962337530962e-06	-0.003162577083264981	0.00118124138167457	0.002141300884986852	0.008205907686157176	0.0001528246633675633	-0.001261208230730706	0.01160862686691463	0.026751320739153	-0.00438750707119724	-0.008663562727437936	0.01794412809352066	0.0269290538281133	-0.1726412188224393	-0.03442343665252997	0.008726193136095963	-0.0924432948077074	0.04670803896510135	0.001064846057692973	-0.0001477407077734908	-0.01046639716128734	0.004785739308871232	-0.0001448934950440084	-0.007646172446516426	0.007252792688811157	5.815831849292232e-05	-0.0001453593943655501	0.1624762289284307	-0.1005804922382662	-0.04953659771862611	0.007924189206872156	-0.01545350933288808	-0.0001125119004818446	-0.0151497614344152	1.915968977555678e-05	5.836632985999999e-06	0.0001139256003560594	0.1025131155519089	0.07970328383719336	-0.001877856550593606	0.04487121673731326	-1.689396074214322e-05	1.765136961924193e-05	-3.494687427068421e-05	-0.03093780278807958	-0.02964289112120665	5.677389474161142e-18	1.177841045141656e-19
7.685333333333334	-0.4875135097686664	0.02079783415365996	0.008907804551797259	-0.1553403219918941	0.9748299378693399	-0.0001423916140936949	0.7848448414894248	0.003218186658334364	0.0006410954372317854	0.2752599590502804	-0.001165630251591136	0.0003931317230128218	0.1452130008294353	-0.01530939394723768	-0.006926660854831546	0.3639898496879201	0.3639898496879201	0.0234539227809898	0.0234539227809898	0.2327976560386253	0.003926935781373549	1.570586774891288	0.354355091038572	0.01141381886232988	1.570654512432794	0.006264636923120833	-0.005669255669972855	0.003701470846604429	0.01057498814637286	0.0001859362798245789	-0.0009092711646270804	0.0001415232383827897	3.526193179701468e-05	-3.068467663125499e-05	-6.776145744150983e-05	8.825645135206425e-05	8.963421929829236e-05	-1.478564647197996e-05	-6.061648029261752e-06	-0.1134701984868132	-0.015236602329783	0.001710467100552884	0.1207107415077141	0.02626750589407375	0.01267604319796486	-0.2740041878973743	0.03058737168870226	-0.01118033200448963	0.06023621574709238	0.01596798220504679	0.003276422827096342	0.2218712447387619	-0.03125247413690182	-0.01341647908713536	-0.4347274246529818	-0.4347274246529818	-0.02268769474429662	-0.02268769474429662	-0.1606747047734166	-0.003951365160059078	-0.0002391384906775527	-0.1070746705740598	0.00843408500609852	-4.103971396641303e-05	0.0007344199843766498	0.004794441194621154	-0.001413698283452129	0.005548425219947709	0.01231030690032953	0.0002977257830376755	-0.003417233653950663	-0.0002021330134364709	0.007480042646398023	-0.0008522869153494551	-0.005527258043479503	-0.01027082522740142	0.001975556744236209	-0.001782845239191907	0.01615326548982185	0.02883876421303325	-0.0008313755553600029	-0.009053379773649242	0.01095260536113436	0.03136976025545308	-0.1684499986773735	-0.05000874911501788	0.01249987960116693	-0.09934539948052978	0.04927207929204898	-0.000631774034892685	-0.0001476974468905412	-0.0167896490741375	0.002894688773508935	-0.000143244281344275	-0.003503794805747915	0.006043943637581806	-0.0001161997657218167	-0.0001459400863718556	0.1628946095323039	-0.0917537330942458	-0.04432146149910181	0.001549272783994567	-0.01157067333773842	-2.601508776203571e-05	-0.01111792179801405	1.76458266167719e-05	-4.154806365449621e-06	0.0001103447853400565	0.09516575830798574	0.07533214581512944	-0.001756841463140259	0.04232769144696599	-1.488924656740767e-05	1.683987631532366e-05	-2.215017719810388e-05	-0.03027276246695517	-0.03016071018479364	1.761987640344307e-17	5.006306271466206e-19
7.706666666666667	-0.4898741160134383	0.02041296525824463	0.008908428576343649	-0.1527905306344206	0.9754253534382719	9.399083449759094e-05	0.7791047558927635	0.003902670062987935	0.0004230053736410273	0.2765117155050553	-0.0008247656308343275	0.0004294194715557127	0.1498248094981459	-0.01599435617263899	-0.007169047988602813	0.3549192431861017	0.3549192431861017	0.02292798974269896	0.02292798974269896	0.2294402872914911	0.003826472954150845	1.570557297364625	0.352224580489753	0.01163082252138813	1.570664821229953	0.006178067461685313	-0.005569901682518827	0.003557917774325036	0.01073365924496107	0.0004012350652612128	-0.0008956106047327573	9.415223049629683e-05	4.100817171307652e-05	-2.114079986336424e-05	-9.13575037280762e-05	7.203848065529382e-05	-0.0001556651675248038	-2.775193185913576e-05	4.432963137422418e-05	-0.1084315708918556	-0.02068365746214358	-0.003094220435548213	0.1175574876182607	0.02852591126188031	0.009578448561540703	-0.2561095116662753	0.03424523863811756	-0.009126857956513789	0.05785622361480155	0.01497185030160017	-0.0006601162513118208	0.208083894942025	-0.03198701993944748	-0.009166426924374187	-0.4045943417447045	-0.4045943417447045	-0.02613731816080106	-0.02613731816080106	-0.1502102996328456	-0.004587947810162502	-0.001519630801288761	-0.09102295863984909	0.01207667864588903	0.0004920209401129887	-0.007244308682202257	0.005091352287037559	-0.00978117782834219	0.008734778941595881	0.006134767121358269	0.001226175914940534	-0.0007668539015179474	0.0003847097673977649	-0.00340528260839849	-0.0006747959644369556	0.002040432334084479	-0.007998623691035876	-0.001655664828140665	0.003418204652315567	0.01554184054945362	0.03290807362715902	0.003259776121280795	-0.01059306181534802	-0.0005275611269640862	0.03390005931448157	-0.1460193351872734	-0.06053830899556051	0.01464304321185083	-0.1055723873333481	0.0505179507857058	-0.002110631092494575	-0.0001413337489784357	-0.02354040351765015	-0.0004068782997085565	-0.000117779004807882	-0.0002530714288428656	0.005214876794661595	-0.0002779413593131925	-0.0001413468123307051	0.1447656777868039	-0.07736246318514689	-0.03887142385326876	9.807348516725141e-05	-0.006062190730162629	1.799184747905062e-06	-0.006830401253641615	2.193652877176443e-05	2.97009455442782e-05	0.0001065634750210141	0.08180089610582407	0.06822030001337889	-0.001514899887207825	0.03885961873880196	-1.297334883557135e-05	2.164756727500658e-05	-2.395047754509026e-05	-0.03148728046707588	-0.02869607234276115	2.994008540588518e-17	8.922471400831026e-19
7.728000000000001	-0.4921653073077875	0.01992220926581433	0.008714248239401836	-0.1503575901740341	0.9760032336061057	0.0002702840452391276	0.7742596601969265	0.004707574595557383	0.0002576029804474252	0.2777600761848531	-0.00057019026813317	0.0003314448493520927	0.153988764965166	-0.0166325429769731	-0.007311750525010839	0.3471985217477855	0.3471985217477855	0.02235926214200815	0.02235926214200815	0.2265537313881602	0.003768690630301311	1.570564806593961	0.3505413214854212	0.01193620176413959	1.570653512003253	0.006024069013981725	-0.00542764673365793	0.003380704834276179	0.01092240436442066	0.0003734810268480023	-0.0008465767593865073	0.0001197671010973359	3.648119704408703e-05	-4.029581337317364e-05	-6.732410298210741e-05	9.141555012589637e-05	-4.993933141350529e-05	-1.991348250394828e-05	7.991967815533583e-06	-0.106962546884685	-0.02516351767493576	-0.0165524417889665	0.1097559699058116	0.02462356204110173	0.007042677149550843	-0.190098884695109	0.04187685243081583	-0.006240862904756213	0.05991786184298662	0.007878364262329476	-0.009310674430389141	0.1798850070802758	-0.02686727841185233	-0.004071048084331387	-0.3081756999496457	-0.3081756999496457	-0.02669968496929345	-0.02669968496929345	-0.1165360006668636	4.993203117552691e-05	0.003228369884237994	-0.06514483827837374	0.01671929597733661	-0.00206772945079985	-0.005587047478254849	0.008816406326515121	-0.004569310886839496	0.008367864676640972	-0.01047589533559352	0.003613971294155836	0.003425192454255492	-0.001165246880785039	0.004789521682863619	0.003612973743950742	-0.002190223027788269	0.02263778942269827	0.003926000626330904	-0.009913683641896005	0.01493041560908539	0.03697738304128479	0.007350927797921593	-0.01213274385704679	-0.01200772761506253	0.03643035837351006	-0.1235886716971733	-0.07106786887610315	0.01678620682253474	-0.1117993751861664	0.05176382227936263	-0.003589488150096465	-0.0001349700510663303	-0.0302911579611628	-0.003708445372926048	-9.231372827148899e-05	0.002997651948062184	0.004385809951741385	-0.0004396829529045683	-0.0001367535382895546	0.126636746041304	-0.06297119327604797	-0.03342138620743571	-0.001353125813660064	-0.0005537081225868379	2.961345725784583e-05	-0.002542880709269182	2.622723092675696e-05	6.355669745400602e-05	0.0001027821647019717	0.0684360339036624	0.06110845421162834	-0.001272958311275392	0.03539154603063793	-1.105745110373504e-05	2.64552582346895e-05	-2.575077789207665e-05	-0.03007115099874678	-0.02749276281743769	1.871108627426505e-17	-5.261684839639345e-19
7.749333333333334	-0.4942414570702302	0.01944425040581358	0.008464737810851797	-0.14808349706945	0.976447991726104	0.0003737526451890629	0.7704802043595438	0.005388347484477055	9.997694857553505e-05	0.2787958389685933	-0.0003066353389758558	0.0002686459447348388	0.1573411975477476	-0.01730360832878237	-0.007575804148195779	0.3413890324029574	0.3413890324029574	0.02168916533820757	0.02168916533820757	0.2248148695550127	0.003862723177557083	1.570619492155424	0.3494722336112489	0.01231088108486766	1.570624190248786	0.005953822038358616	-0.005320093151529757	0.003315152500352048	0.01114232102290987	0.000405011613892461	-0.0008290134191845939	0.000221755138304851	3.726199992504445e-05	-3.012694771902145e-06	-9.830328407871259e-05	0.000106489999806544	0.0004863244112292314	-1.978478319574743e-05	-1.342677237856291e-05	-0.09251456512148504	-0.02054378038949099	-0.00855295614330771	0.1038524317266583	0.01654379710445685	0.002836305186380163	-0.158904452964428	0.02445836157616478	-0.007944516278769609	0.04266549260024336	0.01504279830363339	0.001285849983808897	0.1443140181320465	-0.03502510807081155	-0.01785877860228755	-0.2355077465570837	-0.2355077465570837	-0.03585145133033699	-0.03585145133033699	-0.03253094248356743	0.005982702581103679	0.001143669421006776	-0.04045589730343638	0.01853297362728522	-0.0006176503864052397	-0.001730600603575378	0.003352856756323534	9.212766271702948e-05	0.01148755808100009	0.009013864788250229	-0.0004935988189893825	0.003305411158930836	0.0007040095598179448	-0.0005902565627205969	-0.003400812706554093	0.001924336769493064	0.01482439082280462	-0.002047944039965844	0.004296096243572672	0.01563809329826892	0.03531055697593356	0.01266143141439009	-0.01302507974108219	-0.01516996596778218	0.03859514149624915	-0.1385666696505274	-0.07656211572402834	0.01781447851964827	-0.1016634105262041	0.04907851082740729	-0.003815991309081292	-0.0001333606720317131	-0.02883332680477347	-0.00471092312527668	-0.0001153030874206	0.002931648498823332	0.004184431718823095	-0.0005223512989335852	-0.0001360924363358456	0.1413182757325414	-0.06024062837735428	-0.02509038090859944	0.0155072943269086	-0.0005454609816117973	-0.0002090911585095896	-0.004148004232766203	-5.896966983419341e-05	2.668239437532366e-05	-0.000266591491047309	0.06086999765458013	0.05699498425488704	-0.001152532017743538	0.0334113677278559	-7.866560613948953e-06	1.93698861932976e-05	-4.774270923485404e-06	-0.02954386341673526	-0.02750302160427356	6.664406304656605e-18	-2.007432446100681e-18
7.770666666666667	-0.4963190198154635	0.01900733202511688	0.008276200179710508	-0.1459089670357144	0.9766865437927803	0.00039892857972466	0.7677067511465013	0.005858342264759543	-5.610176512294687e-05	0.2798143091904134	-4.614320992996933e-06	0.0002951108907428655	0.1605689244841992	-0.01808342800401763	-0.007953183191264417	0.3371909882230422	0.3371909882230422	0.02084113895166526	0.02084113895166526	0.2257610022670326	0.003905214828195888	1.570581401253763	0.34858592331234	0.0127323215257887	1.570629869731578	0.00591899830589686	-0.005195583949033037	0.00345581846601941	0.01138003824624586	0.0005695702729488616	-0.0008047544441972729	0.0001400182492109384	4.371626771122696e-05	-3.544392266157042e-05	-7.945651647973681e-05	0.0001018783065477472	3.589939692998864e-05	-2.767681109038515e-05	3.728330598922498e-05	-0.1070950140213115	-0.0213159727401805	-0.01083624203189622	0.100421932013767	0.005291744542194275	-0.0002972602330433956	-0.09578613866322364	0.02211640474607976	-0.00609580182599919	0.05829668416296	0.01148456008972431	-0.000942188434269047	0.1681938527555825	-0.03706299623304012	-0.01469530619842821	-0.1571027157390559	-0.1571027157390559	-0.04338058335132992	-0.04338058335132992	0.1351822379425671	-0.004782027026665096	-0.005469423533619341	-0.04800944059743636	0.02110315099542815	0.001213636542197322	-0.002266118431877881	0.01040599573606643	0.01476365469986318	0.01003666763102787	0.00199548641552611	0.004241687055287808	-0.01379901938650346	-0.0006333595459201818	-0.001746198300662024	0.008284156434161485	-0.004035798928361205	-0.06986428154061286	0.003174057451064782	-0.003151606901719304	0.01634577098745245	0.03364373091058233	0.01797193503085859	-0.01391741562511759	-0.01833220432050183	0.04075992461898822	-0.1535446676038815	-0.08205636257195352	0.0188427502167618	-0.09152744586624179	0.04639319937545195	-0.004042494468066119	-0.0001317512929970959	-0.02737549564838413	-0.005713400877627312	-0.0001382924465697109	0.00286564504958448	0.003983053485904805	-0.0006050196449626024	-0.0001354313343821365	0.1559998054237787	-0.0575100634786606	-0.01675937560976318	0.03236771446747727	-0.0005372138406367566	-0.0004477957742770251	-0.005753127756263223	-0.0001441665705951438	-1.01919087033587e-05	-0.0006359651467965898	0.05330396140549785	0.05288151429814574	-0.001032105724211685	0.03143118942507387	-4.675670124162865e-06	1.228451415190568e-05	1.620223604510584e-05	-0.03026038699324168	-0.02769257561742085	1.249722301023682e-18	-1.25217542438028e-18
7.792000000000001	-0.49881736874712	0.01853960322375092	0.007999671667717163	-0.1437712514029436	0.9766895922006298	0.0003624494437837593	0.7662995413402698	0.006333509729737693	-0.0001590844801422882	0.2812836551892348	0.0002002886455260817	0.0002222034988402629	0.1647109399227193	-0.01889372160776992	-0.008221967325686195	0.3345703986784665	0.3345703986784665	0.01985783070100132	0.01985783070100132	0.2312718310557411	0.003827211078987879	1.570546557533054	0.3472787196547865	0.01317692189603165	1.570631795994755	0.005893550217496189	-0.005057380352078293	0.003538547430687962	0.01163958625793084	0.00056237195323635	-0.0007723272292677781	4.039368808525433e-05	2.258951624788061e-05	-3.543577463975175e-05	-6.286952679711339e-05	4.651678305260642e-05	-0.0004613773263982516	-3.421494212677907e-07	-5.045716399123949e-05	-0.1246488636057745	-0.02225111979491735	-0.01298059271716668	0.100960230374299	-0.003942939433109002	-0.003186294677590232	-0.04469426139532558	0.02074578240791894	-0.004188921927090927	0.07608967499595655	0.009347993621187151	-0.003983357169258059	0.220734138355074	-0.04050444256633904	-0.01248522893841616	-0.09680904523877278	-0.09680904523877278	-0.04900109475668136	-0.04900109475668136	0.3831803996401374	-0.002002717357936166	0.001310252159528597	-0.07707518461577728	0.02039213391983793	-0.0007928620580908417	0.0002073073398542019	0.004070387948146741	-0.00578868655650533	0.01387322862470928	0.0001350255886831208	-8.520040424572607e-05	0.002825757273652114	-0.0007482504660135617	0.001114173804154638	-0.003563309423606061	-0.0005224939545662069	0.01442470309285258	-0.0003431677771462876	-0.002883313009866729	0.01777944649655665	0.03294664185818573	0.02069896120273645	-0.01297263956273049	-0.001964078571667533	0.04159398935353451	-0.1715553717400665	-0.08266826377003747	0.01878850674201908	-0.08519267116817897	0.04524251822520883	-0.003583988272964194	-0.0001361401388555343	-0.02630087591418757	-0.003640606753191205	-8.944345425921042e-05	0.002750041911855373	0.004057804058508977	-0.0005880031776708719	-0.0001387752555960736	0.1742854724359635	-0.05978824294870145	-0.0137995684482222	0.04827669572566529	-0.0007976001245327596	-0.0006409029497631231	-0.008687798179213158	-0.0001658627549764797	1.365842681049705e-07	-0.0007431191008405334	0.04975505712191075	0.05263821216621591	-0.0009797952068815344	0.03169586286976581	-1.489875416800053e-06	1.996805601797291e-05	2.40275041823329e-05	-0.02982771441836379	-0.02882690715819812	-3.8380323240052e-18	-3.866673682444032e-19
7.813333333333334	-0.5015317143814397	0.01807000350450002	0.007812290655791402	-0.1415598874756031	0.9765636670968906	0.0002602648743907074	0.765434804816062	0.006671612439488801	-0.0002617131207333151	0.2829172359857358	0.000463477165766915	0.0002066272733811034	0.1700131135873235	-0.01987998719394587	-0.008570452587455112	0.3327092586694365	0.3327092586694365	0.01874204031209402	0.01874204031209402	0.2421835233670404	0.00384229812401299	1.570599222250112	0.3451892527231832	0.01359444991511469	1.570606288942378	0.005941793166073643	-0.004957069413871314	0.003260850621717575	0.01195392619440504	0.0006950264890956501	-0.0007607550907186049	0.0001908896205745026	3.734922650552602e-05	-1.490481095589538e-05	-9.641620483372358e-05	0.0001065441621285794	0.0002750382751001945	-3.087265683790552e-05	7.733914595759404e-06	-0.1273447048959865	-0.0214913712918934	-0.002478663900560275	0.1073264596296832	-0.006799522169258493	-0.006457144619182483	-0.04492926847350406	0.009266583943544593	-0.006062607348344704	0.07369369644541873	0.01694883075113872	0.004432608419803661	0.2769586864509579	-0.05356036958525891	-0.02216728688722237	-0.085904321781651	-0.085904321781651	-0.05580078381164569	-0.05580078381164569	0.6415131931854483	0.003945234932689787	0.002734492507044049	-0.1213466225396114	0.01856511807418561	-0.001358236791077825	0.004642416284821097	0.006853558978463519	-0.01902626157878686	0.0151734105800181	0.01510669162538327	0.002286523644632696	0.009649776889896105	0.002730996240422748	0.0001778156676539806	0.003584125085483404	0.006781910687680557	0.04579437391188725	-0.002250802150724677	0.01052947577648019	0.01921312200566085	0.03224955280578913	0.02342598737461432	-0.01202786350034338	0.01440404717716676	0.04242805408808079	-0.1895660758762514	-0.08328016496812143	0.01873426326727637	-0.07885789647011615	0.04409183707496571	-0.003125482077862268	-0.0001405289847139728	-0.025226256179991	-0.001567812628755098	-4.059446194870991e-05	0.002634438774126266	0.004132554631113147	-0.0005709867103791415	-0.0001421191768100107	0.1925711394481482	-0.06206642241874231	-0.01083976128668122	0.0641856769838533	-0.001057986408428763	-0.0008340101252492213	-0.01162246860216309	-0.0001875589393578156	1.046507723956864e-05	-0.000850273054884477	0.04620615283832365	0.05239491003428608	-0.0009274846895513843	0.03196053631445775	1.69591929056276e-06	2.765159788404013e-05	3.185277231955997e-05	-0.03061429452023069	-0.03009810299150618	-2.623462973750021e-18	-1.116394672832666e-18
7.834666666666667	-0.5044314518226835	0.01753897988174934	0.007666431209749209	-0.1392183491513103	0.9764245026431209	0.0001061554843629587	0.7648204771292942	0.006978339725299368	-0.0003747886247786745	0.2846768310153442	0.0007671229832370298	0.0002353525093791808	0.1765800815053983	-0.02104774746556768	-0.008944555784251688	0.3312111959547426	0.3312111959547426	0.01760374653801072	0.01760374653801072	0.2580999939745898	0.003810792203281187	1.57054353557069	0.3421223848010006	0.01399731927843915	1.570613556120632	0.00597441589378785	-0.004825900791467146	0.00318972982857542	0.01224164952679814	0.0008443183426264265	-0.0007327588266692842	8.30866722617079e-05	6.322223544805768e-05	-6.603516928318685e-05	-5.784817563985298e-05	0.0001065966720473305	-0.0002479996994763184	-1.340832378429337e-05	8.493569266313398e-05	-0.1413046881786615	-0.02809385571736522	-0.01163647280343452	0.1110739993886427	-0.005927544072333103	-0.008054036200275909	-0.01579757852930685	0.01913659928755889	-0.004795494941525734	0.08833705764337457	0.01158990366331024	-0.001585349776840604	0.3264459353997359	-0.0550477885749853	-0.0145915180746899	-0.05636250669771955	-0.05636250669771955	-0.05032481482816514	-0.05032481482816514	0.8397414313549868	-0.002709036123354673	-0.004481688021586373	-0.1591606126974059	0.01837640327117845	0.001039703547421757	-0.0003884089131144586	0.005482380358607592	0.005552071981293841	0.0124558310067784	0.001109581685900274	0.0007270801999955736	-0.01072307095270647	-0.0001972613021506171	-0.002836415747810041	4.848128091772457e-05	-0.003644298700278464	-0.05196556818108012	0.002163626533410045	-0.001975418921876088	0.01222670030933874	0.0338545966647488	0.02348087906154219	-0.008164272395964215	0.0249242514527562	0.04413257679423865	-0.1760538938516073	-0.08713351469973363	0.01946889189588848	-0.08496416808621059	0.04552845045225887	-0.003905191554567549	-0.0001431626049479633	-0.03002163221033404	-0.001830732789691456	-1.007661512679007e-05	0.004042980153240562	0.00402203668730036	-0.0005646414648125722	-0.0001419291172934081	0.1818911596625416	-0.05422962049217551	-0.009891074762772671	0.08737229861002679	-0.001695437573863711	-0.001050430060347315	-0.01739768728450548	-9.689817305434125e-05	3.192737843006676e-05	-0.0004318082558859371	0.03776942375003047	0.04750686163815621	-0.0007667295142901881	0.02981455611503315	-3.9952161899275e-06	1.936910466148936e-05	1.62912170157234e-05	-0.03166700741326314	-0.02947899137733803	-1.003744225083828e-18	-1.948672822038866e-18
7.856000000000001	-0.5074241387499392	0.01687979046583349	0.007296993100976529	-0.1368684638807438	0.9763243948719086	-8.608015834028892e-05	0.7646270734070958	0.007473067350376113	-0.0004772979197581099	0.286561215834541	0.0009610491205375037	0.0001455677743433512	0.1834188656910424	-0.02219159983482841	-0.009264986916497154	0.3302266578939894	0.3302266578939894	0.01661999776712692	0.01661999776712692	0.27754680598838	0.003905480748208702	1.570556203270257	0.338697562900045	0.01434320391212261	1.570607990162322	0.005976234456116749	-0.004721495596472365	0.003207323442661699	0.01251332929549184	0.0008370955548523831	-0.0007131376276786051	0.0001187898398302994	3.354673254325001e-05	-4.483738630661508e-05	-9.36285819902692e-05	8.471548937085022e-05	-0.0001133116911387197	-1.213474996561705e-05	-2.03846458773455e-05	-0.1360587192096059	-0.0335069144011282	-0.02343916353154358	0.1081089858428426	-0.003137958179507532	-0.01003148080751052	-0.005467646795132005	0.02689161574974898	-0.005072025248414313	0.0853927392193206	0.006662610735234806	-0.006677701364625198	0.302441461535583	-0.05131900373890851	-0.01713553083555587	-0.03776138547471928	-0.03776138547471928	-0.04131218976169401	-0.04131218976169401	0.9724827000205194	0.01577596608825099	0.009142715537194023	-0.1549048080495794	0.01322279967034127	-0.002561343343973896	0.001754525779948542	0.004344487658833572	-0.01070928590112115	0.01366932648319918	0.0004334440030563303	0.00150136129538502	0.02310347525377614	-0.002476676745265346	0.006958578914891199	-0.003386040746793527	0.004725627006877607	0.1074561848100856	-0.003768685828999921	-0.006581972655506234	0.005240278613016632	0.03545964052370847	0.02353577074847007	-0.004300681291585048	0.03544445572834563	0.04583709950039651	-0.1625417118269632	-0.09098686443134582	0.0202035205245006	-0.09107043970230502	0.04696506382955203	-0.004684901031272829	-0.0001457962251819539	-0.03481700824067707	-0.002093652950627814	2.044123169512978e-05	0.005451521532354859	0.003911518743487575	-0.0005582962192460029	-0.0001417390577768056	0.171211179876935	-0.0463928185656087	-0.008942388238864125	0.1105589202362003	-0.002332888739298659	-0.001266849995445409	-0.02317290596684787	-6.237406750866903e-06	5.338967962056486e-05	-1.33434568873973e-05	0.02933269466173729	0.04261881324202634	-0.000605974339028992	0.02766857591560855	-9.686351670417759e-06	1.108661143893857e-05	7.296617118868285e-07	-0.03076959986841309	-0.02887948191514914	-2.452657594086306e-19	-4.284851190783309e-19
7.877333333333334	-0.5100914780708159	0.01617137119110278	0.00683957089938226	-0.1346171272116524	0.9762772777589716	-0.0003495069226746247	0.7643104587029188	0.007924791947481084	-0.0005978441516160891	0.2881672988574956	0.001162797173997521	9.942508954952259e-05	0.1891114302612106	-0.0232905006660604	-0.00971439038792027	0.3294143729868149	0.3294143729868149	0.01580870307498254	0.01580870307498254	0.2988496368285284	0.004189730335297117	1.570655542698435	0.3357335774435445	0.01463271676003064	1.57058147077784	0.005990011199214419	-0.004611098384012552	0.003324576482980314	0.01271247891820865	0.0009701386680586639	-0.0006793273091218265	0.0003110398199070892	3.879163802697205e-05	6.297857950309288e-05	-9.214698879183492e-05	0.000130656044940721	0.0008197743808683826	-6.743914619554021e-05	3.945349918187396e-05	-0.1146404056930369	-0.03345040219911161	-0.02023574398777965	0.1025749975397832	-0.002189395458722977	-0.01532357184196353	-0.01763068010927672	0.01613308267693526	-0.00536103352736409	0.0672263928922066	0.01103035990926814	0.0006739689089650567	0.2310505014947045	-0.04711680548561983	-0.0214425299897164	-0.02946468466652457	-0.02946468466652457	-0.03370530888620246	-0.03370530888620246	1.031986415062789	0.009552463646740986	0.0004281398530409639	-0.1220998917039312	0.01530739618324495	-0.0002215329910521245	-0.002163138941542783	0.005431120071680252	0.01721835435545547	0.006956653248336236	0.007785168648510901	0.001367531771315074	-0.0027813424588017	0.001624768409739556	0.001835828851065898	0.001890672274044037	-0.0001693963181387554	-0.01108705861266841	-0.0006476173301784064	0.006551065259082895	0.003938376787081752	0.03846371259616627	0.02751342720265563	-0.0003903685596750936	0.01605109480952675	0.04674104170692932	-0.1576881559525282	-0.107084975040811	0.02412464404349884	-0.0894444893449758	0.04573986511366199	-0.006862871213604666	-0.0001394447754567767	-0.03342304127543426	-0.006433935309835731	-9.903013745795102e-05	0.005036098786206274	0.003784065089501164	-0.0006393621614193374	-0.0001374659309607049	0.1629860129555805	-0.02837650400230879	-0.0003297098738512239	0.1146548805609045	-0.000674029325858771	-0.001345458312773576	-0.02202809161233044	-3.487507504300606e-05	5.176455495383536e-05	-0.0001503684084325494	0.02264609303723849	0.03365921857306858	-0.0004833388447890571	0.02200040670188532	-1.612124037614187e-05	-8.598252414805425e-06	-3.949591101392852e-06	-0.03055043241060881	-0.02819808789406935	4.445631184919051e-19	1.27921797789553e-18
7.898666666666667	-0.5123426014385144	0.01542940489598402	0.006399827443050566	-0.1325080940377533	0.9761921486955198	-0.0007679944126376054	0.764155761257887	0.008190234289043983	-0.0006689942639269354	0.2895169594762153	0.001379585676991658	0.0001027352688596767	0.1932690858967692	-0.02400624140420005	-0.01002825157224419	0.3293503253175561	0.3293503253175561	0.0152263367475829	0.0152263367475829	0.3218909185806857	0.004256733850808971	1.570585469354589	0.3335250421571964	0.01505555644739532	1.570585879569006	0.005811399393992223	-0.004514264060084672	0.003750681321271599	0.01289358981176577	0.0009877511041639225	-0.0006676247754837401	9.819697386650569e-05	4.554247377481567e-05	-2.254448721913516e-05	-8.268865926210577e-05	8.812486690363664e-05	-0.000206954428884537	-6.977772591810363e-06	1.8456176025916e-05	-0.09703847359914351	-0.03665194756250726	-0.02178178116317709	0.09476803316856636	-0.006701578540263987	-0.02456842383519607	0.009712096249750633	0.009427654292679607	-0.0004411390408705962	0.06135313882229421	0.008072652879058511	-0.002041495354876795	0.158543748915936	-0.01539774501150063	-0.00442844142000598	0.03238585557989166	0.03238585557989166	-0.01985015556687456	-0.01985015556687456	1.135462473021356	-0.004590853122051822	-0.006739731840082266	-0.08408135459779029	0.02572219086940315	0.0003381731230891862	-0.01628190062503895	0.003072966858964854	0.0182455701588169	0.01197819562447825	-0.01038818197516456	-0.0005712435407423801	-0.01487397719472784	-0.002335495783003948	-0.01116695538497791	-0.002638221715734629	-0.003568598018774493	-0.07627646035491757	0.007084355092905116	-0.01416029780067916	0.002636474961146871	0.04146778466862408	0.0314910836568412	0.00351994417223486	-0.003342266109292124	0.04764498391346215	-0.1528346000780931	-0.1231830856502762	0.02804576756249709	-0.08781853898764656	0.04451466639777195	-0.009040841395936501	-0.0001330933257315995	-0.03202907431019145	-0.01077421766904365	-0.0002185015066110318	0.004620676040057688	0.003656611435514754	-0.0007204281035926719	-0.0001331928041446043	0.154760846034226	-0.01036018943900888	0.008282968491161677	0.1187508408856088	0.000984830087581117	-0.001424066630101742	-0.02088327725781301	-6.351274333514521e-05	5.013943028710585e-05	-0.0002873933599777015	0.01595949141273968	0.02469962390411082	-0.0003607033505491223	0.01633223748816209	-2.255612908186599e-05	-2.828311626854942e-05	-8.628843914672533e-06	-0.03029995731205594	-0.02727846531016441	2.245972908509534e-18	1.011021640561446e-18
7.920000000000001	-0.5141309009792956	0.01464811416092997	0.005976935079046781	-0.130570141809091	0.9759751669306372	-0.001402058687065833	0.764551542750652	0.008241979436095458	-0.0006644546066689661	0.2906697508998775	0.001568888935051092	4.891591308096889e-05	0.1957456975040197	-0.02401050123006824	-0.009999858267777471	0.3306870861652292	0.3306870861652292	0.01490197240777555	0.01490197240777555	0.3475183376823674	0.004201414162812961	1.570588767130553	0.3323021887843007	0.01567319284296858	1.570566091482009	0.005510366854074428	-0.004422092356904233	0.00365175535450226	0.01335630707943362	0.000881758165687488	-0.0006516237095864322	0.0001717497070432148	2.688080187330593e-05	-0.0001334656243483914	-0.0001141674464609568	9.658646440002331e-05	4.753678371308243e-05	-3.47866852522632e-05	-4.768226544730795e-05	-0.07284967131575532	-0.03642780838256588	-0.01784384441221014	0.08716454352690846	-0.01341465272177872	-0.03400474374757503	0.02734822319659802	-0.003740180805453275	0.0006276335083136458	0.04875361382099521	0.009723037381818126	-0.002336774933640641	0.07492670623678498	0.009802258588380037	0.005277433251081565	0.08944269508282775	0.08944269508282775	-0.01178787345529033	-0.01178787345529033	1.248029496485696	-0.002516843632992448	0.003979773766471977	-0.03057467450897628	0.03110629096200985	-0.001447659070887353	-0.011418992000419	0.005240528344452029	-0.01709531328159843	0.02659533786553898	5.394306549087194e-05	0.001629490083668562	0.01205021939762435	0.0003031060623913567	0.0005349294866905742	-0.0002334605785737048	0.002370770738731643	0.05527184142661569	-0.005170771874248668	0.004163875384785878	-0.002513887589770511	0.03688956789570193	0.02415330864703001	0.004385599117338441	-0.0006378909991363832	0.04342331837613712	-0.1303429252045007	-0.113293346829979	0.02570149756232494	-0.1042793246747801	0.04925429543696446	-0.008322930141585241	-0.0001370925867267526	-0.03085934607959475	-0.007032219691013653	-0.0001274426932068446	0.004044442345790177	0.003767411505494047	-0.000689928920136209	-0.0001363860090822059	0.1217119805306426	-0.02123318049873526	-0.001304290563023357	0.07342641793783952	0.001272001920948416	-0.0008683244040639077	-0.01310013889049676	-2.301664667914264e-05	3.506868995465366e-05	-7.210066360256875e-05	0.01899533580685424	0.02074643031110596	-0.0004007780696561658	0.01278568167947741	-2.460172896674625e-05	-8.626711494224909e-06	-3.829067490630307e-05	-0.02973180303372621	-0.02771335616668389	4.153636756303077e-18	5.539525631833277e-19
7.941333333333334	-0.5155462167678978	0.01388224509155424	0.005639366179594849	-0.1287784258229137	0.9756294247050739	-0.002181728198352854	0.7653207331062595	0.00806633818859373	-0.0006524167659931934	0.2916838360840427	0.001796505024175586	3.150409582909212e-05	0.1965209183537196	-0.02380971315500954	-0.009880430653272348	0.3330175217453406	0.3330175217453406	0.01467095560110752	0.01467095560110752	0.3743261580563186	0.004067365546236773	1.570624323720297	0.3322199456278409	0.01633689450428835	1.570555927062862	0.005346414476292628	-0.004304645868097345	0.003466062781762066	0.01382325925226481	0.0009730969020511872	-0.0006169522763382611	0.0001976484027818985	4.640639196341418e-05	-9.669385596911767e-06	-8.925960637633743e-05	0.0001043240644888126	0.0002371488806530635	-3.471550458860245e-05	3.415460192489202e-05	-0.06207124683237243	-0.03520616640516379	-0.01378270636144103	0.08105838543560055	-0.0187728717290788	-0.03821891479070766	0.04471917714124025	-0.01188982019668297	0.0002618156545484602	0.04834942886945465	0.01166448079140797	0.00137171138201356	-0.0009616346044244859	0.003825495700395515	0.004106025146094414	0.1255428617459784	0.1255428617459784	-0.01109882433506296	-0.01109882433506296	1.246125092296633	-0.01197169017644341	-0.003715468048129456	0.02285085319308138	0.03004080953313733	0.001240391984019175	-0.003430635424789615	0.005442478011444463	0.01011120084904938	0.01237521798354131	0.008111662541097697	0.001179103398401	-0.01934154320454265	0.001244560028710185	0.01083779860384075	0.002648024592090635	-0.00363647277573675	-0.08235887744782107	0.009698113842040727	-0.0002876125964208771	-0.007664250140687894	0.03231135112277977	0.01681553363721882	0.005251254062442021	0.002066484111019357	0.0392016528388121	-0.1078512503309084	-0.103403608009682	0.02335722756215278	-0.1207401103619136	0.05399392447615697	-0.007605018887233981	-0.0001410918477219056	-0.02968961784899806	-0.003290221712983658	-3.638387980265739e-05	0.003468208651522667	0.00387821157547334	-0.000659429736679746	-0.0001395792140198075	0.08866311502705913	-0.03210617155846163	-0.01089154961720839	0.0281019949900703	0.001559173754315715	-0.0003125821780260732	-0.005317000523180506	1.747944997685993e-05	1.999794962220146e-05	0.000143192032772564	0.0220311802009688	0.01679323671810111	-0.0004408527887632092	0.009239125870792722	-2.664732885162652e-05	1.10296932800996e-05	-6.795250589793361e-05	-0.03063099828733323	-0.02826533103854304	2.460040610001774e-18	3.57126780127188e-19
7.962666666666667	-0.5169174873756001	0.01310106648598127	0.005271083667611698	-0.1271086009228785	0.9751840868571259	-0.003011789144070647	0.7667072178707486	0.007876224814499603	-0.0006327387194588632	0.2928584195179102	0.001986693366420707	1.591916095200724e-05	0.1958999240020962	-0.02383186730344227	-0.009825141533714351	0.3362300355737705	0.3362300355737705	0.01444868825101575	0.01444868825101575	0.4008414453336037	0.003947260707541815	1.570582290565754	0.3332540213575672	0.0168511492030895	1.570566587732147	0.005187190128038259	-0.00421456844618952	0.003613770507114896	0.01412158523594038	0.0009967929611367317	-0.0006087791707593654	0	3.917407635954271e-05	2.456856884564076e-05	-9.017873135371297e-05	6.920515659529229e-05	-0.0006334553656148921	2.055513213700004e-05	-2.097172332539096e-05	-0.06691170058644484	-0.03798254481829776	-0.01985665140009115	0.07620067726369933	-0.02270667400801607	-0.03998647377950736	0.08271880728674443	-0.007041782693652944	0.001598001222595072	0.05973519068930251	0.007105203594696032	-0.002155760695682952	-0.05406536742012513	-0.005257891524697547	0.0009909559488513742	0.17209840406585	0.17209840406585	-0.01066163726613993	-0.01066163726613993	1.240633053166833	-0.0001651542743243904	-0.0001616072317012565	0.07137850586740514	0.01947715792362478	-0.0002715601657072435	-0.009893240683976914	0.003646653031764772	0.002749174733089964	0.0150258813557628	-0.003500354660336501	0.0002289596341294744	0.0001134009942794604	-0.001016564386231807	-0.004181316864422581	-0.001515495641593288	0.000115505172216453	-0.001215645031582374	-0.002401219709776184	-0.002643696464938064	-0.006598011531019909	0.03231967935785604	0.01405985986616023	0.008063426643234286	0.001633304916280433	0.03527760911311417	-0.1071271775211889	-0.09780797427187753	0.02240399776095181	-0.1236173368109888	0.05481942477744432	-0.007125338500885296	-0.0001411179749911829	-0.03189082609511965	-0.003083525751404794	-2.831188090110668e-05	0.004164432063653695	0.004020073123627155	-0.0006532846986639256	-0.0001402479787097476	0.09101059581619832	-0.03990762214196082	-0.01611529923737217	0.01652562157049321	0.001280509046079798	-0.0001838828522644522	-0.003134531154666623	-5.563245586053957e-06	1.158310767381552e-05	4.536387384721605e-05	0.03140930724367761	0.02450442754243213	-0.000644607561382091	0.01366051763478959	-2.239075113008187e-05	2.008701591691366e-05	-5.457913964940948e-05	-0.0305408912680398	-0.02830840126414644	3.633183449585754e-19	1.894327091220246e-19
7.984000000000001	-0.5184193059853132	0.01226365258939779	0.00482999983663154	-0.1254967765179666	0.9746721640544075	-0.003904337209069804	0.7687414838281317	0.007718593900053393	-0.0005835953798750013	0.2941458142524897	0.002139746875709232	-3.158805839493426e-05	0.1943502879972404	-0.0240065488215026	-0.009841835150969	0.3402096923464019	0.3402096923464019	0.01417668211646802	0.01417668211646802	0.4273003667554039	0.004022899622079339	1.570620139217978	0.3351495782791923	0.01722366772531355	1.570543034642901	0.004992714886153056	-0.004121562101863087	0.003541239360467195	0.01444017316055203	0.00092571333644713	-0.000579798398209687	0.0001727108396161957	4.169005464542054e-05	-4.101416870064407e-05	-0.0001019230186202619	9.949996566059729e-05	0.0001018520519228465	-4.691594279817707e-05	1.679300047068645e-05	-0.07431012202088638	-0.04047822493739861	-0.02060783001741037	0.07562083901778853	-0.02501521123881978	-0.04407708222333553	0.1054486639750618	-0.008844589604690501	0.003024186877942074	0.05892548831120099	0.008183090201727144	-0.001621002787035517	-0.08802178959496869	-0.01047394520219236	-0.002642356430091234	0.197462512764871	0.197462512764871	-0.01576183537780809	-0.01576183537780809	1.240840793344934	0.006379286689101915	0.003773451336296633	0.1036147149335929	0.01675304297903283	-0.001967147878250347	-0.00673540670268038	0.005717064488189053	-0.01053619340100038	0.01427477494629785	-0.0007735578128222717	0.003129822176911886	0.01538109440724784	0.002158462580874186	0.001479608729887192	0.001633165627480624	0.00249606318915316	0.06819534103396369	-0.001808921626157432	0.008420923251675462	-0.005531772921351923	0.03232800759293231	0.01130418609510164	0.01087559922402655	0.001200125721541508	0.03135356538741623	-0.1064031047114695	-0.09221234053407311	0.02145076795975084	-0.1264945632600639	0.05564492507873166	-0.006645658114536612	-0.0001411441022604601	-0.03409203434124123	-0.002876829789825931	-2.023988199955596e-05	0.004860655475784724	0.004161934671780971	-0.0006471396606481051	-0.0001409167433996877	0.0933580766053375	-0.04770907272546001	-0.02133904885753594	0.004949248150916122	0.001001844337843879	-5.518352650283122e-05	-0.000952061786152741	-2.860594114896785e-05	3.168265725429585e-06	-5.246428507813192e-05	0.04078743428638643	0.03221561836676315	-0.0008483623340009728	0.01808190939878646	-1.813417340853722e-05	2.914433855372771e-05	-4.120577340088536e-05	-0.03048879990464564	-0.0286754720938784	-3.918592897824821e-18	4.542150842822356e-19
8.005333333333335	-0.5201752681120608	0.01136066281290587	0.004365403361258557	-0.1238675328343729	0.9741257957902241	-0.00489832544997194	0.7713037318270635	0.007521817014822723	-0.0005259880764246401	0.2954270435397667	0.002318243942826293	-6.854442288631494e-05	0.1922721546548348	-0.02424669040340388	-0.009860763884860201	0.3446983553048366	0.3446983553048366	0.01378629233042192	0.01378629233042192	0.4534224836264082	0.004046764948833007	1.570644034319589	0.3375578248770549	0.01759381875684749	1.570522419088113	0.004823042479439137	-0.004018399836540588	0.003460885955222759	0.01472539871202814	0.0009018063495807655	-0.0005442219073624954	0.0002422305850757154	4.841549823542169e-05	-2.665803989229426e-05	-9.059036637021856e-05	0.0001093136885215677	0.0004272817086331173	-1.00150776242013e-06	8.968067920668982e-06	-0.08961746548941667	-0.04442046414483523	-0.02253079423716314	0.07731869698876803	-0.02601484933631909	-0.0492716502773601	0.1325155238171503	-0.009821219631552839	0.002152335813457726	0.0603850954040338	0.008265093459384327	-0.001524597427252445	-0.1077794679841235	-0.01148411652473275	0.0004380926462385066	0.2210073114719719	0.2210073114719719	-0.02091143334682108	-0.02091143334682108	1.204629658397713	-0.002780172155797146	-0.0008493795495217201	0.122627673460195	0.01796909765060702	-8.323223943022651e-05	-0.008871712757489662	0.004075557212764384	0.0007357630916939181	0.01292021353881479	-0.0009187453410255667	0.0005093618045776383	-0.00494760582011339	-0.0007941263399559216	0.0001239999362659158	-0.0002928061341398414	-0.0009016929585174925	-0.02079242352511661	0.003275147337731744	-0.004800669171916082	-0.009837727586676184	0.02925256507969741	0.004929980258786571	0.01366870820134393	-0.004051029883965509	0.02752106210566829	-0.1076740357784317	-0.08259724060797555	0.01950857247951465	-0.1245910891362955	0.05477778911392368	-0.005705459172263992	-0.0001424387579200089	-0.0331078481609122	-0.003720381336423704	-4.027299692046225e-05	0.0043869665643149	0.004282417583024888	-0.0006689527307462537	-0.0001411757129856792	0.09143335742175283	-0.06090109556922102	-0.02921047692358295	0.001455391718746735	0.001529669160325439	-1.149590826808585e-06	-0.0002256420808275816	-8.403929314947421e-06	1.64636155902118e-05	3.396749724162613e-05	0.04889996682675563	0.04314234489160303	-0.001045748682672242	0.02565796100987441	-1.899036853114606e-05	2.025111387471202e-05	-3.578020498164194e-05	-0.03078891734511957	-0.02879950969202363	-8.481929993801965e-18	7.746951835697958e-19
8.026666666666667	-0.5222133797396441	0.01035799449101052	0.003886490549142725	-0.1221893999778746	0.9735703876215854	-0.006013520577324934	0.7742996261944038	0.007290254875950109	-0.0005013266308025268	0.2966879127458035	0.002480191764382136	-8.30243664684677e-05	0.1897100437428322	-0.02447284876596823	-0.009841476850609068	0.3495393983029055	0.3495393983029055	0.01328129397227056	0.01328129397227056	0.4785495039707077	0.003962379856504995	1.570613079013658	0.3404017145268451	0.01799122309913495	1.570534462734817	0.00462697433838859	-0.003942502196167792	0.00347589384682681	0.01501085290766846	0.0009099365481313237	-0.0005450997413929222	0.0001286961891710146	3.91172360598091e-05	-2.472738356416541e-05	-0.0001025580176278621	8.979930449375763e-05	-6.448549827907686e-05	-2.827509950414766e-05	-2.271646594595945e-06	-0.1007616377242349	-0.04982308856897067	-0.02194998658705252	0.08020419897758874	-0.02586270228150062	-0.05544022782810357	0.146103011013362	-0.01210570713362281	-6.448729345617675e-05	0.05701673069491627	0.006631598430362951	0.0004861616732046131	-0.1333946867446919	-0.009163018389356323	0.0009403718332525943	0.2304981414805766	0.2304981414805766	-0.02650638901267675	-0.02650638901267675	1.147550493966363	-0.003769190099805658	-0.001368774370679122	0.1444562510518106	0.01930804086217538	0.00109465226158462	-0.009210006796739291	0.003161005899154448	-0.001596071821454532	0.0142962103366918	0.002229928320014253	-0.0002877707803648565	-0.001780231345647921	0.0006562401653478888	0.0003147206848664703	-0.0005512378263650375	-0.0002534468316700252	-0.008416864930642868	-0.008670299136546643	0.008100787442433512	-0.01414368225200045	0.02617712256646252	-0.001444225577528503	0.0164618171786613	-0.009302185489472526	0.02368855882392035	-0.108944966845394	-0.07298214068187799	0.01756637699927846	-0.1226876150125271	0.05391065314911572	-0.004765260229991371	-0.0001437334135795576	-0.03212366198058316	-0.004563932883021477	-6.030611184136853e-05	0.003913277652845076	0.004402900494268803	-0.0006907658008444023	-0.0001414346825716707	0.08950863823816818	-0.07409311841298202	-0.03708190498962996	-0.002038464713422651	0.002057493982806999	5.288434484921405e-05	0.0005007776244975779	1.179808251907301e-05	2.975896545499401e-05	0.0001203992795613842	0.05701249936712484	0.05406907141644292	-0.001243135031343511	0.03323401262096237	-1.98465636537549e-05	1.135788919569633e-05	-3.035463656239852e-05	-0.03032858922979416	-0.02907562925162031	1.750594805713655e-20	8.882057563661883e-19
8.048000000000002	-0.5245525972698931	0.009323882144204595	0.003379408484167517	-0.1204585218361038	0.9730168865582494	-0.007250934726218804	0.7777695936378841	0.006988598844089412	-0.0004443978206981514	0.2979819655960614	0.002655722298636076	-0.0001282442861007163	0.186602386167614	-0.02476731105551685	-0.009820556695391783	0.3547664498536858	0.3547664498536858	0.0127092542776595	0.0127092542776595	0.5021734800226741	0.003947376585515266	1.570612975803239	0.3436822996496482	0.01831634026294808	1.570526255545111	0.004478513952199143	-0.003849039603561351	0.003447532922503311	0.01527414237088655	0.0008705178951947983	-0.000522653881569673	0.0001254890500858979	5.254921279993927e-05	-2.521128396499525e-05	-0.0001082041245002108	8.942772979572862e-05	-7.480463912661023e-05	-5.33693692169028e-05	4.432718471077623e-05	-0.1167813201297521	-0.04803834646355857	-0.02446659776563615	0.08213765369757992	-0.02550484687416854	-0.0608330511600642	0.1756236565940644	-0.01644160427553058	0.004719278053976992	0.06262695071079404	0.009486783017011471	-0.003236081520731708	-0.1602075177209369	-0.0167221492608512	0.000822919338457838	0.2562036173165312	0.2562036173165312	-0.02750799426142208	-0.02750799426142208	1.061842277305941	0.001342770104728401	0.0008217050339554201	0.1640999818721755	0.01220125320286861	-0.001137288603327192	-0.005309231264268571	0.005064229314882091	-0.001203492986001482	0.01099923896102588	-0.003782946150951838	0.001784089505576796	0.0009940063673935049	0.0003576909344618938	2.513253692066488e-05	9.332102959092767e-06	0.0001414725922311347	0.005104417684184751	0.003275948855275035	-0.001834242874295686	-0.01560971423433727	0.02212390886640796	-0.005162821460023065	0.02011280330764729	-0.0002480706081994715	0.01810231215987703	-0.08933169689073281	-0.05957208218322878	0.01469446115434598	-0.1265948090087065	0.05406217076490074	-0.003901883939550799	-0.0001450805430366796	-0.03174411277437707	-0.004699191521791544	-4.730625976972506e-05	0.003622861728585101	0.004476446492414337	-0.0007184474075365701	-0.0001427004364473242	0.07124187883591292	-0.08513381056111477	-0.04293933720058476	-0.005598232373761288	0.002020374558226017	0.0001033962042277605	0.0009499701905736753	2.861910110216244e-05	2.97149977417756e-05	0.0002006208783692377	0.05209936931348617	0.05076925449033697	-0.001146465701836528	0.03254993055165595	-1.984630869727619e-05	9.029479852339634e-06	-2.769797058195345e-05	-0.03097020383676065	-0.02916226577051234	1.042611641083166e-17	9.714669368292641e-19
8.069333333333335	-0.5271210121459546	0.008269386534401076	0.00289046970532832	-0.1186817869397204	0.972504502977657	-0.008620400734740793	0.7816400369197469	0.006577351934179684	-0.0003290816018014492	0.2992885816484094	0.002870556644513523	-0.0001575474129851859	0.1827781258970778	-0.02511291179597895	-0.009814812489711024	0.3603284881473002	0.3603284881473002	0.0120911646425325	0.0120911646425325	0.5236262951688494	0.003976157211809022	1.570625209645084	0.3474460392002693	0.01855573779398009	1.570516948029317	0.004374801191934571	-0.003749335413359688	0.003418540411599949	0.01550626842050249	0.0008399433633168064	-0.0004949190961722636	0.0001503900847814159	4.391186922821413e-05	-7.219056255979663e-06	-0.0001026967312775336	9.254419967167607e-05	5.324847045406082e-05	-1.828314816231555e-05	4.445671211827653e-07	-0.1222488888941635	-0.05173401947499459	-0.02024905351180143	0.08450326972251528	-0.02200793827426866	-0.06782008966823931	0.1836476208617339	-0.0223798519507194	0.005409332280824393	0.05819453089086332	0.01031633077006661	0.001978360993308872	-0.2005761894307604	-0.01395724816249486	-0.0004823734357966834	0.2619031486212726	0.2619031486212726	-0.03082357093604645	-0.03082357093604645	0.9440041590484558	0.0003355502705209151	-0.0002121757208594505	0.1897519786597505	0.01127182528894637	0.0009914966908393375	-0.005014916866282316	0.003746155673706476	-0.001655283063316728	0.01137464031148914	0.00305906466925176	0.000208065992212671	0.0008549099462865459	-0.001412758613888517	0.002046857695164453	0.0004944028075436204	7.355734714026086e-05	0.004555533547001107	-0.003028378127108377	-0.0003818483914693918	-0.01707574621667409	0.01807069516635339	-0.008881417342517626	0.02376378943663327	0.008806044273073584	0.01251606549583371	-0.06971842693607165	-0.04616202368457957	0.0118225453094135	-0.130502003004886	0.05421368838068576	-0.003038507649110226	-0.0001464276724938015	-0.03136456356817099	-0.004834450160561612	-3.43064076980816e-05	0.003332445804325125	0.004549992490559871	-0.0007461290142287381	-0.0001439661903229777	0.05297511943365766	-0.09617450270924752	-0.04879676941153956	-0.009158000034099925	0.001983255133645034	0.000153908063606307	0.001399162756649773	4.544011968525189e-05	2.967103002855719e-05	0.0002808424771770912	0.04718623925984751	0.04746943756423101	-0.001049796372329545	0.03186584848234953	-1.984605374079748e-05	6.701070508982935e-06	-2.504130460150838e-05	-0.03057331950941564	-0.02972741441739681	9.025325841818596e-18	1.859127223287846e-19
8.090666666666667	-0.5298751865606817	0.007105806992801317	0.002414447673534742	-0.1168684504247304	0.9720992412207856	-0.01012787854864712	0.785928417439663	0.006133653546411038	-0.0002394478004047139	0.300647849464909	0.003039189640468633	-0.000150555766745658	0.1781739524580757	-0.02532154979974816	-0.009750519692277873	0.3662608951150146	0.3662608951150146	0.01147480297776503	0.01147480297776503	0.5421942928175969	0.00395832691650955	1.5706138192362	0.3517592564827945	0.01881764762483834	1.570527271079858	0.004177167305407465	-0.003682781208952845	0.003387931737919423	0.01569024126035141	0.0008543458452962966	-0.0004810949340987055	0.0001523503322537585	3.5317709865104e-05	-8.513698467961436e-05	-0.0001126095227022246	9.219256770974231e-05	6.814805370281707e-05	-4.912859343352398e-05	-2.128004963546967e-06	-0.1358348243392251	-0.05584613864935959	-0.02396678789916097	0.08558417165510782	-0.01541800810805295	-0.07301431987060689	0.2173040232535041	-0.0197980108065408	0.003869025028625845	0.0697765642647977	0.006698013447029427	-0.001471098445839397	-0.2291620026623988	-0.007699738116336512	0.005643381683743382	0.2924482159393656	0.2924482159393656	-0.0266230154657854	-0.0266230154657854	0.7897703776322772	-0.0009746777368731223	-0.0004528613170872942	0.2137408116996538	0.01173176340639566	-6.603385554733523e-05	-0.01028634674258389	0.003134650280219435	-0.001001648587451381	0.007557994108359872	-0.001909760724296834	0.001036251964488568	-0.000464934924165641	0.000359935972379872	-0.00489082798132773	-0.0008532342829989595	-8.060104633523477e-05	-0.002006619337587498	-7.979532240147908e-05	0.0002267203692118045	-0.02279572033626513	0.01293947710537902	-0.01218271343794716	0.02586223340239619	0.005364133015199849	0.006075227577425083	-0.02984001961332461	-0.01604814275564353	0.00457179082610794	-0.1306082141670898	0.05238832155147146	-0.0007272450487452532	-0.0001505178441967529	-0.03070559212132718	-0.003891792371374495	-2.498498503544405e-05	0.003149742445112438	0.004559097880847622	-0.0007730274740691053	-0.0001473949731982561	0.013495895470008	-0.1126298517783517	-0.05666290682601739	-0.01347867301301893	0.001404380273862005	0.0002112640513549404	0.001677603070380683	6.531626494938532e-05	1.943946022418159e-05	0.0003835872184743203	0.03593167639938925	0.01200653102717289	-0.0007332758861898335	0.008759954217875381	-1.469821855906348e-05	2.541776871501801e-05	-2.247804856873753e-05	-0.03221329975184069	-0.03025541858083357	5.68705541602901e-18	-7.421815179078291e-19
8.112	-0.5329115054234774	0.005950849371788505	0.001885432315270781	-0.1150264775102842	0.9718708746135529	-0.01171470193391857	0.7908654233144816	0.005707841546532163	-0.0001266618276304924	0.3022887438510174	0.003207751921029075	-0.0002266376629404131	0.1730817446768498	-0.02553091335509593	-0.00961099637569153	0.3727289757111083	0.3727289757111083	0.01096964162191746	0.01096964162191746	0.5570255542512118	0.003978622704335965	1.570623074284139	0.3565284704246877	0.01899014016022119	1.570512324796955	0.004073598696381154	-0.003588226098330202	0.003384875682824693	0.01590064387831036	0.0007498872794802588	-0.0004529114278290668	0.0001393508057381367	4.872534213116111e-05	-2.556540197438158e-05	-0.0001147603712728182	9.021121837678898e-05	1.678805199028266e-05	-3.092136801236183e-05	1.378946226348154e-05	-0.1486999309005993	-0.05092571441996843	-0.02521717786839993	0.08718793217153044	-0.005424017995652803	-0.07525873698372043	0.2444562478838533	-0.02070300308605329	0.007579848347463795	0.0845970217917003	0.01030970120181658	-0.005809783609905362	-0.2463294090142415	-0.01402526862298649	0.006570487734815276	0.3121225512818337	0.3121225512818337	-0.02039854197480602	-0.02039854197480602	0.5936851388797743	0.003909870563572883	0.00172333585623825	0.2325016654755043	0.002888953838126563	-0.001377503319604151	0.003803702899417555	0.006371240631437809	0.0009277749291017549	0.01385243200930556	-0.008084158561579284	0.001554254510595261	-0.0005475688650851583	0.0006499093513459667	0.01493649936349612	0.001222084950115265	-7.922865639282697e-05	-0.001656302543120058	0.001570309750301488	0.00135159279400799	-0.02851569445585617	0.00780825904440464	-0.0154840095333767	0.02796067736815911	0.001922221757326114	-0.0003656103409835416	0.01003838770942245	0.01406573817329251	-0.002678963657197622	-0.1307144253292936	0.05056295472225716	0.00158401755161972	-0.0001546080158997042	-0.03004662067448336	-0.002949134582187377	-1.566356237280649e-05	0.002967039085899752	0.004568203271135374	-0.0007999259339094725	-0.0001508237560735345	-0.02598332849364165	-0.1290852008474558	-0.0645290442404952	-0.01779934599193793	0.0008255054140789752	0.0002686200391035737	0.001956043384111593	8.519241021351876e-05	9.207890419805988e-06	0.0004863319597715494	0.02467711353893101	-0.02345637550988522	-0.0004167554000501222	-0.01434594004659876	-9.550383377329486e-06	4.413446692105309e-05	-1.991479253596668e-05	-0.03102056524708777	-0.03121100577441414	-5.898867162856439e-18	-1.010192947209556e-18
8.133333333333333	-0.5359610756925596	0.00483198398536278	0.001479323082258554	-0.1131066628806081	0.971899701225963	-0.01335142739692082	0.7956832244613388	0.005208442776536385	3.331909884108552e-06	0.3039024361806413	0.003452705540495392	-0.0002329836127339801	0.1675783220718172	-0.02574752926161807	-0.009503459188400315	0.3789930006508421	0.3789930006508421	0.01047348288863604	0.01047348288863604	0.5673248020943652	0.004011136631959467	1.570629734451379	0.3615581771111925	0.0191493471612334	1.570511909914635	0.004017890291477031	-0.003502575371567557	0.003376476585315869	0.01612588262852119	0.0007092733033686841	-0.0004459733066348796	0.0001338448155772829	4.002169546716957e-05	4.684815627679283e-05	-9.162727639958217e-05	8.801106377356328e-05	1.003005736406861e-05	-2.669330698112268e-05	-5.500443882016892e-07	-0.139448013734047	-0.05361320216986455	-0.01601457114086048	0.09255529797017144	0.007248991475750487	-0.07710437685369878	0.2149391046825801	-0.02310756037720587	0.004659385723370164	0.06951774659700696	0.01152292247022844	0.002087920217173294	-0.264244425427462	-0.007523472027970691	0.005052906198126937	0.2830754287060982	0.2830754287060982	-0.02458447120602707	-0.02458447120602707	0.373294064917827	-0.0001409420859435222	-0.0005601987157706692	0.2365839486586797	0.009870661134107476	0.0006928940678893076	-0.007182978518201998	0.002428460766374378	-0.001229771174587119	0.007727951638826632	0.001233986880063178	-3.172201176355492e-05	-5.512506193189555e-06	-0.0007811702015513863	-0.004466018391592612	0.0004708985056962929	-7.981813271592205e-05	0.0006360804891774995	-0.0006470884898014663	-0.001477971945045823	-0.03100780286788455	-0.001583706992837156	-0.01615552111821358	0.03065341166746393	-0.0005995129097784667	-0.006786724766097962	0.03119207140197016	0.02496574125974486	-0.005877183458441524	-0.1106520521544795	0.04250324567778625	0.002380020911420496	-0.0001512764117384469	-0.0310713142913994	0.0003428072263357384	2.954539375466968e-05	0.003875128397939471	0.004257547914310529	-0.0007156602356101597	-0.0001482472027621954	-0.03570756726057384	-0.117432412455019	-0.05835409650417629	-0.01612944542705265	-0.0005905220504833033	0.0002335951621788371	0.001123231350324851	6.960948266919398e-05	-2.216229928710839e-05	0.0004386602432084726	0.04985071039503787	-0.1042910696895436	-0.0007422871762991782	-0.0795023140001463	-4.29476374301449e-07	5.522167654423507e-05	1.966469880309501e-06	-0.0315573450517216	-0.03066601967177826	-1.899031354746523e-17	-1.157713069753368e-18
8.154666666666667	-0.5389573185708798	0.003678487183744214	0.001067359587581165	-0.1110876654962153	0.9721427240020286	-0.01495841301806408	0.8003658222363452	0.004850263342655392	7.437100019715726e-05	0.3053756285052459	0.00365110741190083	-0.0002709687725899872	0.1620365226758953	-0.02590486413664169	-0.009329622985930763	0.3851458747231191	0.3851458747231191	0.009986063887870416	0.009986063887870416	0.573013555677124	0.004003361079887221	1.570622158987963	0.3665182116911645	0.01931887060337628	1.570514337811721	0.003845776139486219	-0.003451760753042148	0.003353116662936898	0.01625017784971064	0.0006727192990645622	-0.000417055998490907	0.0001375414276094328	4.460953724550295e-05	-5.902923155247706e-05	-0.0001149671204080928	8.882026679183902e-05	2.742999039849611e-05	-3.60519472541799e-05	2.695175437310755e-06	-0.1437004880166544	-0.05417240959429716	-0.02576601489950881	0.09648631542622151	0.01465687234704156	-0.07247062680944014	0.2317809317728686	-0.007463690325292369	0.002052850172318358	0.07142514632114855	0.005945474821109148	-0.008775959553259081	-0.2499272331601143	-0.008467671920001443	0.01278602040778414	0.3017021574577541	0.3017021574577541	-0.01957919205144942	-0.01957919205144942	0.1614513019677812	0.0001327318420964578	0.0003887454821055065	0.2259699054880519	0.003856120194127666	-0.001110992750374907	-0.007109335889959457	0.003105355484196979	-0.0004748024024744445	0.004388976163551433	-0.007703536204630606	0.00361480328713761	0.0003151750905089259	0.00189598639281391	-0.001778276831545285	-0.003134753070048423	0.0002028986206229293	0.0006085031750650542	0.0002965565030237212	0.00300016090124506	-0.03349991127991295	-0.01097567303007895	-0.01682703270305045	0.03334614596676876	-0.003121247576883048	-0.01320783919121238	0.05234575509451787	0.03586574434619721	-0.009075403259685425	-0.09058967897966554	0.03444353663331533	0.003176024271221273	-0.0001479448075771896	-0.03209600790831544	0.003634749034858854	7.475434988214586e-05	0.004783217709979191	0.003946892557485684	-0.0006313945373108468	-0.0001456706494508564	-0.04543180602750601	-0.1057796240625821	-0.05217914876785737	-0.01445954486216738	-0.002006549515045582	0.0001985702852541004	0.0002904193165381091	5.402655512486918e-05	-5.353248899402277e-05	0.0003909885266453958	0.07502430725114473	-0.185125763869202	-0.001067818952548234	-0.1446586879536938	8.691430628726588e-06	6.630888616741705e-05	2.384773229658569e-05	-0.03082437071529237	-0.02978747555056338	-4.55890034772767e-18	-7.429153931024841e-19
8.176000000000002	-0.5417345799923332	0.002553312752241174	0.000637826128863457	-0.1089327045455394	0.9725060318378707	-0.01645337212476948	0.8046600120543116	0.00465553044940534	0.0001063559158665527	0.3064428386447255	0.003843031865881615	-0.0003444397071496476	0.1567693478753546	-0.02617436394744151	-0.00918634060562158	0.3910819450947648	0.3910819450947648	0.009493303026146392	0.009493303026146392	0.5744970585529289	0.004013089400287925	1.570627243866596	0.3710195822822159	0.01932061911257491	1.570510476516794	0.003774866774301098	-0.003374054352297907	0.003341102095447916	0.01631214430222254	0.0006325518904595088	-0.0003771917379223413	0.0001386248898363369	5.321881279458654e-05	3.323846724266671e-05	-0.0001355209877707552	9.064101189607762e-05	3.430006541230628e-05	-4.332042301642558e-05	3.195221432155084e-05	-0.1155717856818115	-0.05136777149028267	-0.01614848901073026	0.1062338512750772	0.01875645671225788	-0.06745409829537762	0.1699278380765634	-0.01020822897905147	0.001454123254669036	0.02652380306676257	0.01142963708201757	0.0002778490877357462	-0.2390260943052649	-0.01564658958634106	0.002422959644008568	0.2573231174429476	0.2573231174429476	-0.02583441294814789	-0.02583441294814789	-0.009559790203025494	0.0006664480481268099	7.831590058718024e-05	0.1911073090227103	-0.003061582733607775	0.0003384015290173683	-0.002255241896837597	0.003917025629593606	-0.0006233445580454067	0.00133935458130707	0.001448423589299469	0.0004561545676637195	-0.0001643972010663325	-0.0005482129313102207	0.005561416296009808	0.0005910111798373334	-2.966961700508616e-05	-3.375343260485744e-05	-0.0005217372765930577	-0.0001484313021097242	-0.03477396154073219	-0.02105150079511622	-0.01377118783941163	0.03502603736305329	0.000801589929081993	-0.0176639427766759	0.05257807890319532	0.02050128101978283	-0.005608166875549169	-0.0690391578539049	0.02685678002057356	0.001508541089478943	-0.000142178845014318	-0.03191519423861156	0.004525061254258691	8.18692752530935e-05	0.005484094398207417	0.00368697521485959	-0.0005818576867088132	-0.000140965788493496	-0.03862823062134891	-0.07907921305603899	-0.03393029083487755	-0.00234440826731464	-0.002137954879404605	1.993430361033883e-05	-0.00110581007771796	-9.31124722677887e-06	-5.414329027146562e-05	9.38815913871299e-05	0.08855415304062011	-0.2632990304925639	-0.001187753236897903	-0.2066789294908339	1.871133941614231e-05	7.608657712027075e-05	5.090506035629245e-05	-0.02869915442583258	-0.02961178665914564	1.542147647788809e-17	-2.14747192420374e-19
8.197333333333335	-0.543841619418625	0.001484445599895474	0.0003081390578239333	-0.1065254711985931	0.972915403518247	-0.01782673972298431	0.8075788915693227	0.00443964192223072	0.0001581047959369196	0.3064176253853936	0.00411241221934386	-0.0003278161864702877	0.1520447665491769	-0.02652332787339693	-0.009150456413479963	0.3962324579765323	0.3962324579765323	0.008917191902329334	0.008917191902329334	0.5731523642938716	0.004026981256987341	1.570625088904182	0.3744619356643877	0.01921514930159667	1.570511257564556	0.003633634627058285	-0.003295838334968046	0.003327724628100709	0.01630386661357947	0.0006283035350407543	-0.0003833562440733249	0.0001326264880725366	4.428701767075707e-05	-2.939898095280807e-05	-0.0001160681612667245	8.766248687036229e-05	2.303219956375026e-05	-3.884654767879317e-05	1.007747240111502e-06	-0.08086717597025736	-0.04889360217329657	-0.01640541605467921	0.1201368525765803	0.01897535777213815	-0.06107142288845046	0.1028455908708217	-0.009447031005720375	0.003905721834909403	-0.03098954731742245	0.0132069653974958	-0.0003296043746010425	-0.1990590949385849	-0.01591743271583856	0.002717440267075054	0.2280561427816787	0.2280561427816787	-0.02739327912267128	-0.02739327912267128	-0.1036921794255514	0.0005230633701007032	-0.0002899896160819328	0.1266870421555978	-0.00619559732245462	-0.0006757731233233247	-0.0137020967078679	0.003153132039098918	-0.0006025742641829418	-0.002196412069726099	-0.004336124968415149	-0.0007003935928200793	-0.0003487496586196096	0.0002515110172283338	-0.01630063436191556	0.0006158744799540104	-0.0002470329540602472	-0.001091928780781751	0.001397401918637276	-0.002643730283037304	-0.03604801180155143	-0.03112732856015349	-0.01071534297577282	0.03670592875933783	0.004724427435047034	-0.02212004636213941	0.05281040271187278	0.005136817693368444	-0.002140930491412913	-0.04748863672814425	0.01927002340783177	-0.0001589420922633864	-0.0001364128824514464	-0.03173438056890768	0.005415373473658528	8.898420062404113e-05	0.006184971086435643	0.003427057872233497	-0.0005323208361067796	-0.0001362609275361356	-0.0318246552151918	-0.05237880204949593	-0.01568143290189774	0.009770728327538098	-0.002269360243763628	-0.0001587016780334228	-0.002502039471974028	-7.264904957842692e-05	-5.475409154890847e-05	-0.000203225343871136	0.1020839988300955	-0.3414722971159257	-0.001307687521247572	-0.2686991710279739	2.873124820355803e-05	8.586426807312448e-05	7.796238841599922e-05	-0.02949372804431119	-0.02896129515518643	4.407073725355933e-18	-7.429465164597898e-19
8.218666666666667	-0.5451586352920919	0.0004311171111341463	-9.266462637982686e-05	-0.1037895076340704	0.9732916340644353	-0.01905011678358942	0.808994716277181	0.004287612070140934	0.0002028797956572238	0.30508920125248	0.004354386868923725	-0.0003796824036840674	0.148398787258656	-0.02681119184947924	-0.009065662012573942	0.4008166964056921	0.4008166964056921	0.008379692359670027	0.008379692359670027	0.5704763526287118	0.004039031833967033	1.57062817798929	0.3763138589160019	0.01904350448298361	1.570507190143338	0.003503703433008478	-0.003221418271915482	0.003320130812673237	0.01624797966508638	0.0006009557948120489	-0.0003657320965467673	0.0001287946981920724	4.705162268943787e-05	-5.194357151792622e-05	-0.0001143304666857302	8.459935353688088e-05	1.403952268786967e-05	-2.896682430075287e-05	6.031925289976436e-06	-0.03911618837971432	-0.0500041169998478	-0.02006732790263735	0.1367977870188579	0.01605933021032269	-0.05368153987155896	0.02170185725846455	-0.006055449232147942	0.0008203833745463036	-0.09774044607456867	0.01001324808883626	-0.003185397377561672	-0.1453128830728203	-0.01146553010202516	0.004241892682344615	0.1976044496969154	0.1976044496969154	-0.02328071949541913	-0.02328071949541913	-0.1415204466047821	0.0003264223017187426	0.0003195926169026382	0.0460732474717873	-0.009617051718445594	8.999463178445734e-05	-0.002147134834782651	0.003490021088830871	-0.0003497332251873319	-0.003819359139786413	0.0003592769728345521	0.001697188307964659	-3.821340243804001e-05	3.627627079050414e-05	0.007380108253545722	-0.0003353014742753176	-3.719995410951631e-05	0.0001419849624871073	-0.0002742971495683494	0.001689945939116367	-0.03746681879240413	-0.03620857147501809	-0.01123931843267068	0.03740742086160888	0.003065832038961348	-0.02545168233023064	0.03764882285163459	-0.007485056185122901	0.0009306980645084461	-0.03309832164312363	0.01504661453027877	-0.001227692550565745	-0.0001319777501596183	-0.03126381932361019	0.006545217815598614	0.0001207346924611252	0.006352610280883539	0.00330611126581819	-0.0004979524177096968	-0.0001338223195615914	-0.01365651140691325	-0.03654229145588225	-0.00635046599944616	0.01411139752518694	-0.002692062386608667	-0.0002235476002414436	-0.003212913728817945	-9.750841418510771e-05	-6.533629557787459e-05	-0.0003117084976582779	0.1284443953378344	-0.3775972073652834	-0.00179003601149354	-0.3012346755258141	3.068905844300923e-05	8.695378388655413e-05	8.285650796772036e-05	-0.02724535538695966	-0.02884347979458488	-1.346682942561804e-17	-1.50493209597034e-18
8.24	-0.5453618035078908	-0.0006553854551067087	-0.0005010226047189938	-0.1006700752544742	0.973590492776386	-0.02011977025951061	0.8081555631011	0.004127956339869196	0.000215654976639782	0.3020685831664754	0.004562474648231547	-0.0004062350138167348	0.1457354629716672	-0.02702940766698289	-0.009011715056815452	0.4044881460593808	0.4044881460593808	0.007911788766790245	0.007911788766790245	0.567355799855413	0.0040289510226062	1.570627631576776	0.3763911402408284	0.01881672801031684	1.570506373804745	0.003385514437820382	-0.003161169820596524	0.003302546152656139	0.01610778217931508	0.0005833447989850824	-0.0003389095585268975	0.000129812785151911	4.705530943856542e-05	-4.945113831495977e-06	-0.000125354020917491	8.620055141370567e-05	2.4529995886152e-05	-4.214964942559736e-05	1.23205964356559e-05	0.02355604193610453	-0.05200367193700229	-0.01711363112987361	0.1560870539897346	0.01172174831237015	-0.04665983682433229	-0.108558585748493	-0.01016195708527841	0.0009057388282456331	-0.1896327304196994	0.01003007130949175	0.002043546289253303	-0.1069351883574544	-0.009387917849089215	-0.0001745077155060303	0.1424821950812604	0.1424821950812604	-0.02086865883084046	-0.02086865883084046	-0.1453679083135903	-0.001551754286823599	-0.0006308175180798584	-0.03968563848075278	-0.01136418988999013	-0.0003709841271955577	-0.01260126556458245	0.001824543439073381	-0.001539215944460425	-0.01010052493955884	-0.003423305180752101	0.0001619555159279696	0.0001059262951587811	-7.325070542289508e-06	-0.009780973588332723	-0.0005804925962418162	0.0001902480969059706	0.0007346165386710721	-0.0007647120035082309	-0.002525184055304689	-0.03888562578325682	-0.04128981438988269	-0.01176329388956854	0.03810891296387994	0.001407236642875661	-0.02878331829832187	0.0224872429913964	-0.02010693006361424	0.004002326620429805	-0.01870800655810302	0.01082320565272576	-0.002296443008868104	-0.0001275426178677903	-0.03079325807831268	0.0076750621575387	0.0001524851842982092	0.006520249475331434	0.003185164659402882	-0.0004635839993126139	-0.0001313837115870473	0.004511632401365298	-0.02070578086226858	0.002980500903005416	0.01845206672283578	-0.003114764529453706	-0.0002883935224494645	-0.003923787985661861	-0.0001223677787917885	-7.591849960684071e-05	-0.0004201916514454199	0.1548047918455732	-0.4137221176146411	-0.002272384501739508	-0.3337701800236542	3.264686868246044e-05	8.804329969998378e-05	8.775062751944151e-05	-0.02738975331528285	-0.02840307660345779	-1.129026606670386e-17	-8.420125101173085e-19
8.261333333333333	-0.5442814172269509	-0.001743116876421746	-0.0009367322380466129	-0.09715757635942909	0.9737692800233319	-0.02102320624084604	0.8047407987987387	0.003919261075209056	0.0002548103323186478	0.2972089543920415	0.00477671057028757	-0.0004205300700512458	0.1438948050687432	-0.02728949439111221	-0.009008936083645842	0.4072717203576087	0.4072717203576087	0.00757610182047978	0.00757610182047978	0.5643358494887845	0.004017846541768815	1.570624519289573	0.3746922983850934	0.01847314619369194	1.570497860921927	0.003217541145619224	-0.003102230002093302	0.003284473702840223	0.01586829712998473	0.0005476438076565348	-0.00032661568678949	0.0001288667006526963	5.003337506810552e-05	-5.703141961065456e-05	-0.0001317257912184915	8.701681115415167e-05	2.643027912226538e-05	-4.415923022624265e-05	-4.284664741024256e-06	0.07689448429191845	-0.05045089861182895	-0.02268813198805781	0.1727177530235512	0.005002621079601324	-0.03835849488112165	-0.2099268657995028	-0.009597996851396522	0.002458032122818169	-0.2638024973415955	0.01009760314815403	-0.002449857616819866	-0.06761296434350504	-0.01395394982758446	0.0002374851798453451	0.1182150154919523	0.1182150154919523	-0.01076556190193573	-0.01076556190193573	-0.1421529769617919	0.0001299066234447987	0.0001815528564019844	-0.1171328308977749	-0.0197911187597893	-0.0003416215828328318	-0.004759812008166274	0.003416449829290731	-0.0003655432800731231	-0.0124421012837431	-0.0006111569741146702	0.0008813149724805393	-0.0001480345908072661	0.0001604159865614232	0.002454224561539938	-4.758814299019686e-05	-8.440174150237825e-05	-0.0003214089717252081	0.0003082764469402122	0.0004744978134799721	-0.03963295962168162	-0.04156995713544707	-0.01563271020359152	0.03786929946364472	0.00368279132616155	-0.03108867744999278	0.0126588160193278	-0.0260850643973511	0.005859414751530566	-0.01244613041780679	0.008969996667176681	-0.002915575278679066	-0.0001294423009706026	-0.03076726721287747	0.007260807414697835	0.0001411895925102645	0.006200323709659451	0.003183469337409397	-0.0004687222282131385	-0.0001323879229994501	0.01694619881935416	-0.01501028710752064	0.002046107115607325	0.01360410345536479	-0.002717487264511177	-0.0002141054790415293	-0.003182448652956091	-9.414950001795865e-05	-6.523296437366147e-05	-0.0002996830835961683	0.1830973632189081	-0.4170489976466379	-0.002834747426781418	-0.3413586642504172	3.004481450894602e-05	8.704500525335628e-05	8.074226362424492e-05	-0.02704658384687587	-0.02826658038383335	-4.268173301233073e-18	1.652591573652763e-19
8.282666666666668	-0.5421166281827995	-0.002828426454034823	-0.001424419595930763	-0.09332177493974912	0.9738023620487232	-0.02177010426852951	0.799269028103718	0.003710131498218685	0.0003074304850766199	0.2909049553264874	0.004995142804521601	-0.0004709179971725135	0.1427658869227995	-0.02758034898398069	-0.009010011210008679	0.409520770511917	0.409520770511917	0.007445479159617703	0.007445479159617703	0.5611028498664737	0.004018246128251887	1.570628658355227	0.3714979188519797	0.0180173410406748	1.570495444971523	0.003113582984505962	-0.003027544855776134	0.003277969711723254	0.0155730406696692	0.0005279356814627284	-0.0003059693991452602	0.0001254843599933244	4.8519341430509e-05	-4.494267898986118e-06	-0.000128695478688304	8.385048264504018e-05	2.08456030044465e-05	-4.043278156713603e-05	1.149093486633305e-05	0.1252188009871785	-0.05177662408994356	-0.0219865428070483	0.1863966656742547	-0.001938116208366711	-0.03198440366946145	-0.3014029350603121	-0.0102026738662377	0.002168063554411828	-0.3250424452122151	0.01042347557617999	-0.001340160356380082	-0.04020958614054594	-0.01227240554338632	-0.000535829546672905	0.09237055658881213	0.09237055658881213	-0.001643882070054434	-0.001643882070054434	-0.1653412760338085	-0.0004732479755308638	4.899681221976474e-05	-0.1798922957349899	-0.0218851276767624	0.0002006032866758304	-0.006599847025092304	0.003300667921630766	-0.0004546729414339743	-0.01532909471941917	-0.001923974074370143	0.0009449945071925465	-0.0001224727198559473	-0.0004284593768363411	2.747555143216828e-05	0.0003009526691820382	-0.0001831195514900378	3.290159923993254e-05	-0.0002269592416564971	0.000510521643198778	-0.0403802934601064	-0.04185009988101147	-0.0195021265176145	0.03762968596340951	0.005958346009447439	-0.03339403660166369	0.002830389047259204	-0.03206319873108797	0.007716502882631328	-0.00618425427751057	0.007116787681627604	-0.003534707548490029	-0.0001313419840734149	-0.03074127634744226	0.006846552671856971	0.0001298940007223199	0.005880397943987467	0.003181774015415912	-0.0004738604571136631	-0.000133392134411853	0.02938076523734301	-0.009314793352772703	0.001111713328209236	0.008756140187893804	-0.002320209999568648	-0.0001398174356335941	-0.002441109320250321	-6.593122124412881e-05	-5.454742914048224e-05	-0.0001791745157469165	0.211389934592243	-0.4203758776786348	-0.003397110351823328	-0.3489471484771801	2.744276033543161e-05	8.604671080672875e-05	7.373389972904832e-05	-0.02760072000359998	-0.02810165444761911	-4.630009089651897e-19	1.341543617845712e-19
8.304	-0.539279229788051	-0.003934650338208644	-0.001888932837098202	-0.08923831775396868	0.9736674506714906	-0.02239075066195927	0.7923765240173457	0.003494572706396737	0.0003509014605735514	0.2837556674832641	0.005226470101044623	-0.0005021622230502302	0.1424662312020884	-0.02782485529639369	-0.009012719770002491	0.4113492078831176	0.4113492078831176	0.007475228806380813	0.007475228806380813	0.5571036409079113	0.004006683498754222	1.570628910106219	0.3670501697085908	0.01753630748453923	1.570488183189323	0.00293699391585439	-0.002963827871737992	0.00326533180052912	0.01522674071302458	0.0004848262659337659	-0.0002877755979739192	0.000124219067717063	4.870042799683169e-05	-5.637742920636208e-05	-0.0001299624050995213	8.219307778900557e-05	2.339211776323146e-05	-4.33642497125576e-05	9.926675103796381e-06	0.1287776447753611	-0.05168537230318109	-0.02146681338722642	0.1956830601947185	-0.01130274735141156	-0.02628884515957049	-0.3300416957321564	-0.01001064604066002	0.001939413735090996	-0.3320042154049249	0.01120499768268634	-0.001521634691421327	0.02455806860797851	-0.01080085613349546	0.0001298562341545022	0.08029189018926991	0.08029189018926991	0.001854994352342872	0.001854994352342872	-0.213514050794623	-0.0005659913015975923	-1.736571230768259e-05	-0.2378978177099642	-0.02323711699651704	-0.000636806572684378	-0.008549088891740412	0.002766019758180494	-0.0006559236336864762	-0.01698341290341065	-0.001677276701973075	0.0007904952305716347	-3.070802508904967e-05	0.0002544794945576865	-0.002468439951769742	-0.0002955432949792948	-5.140511756623549e-06	0.0001211903986696979	-7.233549345811708e-05	-0.000397060264523688	-0.03953627857278015	-0.04206369140333029	-0.02221392955981696	0.03647547922340089	0.007090859740135089	-0.03481827241125782	-0.002930249039173139	-0.03689334994566134	0.009203282802160668	-0.004792303415818585	0.006842838515189521	-0.004113654436702605	-0.0001365894958192973	-0.03225057516199935	0.005601463835035109	8.853924695720593e-05	0.005461943126153669	0.003274969654789206	-0.0005187616343497944	-0.0001388611779719562	0.04164884045085065	-0.006889666683607383	-0.0004500229671576229	0.006767740804570386	-0.002249705411952072	-0.000111187274981786	-0.002159000554136048	-5.538770013339083e-05	-5.264148375009232e-05	-0.0001292586376613142	0.2313352228583922	-0.4222026347371534	-0.00375633976513421	-0.3537619440172182	2.507766068238943e-05	8.551630676869588e-05	6.599047903421523e-05	-0.02796467589608003	-0.0279479717227177	2.497048334409957e-18	-1.697442503636216e-19
8.325333333333333	-0.5371345272321766	-0.005023151981715079	-0.002336293866738315	-0.08500439147748738	0.973294813492109	-0.02289550137165743	0.7858156278508245	0.003282810785077381	0.0003915472668048898	0.2773026026557731	0.005470728378602384	-0.000532967429201812	0.1443445226515279	-0.02804761942757141	-0.00901095796537695	0.4129997394043877	0.4129997394043877	0.007414634455642861	0.007414634455642861	0.5518252589221402	0.003996006808216903	1.570628260007798	0.361312897029593	0.01702480916730588	1.570478710346354	0.002808823533946489	-0.00290555060790773	0.003253149827590699	0.01485494788712814	0.0004751561711704224	-0.0002709692451816324	0.000122699608243584	5.122964528912348e-05	-6.42954169272212e-06	-0.0001360068203299005	8.222834420237197e-05	2.24049262233577e-05	-4.456313207121918e-05	5.6477547869399e-06	0.06027856609273723	-0.05011516402737622	-0.02037852297636144	0.2005031429274599	-0.0242249101598522	-0.02111918331962396	-0.2703146925742747	-0.009846717256619716	0.001903203935762466	-0.2597715374873241	0.0116357550481867	-0.001299002257054944	0.163972961061079	-0.01023407605257917	-0.0001167328636083468	0.07569188315782568	0.07569188315782568	-0.01011363183577931	-0.01011363183577931	-0.2852637473346302	-0.0003901911979984052	-3.55515702894555e-05	-0.3007851271983342	-0.0247411990296784	-6.683660386998277e-06	-0.002060595142873088	0.002790694152142076	-0.0004119287299607794	-0.01771905121177797	0.001210962247406727	0.0008149212216562051	-0.0001463008945950996	-0.0002083221212767333	0.009574136378402666	-0.0001469369076144024	-2.443161998369064e-05	-0.0002983833662593305	-6.452932414774312e-05	0.0002560222162312893	-0.0386922636854539	-0.0422772829256491	-0.02492573260201942	0.03532127248339227	0.008223373470822739	-0.03624250822085195	-0.008690887125605482	-0.04172350116023472	0.01069006272169001	-0.0034003525541266	0.006568889348751438	-0.004692601324915182	-0.0001418370075651797	-0.03375987397655644	0.004356374998213246	4.718449319209198e-05	0.005043488308319868	0.003368165294162499	-0.0005636628115859259	-0.0001443302215320593	0.05391691566435828	-0.004464540014442062	-0.002011759262524481	0.004779341421246968	-0.002179200824335496	-8.2557114329978e-05	-0.001876891788021775	-4.484417902265286e-05	-5.07355383597024e-05	-7.934275957571191e-05	0.2512805111245414	-0.4240293917956721	-0.004115569178445092	-0.3585767395572563	2.271256102934726e-05	8.498590273066301e-05	5.824705833938213e-05	-0.02886319031985052	-0.02780146917576837	2.03551978134535e-18	-4.733623432100978e-19
8.346666666666668	-0.5367973261732462	-0.006076690111903382	-0.002762591625313617	-0.08071205400658343	0.9726478549040664	-0.02329480378671773	0.7809891098177364	0.003084546159394872	0.0004309569177397221	0.2727968599975241	0.005717136942213943	-0.0005586074872368925	0.1494382996088667	-0.02825147016613679	-0.009016493642181222	0.4146155712696639	0.4146155712696639	0.0069584759119567	0.0069584759119567	0.5449858606385477	0.003988682643834843	1.570629353743102	0.3543161260381773	0.01648796485812284	1.570478729868179	0.002626121653390677	-0.002844613138114017	0.003244845990433725	0.01446470507309494	0.000425108480133735	-0.0002533716203928224	0.0001205417079398062	4.763624564679775e-05	-4.854153407589355e-05	-0.0001374047637958422	8.192571729572325e-05	2.126502842064055e-05	-4.042064843826412e-05	1.87958882179749e-05	-0.02026354981584257	-0.04875411573020579	-0.01977562830171212	0.2013711739289401	-0.03520940534577054	-0.01635802960734213	-0.1915018807678286	-0.008567482418801916	0.001682582902961247	-0.1709799538524381	0.01166676508615273	-0.001307938607531379	0.2994341551029898	-0.008738940240081639	-0.0001297961414709564	0.07375949601297517	0.07375949601297517	-0.03448170837659791	-0.03448170837659791	-0.3496296470318316	-0.0003839403423861218	8.633796275196915e-05	-0.3496648221615033	-0.0255232316215731	-0.0002613251659981367	-0.01147645888021699	0.002852430238413261	-0.0003860448655129796	-0.01882846655223864	-0.003415727263774568	0.0008346213145793948	-6.530357014068012e-05	1.659329927083959e-05	-0.006710116762409611	-2.511390792933245e-05	-2.46772464686204e-05	0.0001047633447238865	0.0002428333185259788	0.0005263730775983094	-0.03697728930716829	-0.04200511013520551	-0.02547635682655139	0.03281260216421594	0.005968700467275468	-0.03673962167541099	-0.01600982706778652	-0.04824405007674362	0.01248194901644678	-0.002982584707123358	0.00675243916297614	-0.005364606520620134	-0.0001443181226052304	-0.03380687655019912	0.005157899594942857	6.000581452346114e-05	0.004653392607269675	0.003439212373101265	-0.0005592660471347667	-0.0001481848711930653	0.06427668380714303	0.002005280222883534	-0.0003636182160505824	0.00572927927628277	-0.002162006356272676	-9.466540718868348e-05	-0.001958695294906291	-4.950435729021452e-05	-5.029082126991027e-05	-0.0001005885292066636	0.2717980055266634	-0.4337706675718752	-0.004449290899891116	-0.36965253262377	2.06463733978311e-05	8.316987689412089e-05	5.311467054199195e-05	-0.02892457518102448	-0.02804596516180968	6.006113379143567e-19	-7.769006331518004e-19
8.368	-0.5376406022322268	-0.007107597668440906	-0.003188106761174665	-0.07643526708759497	0.9718445157546198	-0.02359526205954674	0.7772467792744857	0.002924650851787196	0.0004586924387107891	0.2696516982939015	0.005977116960230506	-0.0005974420545385144	0.1565173090629013	-0.02841459328537359	-0.009004871797746009	0.4160600759511247	0.4160600759511247	0.005865314557257854	0.005865314557257854	0.5371765356235156	0.00397589239874693	1.570629735705734	0.3466284174103442	0.01593857948039744	1.570456047342046	0.002472387838961953	-0.002786823489579915	0.003235847055216495	0.0140532104791007	0.0004355392646977589	-0.0002353687533687645	0.0001195164666372996	5.813079488839735e-05	-2.081717073811823e-06	-0.0001388274080009848	8.029064434434042e-05	2.317329922359979e-05	-4.316454125245936e-05	8.896004910391478e-06	-0.05039116371141349	-0.0479935477476157	-0.02030515209690009	0.1990452786853822	-0.03888558779147078	-0.01185254498544061	-0.1686721154020236	-0.006249593687104153	0.0008087542516594838	-0.1322170729911007	0.0129080788986559	-0.002535987500793186	0.3500885076263117	-0.006415861740525461	0.00149178475259321	0.05962995967514974	0.05962995967514974	-0.06983264536821758	-0.06983264536821758	-0.3761943784070921	-0.0009026362641720257	-0.000102280258444384	-0.3655605306124787	-0.02591692420552568	-0.002135000656435414	0.0006551610565413651	0.002495585909053592	-0.0004770941731096966	-0.01971140558312481	0.006880819334973324	0.0008529126812106888	-4.011411322592794e-05	0.001112423086591247	0.01787774350827003	-0.0001492526019144904	-0.0001493484366775112	-1.261755947717335e-05	-0.0007101271160680748	-0.001904729353014156	-0.03526231492888267	-0.04173293734476193	-0.02602698105108336	0.0303039318450396	0.003714027463728197	-0.03723673512997002	-0.02332876700996755	-0.0547645989932525	0.01427383531120354	-0.002564816860120116	0.006935988977200843	-0.006036611716325087	-0.000146799237645281	-0.03385387912384182	0.005959424191672469	7.28271358548303e-05	0.004263296906219482	0.003510259452040031	-0.0005548692826836076	-0.0001520395208540713	0.07463645194992777	0.008475100460209129	0.001284522830423317	0.006679217131318572	-0.002144811888209856	-0.000106773700047389	-0.002040498801790807	-5.416453555777616e-05	-4.984610418011815e-05	-0.0001218342988376154	0.2923154999287856	-0.4435119433480783	-0.004783012621337141	-0.3807283256902836	1.858018576631494e-05	8.135385105757877e-05	4.798228274460178e-05	-0.02941950428159693	-0.0282782310379434	2.789083663099746e-19	-3.322711290453525e-18
8.389333333333333	-0.5383258617773202	-0.008139964694459304	-0.003609040373942078	-0.0722410261216471	0.9710658286025643	-0.02379968838602935	0.7730705970777161	0.002814222153091177	0.0004764354604447846	0.2666341972206399	0.00625918312574267	-0.0006386976265933856	0.1634234360785911	-0.02853652370531845	-0.008989505159032917	0.4170703625913029	0.4170703625913029	0.004224127335507089	0.004224127335507089	0.5292846219174889	0.003952722905708079	1.570627443635813	0.3390476053901966	0.0153679222752139	1.57046456822475	0.002233898002623684	-0.002734199739145029	0.0032258187509423	0.01360156227322329	0.0003739474562191575	-0.000215900770865371	0.0001182910999214975	3.516164599589378e-05	-6.393673619595446e-05	-0.0001490381049458316	7.777134145446472e-05	2.194906893575369e-05	-5.549654500351285e-05	4.609912912615108e-06	0.004271936420699448	-0.04845432707535249	-0.01942647949699784	0.1936797705015373	-0.0319428854082674	-0.00714170193812149	-0.2448548954165129	-0.004504819988573047	0.0006724122068135429	-0.164424328375245	0.01365704492033743	-0.001399743122970564	0.2704140227940285	-0.006421092126286986	-0.0003529925047854885	0.02970361756659182	0.02970361756659182	-0.07137524504735214	-0.07137524504735214	-0.354559359648079	-0.001012457671798875	-5.432558707177626e-05	-0.3366362537132623	-0.02845674684441591	0.001272318354940478	-0.01616304930496401	0.002438828893760881	-0.0004317848606206271	-0.02296242726250402	-0.006561919987682717	0.0009118269602434143	-7.42791738767396e-05	-0.001682837888006809	-0.01202123999770155	-0.0005486037320373312	-6.972547597941349e-05	-4.701625926322974e-05	-0.0002524426627613873	0.0008047757489009147	-0.03277563485592535	-0.04172252568412115	-0.02872707752848866	0.0266873654085508	-0.001652025234656237	-0.03667244435934183	-0.04436835643533518	-0.07031085822023335	0.01820999684260241	0.003534301758938091	0.005766489475707307	-0.007348672095525727	-0.0001491939398530993	-0.03377092737305019	0.007218717631763257	0.0001853983299261729	0.005511568838905824	0.003386108183303393	-0.0004899656240737357	-0.0001433251121414304	0.09942233978798988	0.0242811111743199	0.005210206380620377	0.007345057665498301	-0.00271166818541	-0.0001185047871321416	-0.002410002649191609	-6.028775622604852e-05	-6.418826256397546e-05	-0.0001357228962119402	0.334940548325827	-0.4708171346440836	-0.005453717028034809	-0.4094302664533533	1.701442276113856e-05	7.975549274998308e-05	4.285327161647786e-05	-0.02920793066405848	-0.02910075977445745	2.989790044768453e-19	-6.556938902646414e-18
8.410666666666668	-0.5366850484623067	-0.009160623512029087	-0.004028451716649937	-0.06819229197801195	0.9705743530622338	-0.02389269057171482	0.7658605467288684	0.002715305010229917	0.0004796063748270351	0.26204956478464	0.006564998164393317	-0.000660066646179697	0.1669052406039555	-0.02874854823463307	-0.009032810896896101	0.4170978497022343	0.4170978497022343	0.003359849664509447	0.003359849664509447	0.5224374982789503	0.003943661502304158	1.570629904244293	0.3326281225346033	0.01468711047097229	1.570439441616176	0.002075053848703841	-0.002682726760265571	0.00321875861282097	0.01305932287132996	0.0004155376179554308	-0.0001990405083765761	0.0001163679084987199	5.386860904305573e-05	-1.769039736958949e-05	-0.000151166916370469	7.804574865535925e-05	2.351981704682915e-05	-4.567705708945572e-05	1.344611774577085e-05	0.1676781669236192	-0.04689590320555807	-0.02016243927881685	0.1854040140935636	-0.01195949919224851	-0.001406531785709514	-0.4530972546593399	-0.00517038532759558	-0.000557380812566598	-0.2791356382478074	0.01513453575538852	-0.0006716232068657377	0.02905827415829771	-0.0148621844939402	-0.00400875055143287	-0.03250749619172356	-0.03250749619172356	0.003002625014886772	0.003002625014886772	-0.2782453095800779	0.000419997139102692	0.0003432833416474868	-0.2566859214354999	-0.03624391786721951	-0.005289452963777301	0.008121943783268507	0.002387701075732237	-0.0001988285962785843	-0.02820433020961739	0.01655412904261768	0.000608438929842075	-0.0001055351795048684	0.005019558580934832	0.02801224581594246	0.0006084241656051318	0.0001125618843321939	0.0002494116654217201	0.001366575227536015	-0.0006745140251142884	-0.03028895478296803	-0.04171211402348037	-0.03142717400589395	0.02307079897206199	-0.007018077933040672	-0.03610815358871362	-0.06540794586070281	-0.08585711744721418	0.02214615837400129	0.009633420377996299	0.004596989974213773	-0.008660732474726368	-0.0001515886420609176	-0.03368797562225857	0.008478011071854042	0.0002979695239975156	0.006759840771592165	0.003261956914566756	-0.0004250619654638636	-0.0001346107034287894	0.124208227626052	0.04008712188843066	0.009135889930817438	0.00801089819967803	-0.003278524482610144	-0.0001302358742168942	-0.002779506496592411	-6.641097689432087e-05	-7.853042094783278e-05	-0.0001496114935862651	0.3775655967228685	-0.4981223259400889	-0.006124421434732478	-0.438132207216423	1.544865975596218e-05	7.815713444238738e-05	3.772426048835394e-05	-0.02953748439815737	-0.02995723744506201	-1.310496491346562e-18	-1.072935269092266e-17
8.432	-0.5310767003118211	-0.01022849328785466	-0.004499824360089377	-0.06434930834538889	0.9705973796721806	-0.02386132600350289	0.7535819114841089	0.002661088104532484	0.0004571539949867538	0.2550100695027145	0.006838695083840844	-0.000695961560455019	0.164463591550071	-0.02906651550325678	-0.009117652607395416	0.4156444368489523	0.4156444368489523	0.005288725940242291	0.005288725940242291	0.5175028456092579	0.003928207746044968	1.570631398319605	0.3282006130560386	0.01387533263321293	1.570417033094238	0.001903343195982556	-0.002604845294572651	0.003212009912149136	0.01233653791409056	0.0003813213719547735	-0.0001822299898853075	0.0001154504026822818	7.665734549434007e-05	1.767466397479636e-05	-0.0001294025523272097	7.786184196893563e-05	2.366511120820804e-05	-3.858565691700725e-05	9.033659076083106e-06	0.3478255354038254	-0.05319403714407952	-0.02382926973370024	0.1746679393035433	0.01353996822587131	0.004356392561568469	-0.6908228094672926	-0.0009165519514188362	-0.001014164939698311	-0.3593492591952875	0.01210922461345074	-0.002296511635960484	-0.2446615900787592	-0.01557159088339144	-0.004341459454349364	-0.1092079867271376	-0.1092079867271376	0.2049592242402876	0.2049592242402876	-0.1879895088553036	-0.001478474925584777	-0.0001180631231004873	-0.161253519013029	-0.04117516050117617	0.001765515592471505	-0.01713290655796966	0.003906659130700133	-0.0004311795208556284	-0.03859971369616795	-0.01043819596136662	0.0009475133261531096	-1.699491196345203e-05	-0.001655993782306387	-0.01278871746597468	0.0007407861132484002	-9.708232611747598e-05	-0.0001274770408097508	-0.0004325827400362582	0.000166807266410166	-0.02559915626390903	-0.04048904308596571	-0.03094108762230526	0.01880570004039667	0.001931111762880218	-0.03462492573723591	-0.110733574820169	-0.1209888851983747	0.03112455003640507	0.02920356508904296	-0.0003294308484534974	-0.0116822864598703	-0.0001544404921158948	-0.03306429258466382	0.01448489354894477	0.0005721945546200381	0.009344394248106234	0.002884727639840697	-0.0001839565497668392	-0.0001153215538788611	0.1799684957478453	0.08655257095078341	0.02437296705321428	0.007607515998196036	-0.003285340406256868	-0.00012366637820311	-0.002769346620829003	-6.442982578054898e-05	-7.911655773162977e-05	-0.0001395812324318322	0.4383868685807505	-0.5586124932949785	-0.0069371615742998	-0.4962117808002698	1.293694001730767e-05	6.982464109903877e-05	3.604303189120674e-05	-0.02984122950677367	-0.0309366769154264	-3.458304192148897e-18	-1.52117029837975e-17
8.453333333333333	-0.5222830602543826	-0.01142926078179191	-0.005036656236064038	-0.06074865775327707	0.9711273852788517	-0.02370641536883232	0.7366927251012345	0.002633357092521171	0.0004590922379977327	0.2476332885624386	0.007149271179180874	-0.0007411119055066358	0.1570338674968606	-0.02943957478726235	-0.009234955285197773	0.4122054330771335	0.4122054330771335	0.01326231036405064	0.01326231036405064	0.5142625376599845	0.003897233211626063	1.570628499979116	0.3256259275118361	0.01287420096357482	1.570454049708031	0.001646424701395056	-0.002559009131319611	0.003200476076287406	0.01145323570927099	0.0003679860524064676	-0.0001594680508366598	0.0001140848649513838	3.557002660099083e-05	-5.526537836342943e-05	-0.0001490511931471591	7.529965730386945e-05	2.270216397687491e-05	-5.264917522080759e-05	1.655090741998007e-05	0.4662992832004544	-0.05935506427852867	-0.02629924232899391	0.1626852915456344	0.0355697817506567	0.0101759119447878	-0.8853364238576197	-0.00268733279452181	0.001729240079739113	-0.3107561687181636	0.01859195849531097	-0.001539319842143393	-0.4385737570285086	-0.02002706093598922	-0.007051966236093018	-0.2186566448045537	-0.2186566448045537	0.5696940138969812	0.5696940138969812	-0.1194004920407881	-0.001035075813370794	-6.85056397676378e-05	-0.08298367758904837	-0.05399583960585173	0.0002816535110640231	0.0001337086083106612	-0.0006165460280066963	-0.0006474350203313225	-0.04325282217025902	0.01851171589752567	0.001166384607096368	-0.0001475381714854702	-0.0009688216076247277	0.01785864234569735	-0.003274045040320766	-0.0001104016761655537	0.0001455140348549646	-0.0006166983796123658	0.0004438960074093082	-0.02090935774485004	-0.03926597214845105	-0.03045500123871656	0.01454060110873136	0.01088030145880111	-0.03314169788575819	-0.1560592037796353	-0.1561206529495351	0.04010294169880885	0.04877370980008962	-0.005255851671120768	-0.01470384044501423	-0.000157292342170872	-0.03244060954706908	0.02049177602603549	0.0008464195852425606	0.0119289477246203	0.002507498365114639	5.714886593018527e-05	-9.603240432893275e-05	0.2357287638696387	0.1330180200131361	0.03961004417561113	0.007204133796714041	-0.003292156329903592	-0.0001170968821893257	-0.002759186745065595	-6.24486746667771e-05	-7.970269451542677e-05	-0.0001295509712773993	0.4992081404386325	-0.6191026606498681	-0.007749901713867122	-0.5542913543841167	1.042522027865316e-05	6.149214775569016e-05	3.436180329405954e-05	-0.02956305055134523	-0.03181246767436174	-6.772773117571725e-18	-2.461701465631362e-17
8.474666666666668	-0.5117793592773803	-0.01278072723218829	-0.005614802909382349	-0.05741367534873892	0.9720498558672651	-0.02343521812278128	0.7165053616116964	0.002494303690617501	0.0004877994766849489	0.2427406106467743	0.007603767493648377	-0.0007281723319241454	0.1465588739405123	-0.02988258788915189	-0.009422963548698236	0.4065497798143939	0.4065497798143939	0.03024340740490891	0.03024340740490891	0.512214173097585	0.003894295220419979	1.570631815595927	0.3244476190625142	0.01157556982780949	1.570352733315338	0.001493904096020782	-0.00255222681008847	0.003192848662118383	0.01051110533266573	0.0005212051872679233	-0.0001589156372552535	0.0001107677692234765	0.0001060833264991613	7.32683407738421e-05	-0.000189713449117826	7.438181075624872e-05	2.739980408571153e-05	-4.130486426653517e-05	4.944825846674225e-07	0.5066999606290147	-0.06830231092848521	-0.02925933059803827	0.1504574248486491	0.04888528147365761	0.01476871382640655	-0.9934249237397597	-0.01111866102124959	0.001329434129428448	-0.1325000686704268	0.02118813813773139	0.0008966047058050678	-0.5250677780667937	-0.01796060204374823	-0.008040167835344808	-0.3060232750399448	-0.3060232750399448	1.020428165512989	1.020428165512989	-0.07788904682716537	6.865204735756607e-06	0.0002196995394502819	-0.03380778671321839	-0.06480829869152513	-0.005922371035134415	-0.01386542652597435	0.001820200206656344	-0.0001543643369541309	-0.0456151965242937	-0.00275438266465372	-0.0002044122433701763	-0.0001178499859257209	0.004092618495129098	-0.002912617460716876	-0.0003385401899408004	-1.040220193882612e-05	0.0001782009300499286	0.0009852185990132747	-0.0008800234522687137	-0.02240579275760976	-0.04103555804624549	-0.0333055286899502	0.00813225090779166	0.01568175081261087	-0.03105667169311571	-0.2166478252331515	-0.216489392480269	0.05468741915442597	0.08174251182295196	-0.01444861706701907	-0.0201925196157798	-0.0001478925134031176	-0.01920386278375016	0.01433747747076932	0.0005897888514024586	0.007810173806329697	0.002694529840474912	-8.977850726334586e-05	-0.0001002358772509532	0.2853543896539014	0.1903712866846029	0.05974755897454596	0.00750820232983381	-0.002086295549634803	-0.0001164085509995946	-0.00217745898519482	-5.817523749133594e-05	-4.966821957434402e-05	-0.0001400437531631034	0.5409935486855787	-0.6767642729383642	-0.008075832749459513	-0.6074370194802611	1.306715387852229e-05	6.330399029184825e-05	4.22039502859002e-05	-0.02957308678829452	-0.03238361874262683	-1.050087647717853e-17	-3.576773990888544e-17
8.496	-0.5011640314388293	-0.01438434158865446	-0.006342966759860514	-0.05430831467839756	0.9731266909656451	-0.02309676853020549	0.6948955648156669	0.00212611876042294	0.0005314892390289673	0.2426383978332441	0.007932597271530582	-0.0007820375782060159	0.1354155776940034	-0.03005464835403962	-0.009469900445885329	0.3993847098130216	0.3993847098130216	0.0567214035839988	0.0567214035839988	0.5107150429199241	0.0038654077725507	1.570631062298608	0.3239135932657963	0.01023459486177623	1.570365956833612	0.00107902895996358	-0.002457120629137784	0.00319018941534261	0.009483806699687847	0.0003099020705379641	-0.0001293551400270944	0.0001110017537473047	6.14172166673415e-05	-5.597487147726114e-05	-0.0001549835205264613	7.337291741250886e-05	2.532668172626781e-05	-4.026689611889123e-05	2.46208351504301e-05	0.4767643014706341	-0.08299393047257174	-0.04036335268772982	0.1411582539646872	0.05004145456002183	0.01648081943148267	-1.018689546341187	-0.02416841357179259	0.003133851672564317	0.138349934606904	0.006810720690439571	-0.007802271704427117	-0.5012271342310655	0.005374748782930721	0.006173474355785255	-0.3601644640513758	-0.3601644640513758	1.460028308106183	1.460028308106183	-0.06790976847154254	-0.003467837375545122	-0.0004499663394693203	-0.02258217890742161	-0.057965573693469	0.01101977016420373	-0.02446202864321344	0.007663815820700565	-0.0001816693272140581	-0.0512373462051918	-0.01566224518916898	0.003885892448979412	0.0001853756021147263	-0.01176689126981116	-0.00630794497196243	0.003793972262369592	-0.0001189373133017211	-0.0004892449465463071	-0.001582918017733771	0.004211031388760064	-0.02390222777036948	-0.04280514394403995	-0.03615605614118386	0.001723900706851963	0.02048320016642063	-0.02897164550047322	-0.2772364466866677	-0.276858132011003	0.0692718966100431	0.1147113138458143	-0.02364138246291738	-0.02568119878654538	-0.0001384926846353632	-0.005967116020431242	0.00818317891550314	0.0003331581175623566	0.003691399888039091	0.002881561315835185	-0.000236705880456877	-0.0001044393501729736	0.3349800154381641	0.2477245533560697	0.07988507377348078	0.007812270862953578	-0.0008804347693660142	-0.0001157202198098634	-0.001595731225324046	-5.390180031589478e-05	-1.963374463326128e-05	-0.0001505365350488074	0.5827789569325248	-0.73442588522686	-0.008401763785051905	-0.6605826845764057	1.570908747839142e-05	6.511583282800635e-05	5.004609727774085e-05	-0.02854344196263681	-0.03280331871332279	1.316971098988747e-18	-2.819541221203387e-17
8.517333333333333	-0.4914400809264616	-0.01609840519857294	-0.007181845319372895	-0.0513552606056614	0.9741199856108959	-0.02274742081540561	0.672983297506455	0.001282582093779939	0.0007783634091494508	0.2483992560441139	0.008108343547545126	-0.0009073954697972864	0.1253252561077036	-0.02990966090923074	-0.009309905876137116	0.3909507691168571	0.3909507691168571	0.09162224768986185	0.09162224768986185	0.509212039755411	0.003826586504887305	1.570623185601851	0.3233220334659078	0.009002519560784282	1.570387057938284	0.0006863001024685323	-0.002388698426609439	0.003183422371481526	0.008484354235041234	0.0002837771741984883	-8.238754912228051e-05	0.0001118145034542862	0	1.647048838561712e-05	-0.0001437007943831076	7.189251175349835e-05	2.099725768924401e-05	-8.281457609795532e-05	-5.250760535548794e-06	0.4370949456993328	-0.07607416556241579	-0.03601942649677419	0.1361171224519755	0.04277486685764828	0.01607806442037496	-1.028565498794975	-0.05046498451221635	0.01575214423881069	0.3887020947317656	0.0103192365794448	-0.002800835339046358	-0.4455432340964092	0.006863090419717579	0.006596623415581863	-0.4257244124568469	-0.4257244124568469	1.777807192414816	1.777807192414816	-0.07423903945420068	-0.0002048115496136625	-0.0001633995241817941	-0.03427606798242089	-0.05677646856436482	-0.005337504889854893	-0.01462129383547065	0.0003045621511262683	-0.0002376592278307296	-0.04307957050838727	0.00537635983769574	0.0006012765254532306	-8.606940927667928e-05	0.003192139245096588	0.007223733792735641	-0.001597467182363137	-3.085257453165632e-05	5.344753079946439e-05	-0.001321706593940188	-0.003757463004626657	-0.01501136813098291	-0.04116027595882906	-0.033937048239774	-0.00069301819656478	0.009548847272541034	-0.02973703596652294	-0.2721352712912047	-0.2749158921139084	0.06967920126604325	0.1136181478083774	-0.02480902007890642	-0.0269601635159171	-0.0001498232808545695	0.0009038671139376108	0.00159398273295607	0.0001288063258849683	-0.0008781174651005258	0.003478199243295309	-0.0005415320357589083	-0.0001354057116428446	0.3244817963555522	0.2349367733708309	0.07296423920860937	0.007208302442425624	-0.001129976358129783	-0.0001114289415586125	-0.001574983797746388	-5.201129089758267e-05	-2.320054552783706e-05	-0.0001391651973292826	0.5567504474627583	-0.7026440206771774	-0.007741123639285002	-0.631398058274332	2.283992945774018e-05	8.033559599253475e-05	6.50487870406256e-05	-0.02827665629688752	-0.03285750744984103	1.903652227114274e-17	-1.351525885845887e-17
8.538666666666668	-0.4824191212592087	-0.01756082364380327	-0.007783279964212266	-0.04848245101761333	0.9749387364177219	-0.02241898292978974	0.6513096241781174	0.0001627344362225809	0.001021886538288312	0.2586671409501042	0.008400777771710473	-0.0008525075534951221	0.1163714836691164	-0.02981962513605416	-0.009283565287568343	0.3814249722685026	0.3814249722685026	0.1311187820591445	0.1311187820591445	0.5074945074230991	0.003855254529613989	1.570629427095757	0.3223914350308003	0.007844772937330113	1.570296262191326	0.000358547427206467	-0.002377830660671825	0.003189226112050926	0.007619366436803649	0.0002049285673080235	-0.0001001184956512161	0.0001083155243513301	7.743279732539226e-05	1.529987247608638e-06	-0.0001745554748004278	7.158712832097603e-05	2.633078278327464e-05	-5.039964097550783e-05	3.141047419964925e-06	0.4108589097411311	-0.05940219628305952	-0.01810298568713559	0.13363533352518	0.03367796970768683	0.01452052294548116	-0.9963213606342202	-0.0500725689700133	0.002819691580537294	0.5608836872744475	0.01775021582957734	0.009095772785582145	-0.3946756516330011	0.000223029567403461	-0.006356586379787072	-0.4625259783191855	-0.4625259783191855	1.890874270301765	1.890874270301765	-0.08802187795265637	0.002859283786024767	0.0008736140352763905	-0.05436705095920676	-0.05099726017430228	0.0005294403238056983	-0.01837051155887143	0.002268087390319712	0.0009968417131439151	-0.03863128372934559	-0.02060509305332414	-0.002179595435434516	-0.0002188489738169311	0.001250525319463159	-0.01450036944079544	-0.0001564096026935365	-8.778979568453531e-06	0.0004166565344900322	0.005444827148032836	0.007798225480149943	-0.006120508491596341	-0.03951540797361817	-0.03171804033836415	-0.003109937099981523	-0.001385505621338567	-0.03050242643257266	-0.2670340958957417	-0.2729736522168139	0.07008650592204341	0.1125249817709404	-0.02597665769489546	-0.02823912824528881	-0.0001611538770737758	0.007774850248306463	-0.004995213449591	-7.554546579242013e-05	-0.005447634818240142	0.004074837170755433	-0.0008463581910609396	-0.0001663720731127155	0.3139835772729404	0.2221489933855921	0.06604340464373794	0.006604334021897669	-0.001379517946893552	-0.0001071376633073615	-0.00155423637016873	-5.012078147927056e-05	-2.676734642241284e-05	-0.0001277938596097579	0.5307219379929918	-0.6708621561274946	-0.007080483493518098	-0.6022134319722586	2.997077143708893e-05	9.555535915706314e-05	8.005147680351035e-05	-0.03014491699176775	-0.03293015571354545	1.20627924742224e-17	-1.880805653265902e-17
8.559999999999999	-0.4738883736017436	-0.01866555884183826	-0.00822263259535749	-0.04563797459557659	0.975586202219117	-0.02212021089197109	0.6307506272275	-0.0005365838025647011	0.001164364313880808	0.2719066371105487	0.008749073524490702	-0.0008525035521589071	0.1085078138949723	-0.02976896675223075	-0.009264394090482183	0.3714709842332018	0.3714709842332018	0.1711351111485326	0.1711351111485326	0.5053939995894499	0.00386994374196177	1.570635772475058	0.3209311883061731	0.006943832130996216	1.5703418583657	9.073739843504199e-05	-0.002307212894350272	0.003200186400061964	0.006835072661164139	-7.225078452429497e-05	-8.434204634014198e-05	0.0001068361782255007	5.474581218274043e-05	-0.0001314512053746386	-0.0001601853753178905	7.106535274955924e-05	2.74548892896337e-05	-1.568420305931372e-05	7.949700061835351e-05	0.3912069256372331	-0.04473987177488611	-0.02123306639751475	0.1331942098670204	0.02796859860893887	0.01341504180013522	-0.9345852337813428	-0.0183791824524219	0.008339560947323778	0.673773881009041	0.01554966210963058	-0.005780318932368223	-0.3466700203945378	0.003312664965694805	0.005351073288492126	-0.4685875562144652	-0.4685875562144652	1.846574251005314	1.846574251005314	-0.1079272165761225	-0.0009390372881780616	-0.000167673111063457	-0.08108242830120052	-0.03524912116350177	0.002241834956737047	-0.007386955533852207	0.003430254623649662	5.610533906396943e-05	-0.03447784592420568	-0.003878935148255225	0.002375987540841847	2.016284203684778e-05	-0.001949050716087987	0.001235085235770587	0.0007723672693715791	-4.076892821404197e-05	-0.0001679200657037799	-0.001255636504823275	-0.000328750593514799	-0.001788344698580305	-0.03814910336696471	-0.03004996880728068	-0.005516492021359027	0.003978605644006658	-0.0311964213988628	-0.21156414653555	-0.217397401291457	0.0544003039616487	0.0719231498229113	-0.01355651490571236	-0.02225986347864185	-0.0001576213348822433	0.01130909569541525	-0.003371035371006216	-7.346518569948739e-05	-0.006560094917374458	0.004286800451018792	-0.0008699817693439053	-0.0001801606282952281	0.2471508600199549	0.1544634480185223	0.04472302284186533	0.006787598278956912	-0.001648950939521028	-0.0001099972105534258	-0.001778967229201594	-5.281798269333772e-05	-3.685320766152665e-05	-0.0001282580620860388	0.4367629326064497	-0.5725282943194544	-0.005699681770723251	-0.508541258388425	2.596778303609986e-05	8.768955928547852e-05	7.372194534239803e-05	-0.03051843828432079	-0.03376032249568026	-4.928022998830967e-18	-3.220308905774842e-17
8.581333333333333	-0.4656291407524051	-0.01949417895119731	-0.008610151828203686	-0.0427926765667007	0.9761724536676323	-0.02184977853511236	0.611284627310856	-0.0007447791206220951	0.00128392481085953	0.2871355648114716	0.00909184180267328	-0.0009576911355505622	0.1014041598890187	-0.02973006199939931	-0.00917483950749925	0.3615203445377878	0.3615203445377878	0.2093051039869146	0.2093051039869146	0.5029311494838878	0.003838362606502054	1.570627011671916	0.3189937272066811	0.006264728055943454	1.570327770197288	1.562551022496896e-05	-0.002270814936086299	0.00319270452870104	0.006166163914710849	0.0001034928717110542	-5.346942798888424e-05	0.0001066159151589363	5.521749042025586e-05	2.01662683817627e-05	-0.0001728006754591282	6.982071227079103e-05	2.528252328935712e-05	-6.409641606913936e-05	2.388137799537136e-06	0.3854043964792556	-0.03351640671968921	-0.01324360459660184	0.1337123591663487	0.02793912412520581	0.01186367785548744	-0.8938528886992123	-0.00402979515158507	0.0006711967104959983	0.7473928941942874	0.01723201508604783	-0.0007659382826559138	-0.323424173365136	-0.0008788733380943552	0.0002418560480352521	-0.4622120714547917	-0.4622120714547917	1.717780246769933	1.717780246769933	-0.1219914659444565	-0.001478561320928345	-0.0005425905687293231	-0.09910589860276769	-0.0302000666166955	-0.005065966812361811	-0.000305060881244199	-0.0009400196150784201	-0.0007321107279775383	-0.02781393724313725	0.02185643895302084	-0.0007643295879172677	-0.000100809937010843	0.003421650011353899	0.01218075553220358	-0.002686290817422509	-7.654756463265061e-05	0.0001076122369929327	-0.002348390126281726	-0.006589101021463408	0.002543819094435732	-0.03678279876031126	-0.02838189727619721	-0.007923046942736532	0.009342716909351885	-0.03189041636515293	-0.1560941971753582	-0.1618211503661	0.03871410200125398	0.03132131787488221	-0.00113637211652926	-0.01628059871199489	-0.0001540887926907109	0.01484334114252405	-0.001746857292421432	-7.138490560655465e-05	-0.007672555016508775	0.004498763731282152	-0.000893605347626871	-0.0001939491834777407	0.1803181427669694	0.08677790265145245	0.02340264103999272	0.006970862536016155	-0.001918383932148504	-0.00011285675779949	-0.002003698088234458	-5.55151839074049e-05	-4.693906890064047e-05	-0.0001287222645623196	0.3428039272199077	-0.4741944325114141	-0.004318880047928401	-0.4148690848045914	2.196479463511078e-05	7.98237594138939e-05	6.739241388128567e-05	-0.03105888065428116	-0.03429623006525249	-1.383174259130322e-17	-5.062946450146889e-17
8.602666666666668	-0.4575998410234275	-0.02013331981772908	-0.008875866012377312	-0.03995885489718583	0.976783139368022	-0.02160191912385029	0.5929719268521204	-0.0006894636887060741	0.001251287825023017	0.3039980548683122	0.009431035353681188	-0.000971381570308541	0.09476274645219147	-0.02982365434598569	-0.009215008942576992	0.3521833707481232	0.3521833707481232	0.2444557911917132	0.2444557911917132	0.5002669392044811	0.003827779083391882	1.570627077914032	0.3168091017257439	0.00558903663888395	1.570304539438441	-0.0001784692875203971	-0.002235681127258591	0.003194621150036624	0.005635304404400907	0.0001348770223484551	-4.433173029790592e-05	0.0001049443862771625	7.223581260327211e-05	-4.988708532798856e-05	-0.0001874136792391372	6.881769830628729e-05	2.720746682640113e-05	-4.630911847061194e-05	5.513772178619614e-06	0.363094300729401	-0.02701963771389346	-0.0121002683860546	0.1314442618926017	0.02882292977903907	0.01114765434627671	-0.8208417642000458	0.008135075607878791	-0.002764893093726097	0.841597175914963	0.01504801747867668	-0.0009166562568480563	-0.2967094144518745	-0.007022638629052854	-0.002859993021401653	-0.4160261474552397	-0.4160261474552397	1.589284537148483	1.589284537148483	-0.126425484103691	1.269750945507233e-05	0.0002969224957574237	-0.1044379580999294	-0.03216645632718319	0.001233095471464321	-0.01300802426698811	0.003216350960896201	0.0005532355282186691	-0.02230454320307585	-0.009856261521374445	0.001183213014636146	-5.62169554951746e-05	-0.0008970779789108156	-0.01002501051800561	0.0006214584063466373	-3.015839927210781e-05	5.874394558877104e-05	0.002206341985544247	0.00374365391932002	0.009976799637376667	-0.03254008009231955	-0.02538108851051148	-0.01352658317750948	0.003814619236430749	-0.02985009621968833	-0.1154844047000359	-0.1276561566815038	0.02977594943398531	-0.000131029578439208	0.008453794896198586	-0.01279952953974225	-0.0001520444261511287	0.013521283701941	0.001276404636431435	-0.0002219180921351164	-0.004805451950178161	0.004275543098588047	-0.0007634486292491814	-0.00018471834913233	0.1418120536988319	0.04892260999972337	0.01200036736908294	0.007603814663363839	-0.001594208668450789	-0.0001161294622676271	-0.001937828387973679	-5.65290820227047e-05	-4.087080808501612e-05	-0.0001401893994069656	0.2867948195580893	-0.4029128867915192	-0.003570941548327637	-0.3499049917405923	1.618703940341852e-05	7.011737970204242e-05	5.36107620130069e-05	-0.03127670470283978	-0.03389739999150637	-1.923623800467454e-17	-7.123286332344354e-17
8.624000000000001	-0.4503183717562915	-0.02067332459002923	-0.009144911789907537	-0.03720632557216038	0.9773813368365603	-0.0213837660874442	0.5763525420162262	-0.0004437856562148108	0.001207172936522111	0.3233906604144772	0.009754397733826806	-0.001013830763829669	0.08885117887285475	-0.02999245637182503	-0.009247895313631722	0.3436462933981937	0.3436462933981937	0.277613259533244	0.277613259533244	0.4975947134110363	0.003818694936723299	1.570628933558824	0.3145916716988508	0.0049340866086161	1.570309769462247	-0.0003310293005096544	-0.002176995726310666	0.003201010750706324	0.005199552946914245	6.943001466638831e-05	-2.166410392164882e-05	0.0001042036265046471	5.658394797223531e-05	-3.537564494169647e-05	-0.000175932617874207	6.799322196659297e-05	2.718702127645483e-05	-4.716906908482573e-05	2.820909114941076e-05	0.3152952906815937	-0.02422239788547467	-0.01355594147378281	0.1260912018704657	0.02676835238914153	0.009078705212738861	-0.7351045490578373	0.01381669865234363	-0.0004048566642909858	0.9845912213184475	0.01574784281770852	-0.003462071916701092	-0.2550011242253986	-0.007929780768060004	0.0009246433001926579	-0.3872217802296314	-0.3872217802296314	1.530915978338573	1.530915978338573	-0.1227429203855103	-0.001337994779529328	-0.0003748340678332224	-0.1021813247861451	-0.02825556160497814	-0.002397768438647126	0.003588825189640946	0.001267942146191836	-0.0003127689154041388	-0.01889755729095486	0.01277851786057087	0.0005041012263276002	-1.35503330178712e-05	0.0003588199975364711	0.02010870497870753	-0.0002399722100845022	-5.980966230676661e-05	-7.476798991240531e-05	-0.004096569646226189	-0.004754443090990748	0.0174097801803176	-0.02829736142432784	-0.02238027974482576	-0.01913011941228242	-0.001713478436490387	-0.02780977607422373	-0.07487461222471363	-0.09349116299690764	0.02083779686671663	-0.03158337703176062	0.01804396190892643	-0.009318460367489617	-0.0001500000596115466	0.01219922626135794	0.004299666565284303	-0.0003724512786636782	-0.001938348883847548	0.004052322465893941	-0.0006332919108714919	-0.0001754875147869193	0.1033059646306944	0.01106731734799428	0.0005980936981731659	0.008236766790711524	-0.001270033404753074	-0.0001194021667357643	-0.001871958687712899	-5.754298013800449e-05	-3.480254726939177e-05	-0.0001516565342516116	0.2307857118962711	-0.3316313410716241	-0.002823003048726874	-0.2849408986765933	1.040928417172626e-05	6.041099999019097e-05	3.982911014472812e-05	-0.03042733210659478	-0.03356690260964487	-8.138504759528787e-18	-6.255244093876717e-17
8.645333333333333	-0.4443178844905017	-0.02119308493803366	-0.009384482167580577	-0.03460532362333885	0.9779007859082831	-0.02121590964988396	0.5617971856026346	-0.0001620762132894631	0.001146758446130488	0.3463804354528915	0.01011026749492616	-0.001049432189738055	0.08396999532547919	-0.03019069754591027	-0.009281718851502222	0.3357758770334143	0.3357758770334143	0.3102908117393769	0.3102908117393769	0.4951008250587399	0.003797105423851497	1.570625196149944	0.3125403551434378	0.004334218011277671	1.570297188847722	-0.0004063304847986538	-0.002149555237043489	0.003199771012944244	0.004778054732108362	0.0001790292186944597	-8.896277099301113e-06	0.0001032774056940304	5.515015960613045e-05	6.107254197370502e-05	-0.0001908925900412019	6.6727847433552e-05	2.730945416514403e-05	-7.633057759518739e-05	3.034735223720076e-06	0.2434135818329909	-0.02464567040893068	-0.009996836388170454	0.1173984755585567	0.02159464355251552	0.006757037682553552	-0.6249030020280351	0.01286152759362538	-0.004163793124986028	1.17725292858017	0.01753884691367616	-0.0008421593755876996	-0.1993889291170313	-0.01081526820618988	-0.003253871549213101	-0.3496728269394904	-0.3496728269394904	1.540170408128672	1.540170408128672	-0.1108439743782988	-0.0006686729523221027	-1.047556750603094e-05	-0.08973191603465619	-0.02844098177460345	0.0004967657802506672	-0.008150260347624448	0.001629206903612279	0.0001531965447163222	-0.0203401999771707	-0.0004394204263316215	0.0007434485124830628	-6.222034811712078e-05	-0.0002180540560979129	-0.005679549590836722	-0.0007263859817718068	-5.394574422030452e-05	5.554691428141009e-05	0.0006602086095253794	0.00117361323737399	0.02270685601481606	-0.02689051889244126	-0.0209780297611562	-0.02363368633986771	0.001798236107659163	-0.02618443939113798	-0.06925095729759723	-0.09333041600345773	0.02022987739853273	-0.03799340475805799	0.02018577750078961	-0.009241321052624402	-0.000148477660845906	0.01327663746843018	0.006140188495020326	-0.0005665000246297593	-0.0001330348126937753	0.004001797357024801	-0.0005723899543210096	-0.0001734127618338675	0.1022026202972059	0.01120528911727411	0.0008540175330718453	0.008300614669847637	-0.001382576775177214	-0.0001202360557908425	-0.001948890099802908	-5.835278704538892e-05	-3.861027417346647e-05	-0.0001516469117458214	0.2267247442199748	-0.3251122652615482	-0.002737035438505024	-0.2793913445575673	7.396741711237722e-06	5.458194687545809e-05	3.300129138558874e-05	-0.03080189882759039	-0.03350756251035324	1.05631965929728e-17	-4.037849309612474e-17
8.666666666666668	-0.4400964294339534	-0.02173086938268727	-0.009618080487220675	-0.03221243883997623	0.9782883998347535	-0.02109123319969706	0.5498844507377312	0.0001164060692398506	0.00107624666708004	0.3738997022759167	0.01049947491961869	-0.001091004395358858	0.08048134314408623	-0.03046073187518283	-0.009350813420207689	0.328767748335343	0.328767748335343	0.343650007278141	0.343650007278141	0.4928745497368255	0.003790905119019103	1.570626996359022	0.3107800778946698	0.003701026591391196	1.570300177813545	-0.0005721902382596043	-0.00209363316270027	0.003205697666513193	0.004343552963671762	0.0001387527508915022	1.221384751082728e-05	0.0001020208924990234	5.902147521118889e-05	-4.785187859650946e-05	-0.0001883164806143618	6.589947100020211e-05	2.824719217078247e-05	-4.897220526953254e-05	2.619860589248055e-05	0.1485110210652076	-0.02591215694633624	-0.0129960610331943	0.1065802176086936	0.01440880752172005	0.005030581396488634	-0.4873587788683306	0.01351415236521544	-0.00135147747605583	1.409231076125694	0.0188732487795686	-0.004021832514740253	-0.1244513086645319	-0.01466038906687054	-0.002382015840585345	-0.306382311475757	-0.306382311475757	1.594820040772743	1.594820040772743	-0.09765419878718785	0.0001047434741651027	0.0001443176157848514	-0.07489638978816419	-0.03137957621885762	-0.0009381202810995525	-0.004901040670229347	0.003938090747070851	0.0003590802718798112	-0.02011664044383463	-0.001272326373587894	0.001286191643932029	-4.45152440544663e-05	0.0008561734948330224	0.0008550230269313132	0.001404035439337493	-1.884109046072704e-05	1.666864801585825e-06	0.00120216918215028	-0.0002227343477610189	0.02800393184931453	-0.02548367636055468	-0.01957577977748663	-0.028137253267453	0.005309950651808712	-0.02455910270805223	-0.06362730237048082	-0.09316966901000781	0.01962195793034883	-0.04440343248435535	0.02232759309265279	-0.009164181737759186	-0.0001469552620802654	0.01435404867550241	0.00798071042475635	-0.0007605487705958404	0.001672279258459998	0.003951272248155659	-0.0005114879977705273	-0.0001713380088808158	0.1010992759637174	0.01134326088655394	0.001109941367970525	0.00836446254898375	-0.001495120145601355	-0.0001210699448459207	-0.002025821511892917	-5.916259395277334e-05	-4.241800107754118e-05	-0.0001516372892400311	0.2226637765436786	-0.3185931894514721	-0.002651067828283175	-0.2738417904385412	4.384199250749184e-06	4.875289376072522e-05	2.617347262644935e-05	-0.03048383170860016	-0.03369279827713277	1.221225352994395e-17	-2.024906925071337e-17
8.687999999999999	-0.438005717946144	-0.02234665376117086	-0.009903237209368995	-0.03004974422299095	0.9785148827275992	-0.02100735143248291	0.5409412325901553	0.0004220201265871926	0.001015145463386471	0.4064670688447335	0.0108857592887302	-0.00114354117437039	0.07870706706796096	-0.03075302934247038	-0.009405860473005578	0.3225984264100263	0.3225984264100263	0.3783165530715281	0.3783165530715281	0.4909116123530341	0.003781045240388298	1.570626412456008	0.3093249871507982	0.003034817867704966	1.570288401139893	-0.0006860868843091737	-0.002049715941493554	0.003210347657889551	0.00389042272298585	0.0001995904706217871	3.129239931476802e-05	0.0001010247759453891	6.427591831010236e-05	3.094615826020739e-07	-0.0001872187662236603	6.504823497888355e-05	2.862670743694806e-05	-4.946999294984616e-05	1.670229655963872e-05	0.04860055963985684	-0.03117285424679095	-0.01364584318448443	0.09663069918017698	0.006914327523618037	0.002863865561574884	-0.3533651917010175	0.01469633599830292	-0.003744266746207061	1.637697684541231	0.0177127535967543	-0.001406041102721111	-0.0417264056764169	-0.0132810515016014	-0.002802320207643698	-0.272872231561399	-0.272872231561399	1.648168935192152	1.648168935192152	-0.08714503168957616	-0.0007626412985656769	-0.0001227042958253976	-0.06267157976289633	-0.03135127161821575	-0.0001930335098685877	-0.006237395034294673	0.0009868224527044829	0.0001707754563972865	-0.02192280057462891	0.004350104293660628	0.0006728453802974718	-4.691954632615066e-05	-0.0001942652595371797	0.002103054356176696	-0.0007836319216147633	-5.313966144654563e-05	2.790619935550897e-05	-0.0007149411054669221	-0.0003546183738816432	0.03250612372207622	-0.02423245543026148	-0.0190040098452483	-0.0332018247661513	0.004532082451407351	-0.02307416576307447	-0.06792064040034294	-0.09692773588509242	0.02009090335855745	-0.0407019475520121	0.02133066228875876	-0.009483240067513941	-0.0001469947458403917	0.01374868501542667	0.006993060252817873	-0.0007640869712644604	0.003145006607517287	0.004001873465813531	-0.0005518998732397167	-0.000176488908990888	0.112028678147801	0.01532815675680858	0.001127670692995591	0.008507697453069082	-0.001438425269567836	-0.0001229657951068027	-0.00199083214117686	-5.953909279685314e-05	-3.974855674993159e-05	-0.0001559236207817146	0.2348060014971611	-0.3255018597800541	-0.00273581250197774	-0.2811631777626403	6.086575210979932e-06	5.206567879375268e-05	3.0600461944215e-05	-0.03072100529594339	-0.03355107118849651	5.505514703305764e-18	-1.121462163949312e-18
8.709333333333333	-0.4379755573971415	-0.0230334007941893	-0.01019639748778631	-0.02806997502657166	0.9785872666663127	-0.02096773893438242	0.5347095190711673	0.0007246410126214754	0.0009434776805329422	0.4435076309961921	0.01127108436469053	-0.001172437640707177	0.07870787166117993	-0.03105036833435572	-0.009471389209266694	0.3170876269870723	0.3170876269870723	0.4136732283139546	0.4136732283139546	0.4891233440862275	0.003769734964295759	1.57062501875611	0.3080568867660943	0.002351691056043886	1.570290785849983	-0.0008579724322509046	-0.002017067993021333	0.003216991298220532	0.003427018285110206	0.0002123248464229772	4.819328955487881e-05	0.0001001022403474056	5.795646978123744e-05	-2.455561843681398e-05	-0.0001996717500765611	6.396594411571356e-05	2.918157968265778e-05	-5.669681044304315e-05	2.441974314814523e-05	-0.04466562944794528	-0.03256490580897812	-0.01374639443341261	0.08943095943063108	-3.796942818912808e-05	0.0008803374170833832	-0.2331552199382029	0.01323354255461615	-0.002342094272302033	1.828593161998373	0.01878331504664503	-0.001805553201482943	0.04196250408649498	-0.01513303199791322	-0.003364673665263081	-0.2446458268792549	-0.2446458268792549	1.659519676620194	1.659519676620194	-0.08127896906985681	-3.123128787259458e-05	6.839915792373327e-05	-0.05736604361619393	-0.03296564696649997	0.0003895094446490198	-0.01033750022261965	0.002881596428212015	0.0005459848613756531	-0.02107984643037199	-0.005782014866940657	0.001082035872322966	-3.761702946219698e-05	-0.0002288788452712309	-0.005991203866680832	0.0001336574789997465	-4.050248188429874e-05	1.810658163384799e-05	0.0005713226371924486	0.00139105526986543	0.03700831559483791	-0.02298123449996828	-0.01843223991300997	-0.0382663962648496	0.00375421425100599	-0.02158922881809669	-0.07221397843020506	-0.100685802760177	0.02055984878676607	-0.03700046261966886	0.02033373148486474	-0.009802298397268693	-0.0001470342296005181	0.01314332135535094	0.006005410080879395	-0.0007676251719330805	0.004617733956574576	0.004052474683471402	-0.0005923117487089062	-0.0001816398091009603	0.1229580803318846	0.01931305262706321	0.001145400018020657	0.008650932357154412	-0.001381730393534316	-0.0001248616453676847	-0.001955842770460804	-5.991559164093294e-05	-3.707911242232199e-05	-0.000160209952323398	0.2469482264506436	-0.332410530108636	-0.002820557175672305	-0.2884845650867393	7.788951171210679e-06	5.537846382678014e-05	3.502745126198065e-05	-0.03036659094718248	-0.03344517925393761	1.09867725200876e-18	-1.163267602091453e-17
8.730666666666668	-0.4397072870873183	-0.02373572629834543	-0.01048941480312491	-0.02620244904029959	0.9785315469546157	-0.02097181944165383	0.5306534632352083	0.0009815370431050993	0.0008837492977859692	0.4839500114515294	0.01168373010989447	-0.001212334598940693	0.08033956851531118	-0.03137235088372004	-0.009530525880152319	0.3119837672220534	0.3119837672220534	0.4486056961886561	0.4486056961886561	0.4874091582593516	0.003765721978424944	1.570623934107776	0.3068287468596296	0.001665585130307794	1.570284953086193	-0.001001522692944765	-0.001967862305938171	0.003224517403499167	0.002981002287524996	0.0002307932404555614	6.28815157799243e-05	9.916395873085297e-05	5.868678347961346e-05	-1.957787927730229e-05	-0.000195175905363136	6.297658410276976e-05	2.979189545795714e-05	-5.693280156052872e-05	2.068150682428155e-05	-0.1110413052032839	-0.03328768535971958	-0.01386946127991507	0.08629414014312993	-0.004675484071166741	-0.001121078229472695	-0.1551622788214382	0.01128924477295883	-0.002940166141843449	1.948119854117645	0.01954015594836359	-0.002025125272087405	0.1045376942780015	-0.01507596747250102	-0.002257047140314556	-0.2345343136342521	-0.2345343136342521	1.602588513877565	1.602588513877565	-0.07945692509332965	-0.0002737984444580979	-0.000109053088426874	-0.05782140070363891	-0.03158900708348298	-0.0005870606832136659	-0.004890339438697024	0.001807051159895152	0.000275926230179847	-0.02068720653092204	0.004386759785025525	0.0005707442043951274	-4.718188655223626e-05	0.0001708820877797949	0.003254973877799509	7.599237098499262e-05	-4.625112879001582e-05	3.002882952337342e-05	-0.0003108192204317883	-0.0009173010687333539	0.04078305329398903	-0.0223944294025696	-0.0180878719752144	-0.04220818584239464	0.004234429898008672	-0.02086563776728123	-0.07022572776435276	-0.09655034545216072	0.01938024096247491	-0.03419773523630128	0.01937330884841116	-0.00931261575160751	-0.0001461363896398009	0.01312617905573043	0.005389964832873559	-0.0007210383384583338	0.00528917506689227	0.004050692646273281	-0.0006212592975762221	-0.0001855941338036499	0.1246372666040095	0.01740515720903923	-0.0006775588585937469	0.008291335540736333	-0.001677659892035841	-0.0001236299965286628	-0.002037511578785175	-5.977449262465742e-05	-4.308515919134735e-05	-0.0001534630064534302	0.2502774091910417	-0.3355158802325101	-0.002801586090467627	-0.2910488689630033	1.040113069936441e-05	5.901454446910415e-05	4.111331130012013e-05	-0.03063919811143683	-0.03288722217131824	-2.111272748854944e-18	-3.75681742465576e-17
8.752000000000001	-0.442429896870227	-0.02445408390944395	-0.01079436841814362	-0.02436059141040576	0.9784095508434244	-0.0210095211844162	0.5277452719048764	0.001225036926976445	0.000831567678465301	0.5259976449714827	0.01208934946679201	-0.001262697434254515	0.08289203433073504	-0.03169459672646281	-0.009571003291415607	0.3070512493368433	0.3070512493368433	0.4815037495351649	0.4815037495351649	0.4857318604387864	0.003761090238902698	1.57062296984997	0.3055877356709518	0.000993985217293644	1.570280640129813	-0.001142147031076061	-0.001936740928105875	0.003233727936166699	0.002546367203783122	0.0002660888042920192	8.431075398219569e-05	9.822418590410488e-05	5.985165574670339e-05	-2.23335024810178e-05	-0.0002054677275022194	6.224851528367722e-05	3.007532418383245e-05	-5.789965359640234e-05	2.044802209261183e-05	-0.1375606381415604	-0.03406791583482643	-0.01486542252842329	0.08702455102017241	-0.006251381880795748	-0.002271653410193187	-0.125542922535685	0.01197765380971505	-0.001634585201085981	1.979085636806126	0.01812459114291977	-0.002786729177761614	0.1282845942076771	-0.01515771575214188	-0.001615368075669244	-0.228582525647173	-0.228582525647173	1.468793314602117	1.468793314602117	-0.07782071847822877	-8.923944269417309e-05	7.968576989152932e-05	-0.05857272632366332	-0.03160570827381801	0.0005319913892874749	-0.01006319498237927	0.001186192435943487	0.0007038999290846448	-0.02001288575755932	-0.004204467697827529	0.001714005745187884	-3.775683041801813e-05	-0.0001881389794543027	-0.006716206588233371	-0.001252686288422913	-1.600643246074554e-05	-1.253907924965575e-05	0.0005028044260935697	0.001719625731633609	0.04455779099314015	-0.02180762430517091	-0.01774350403741883	-0.04614997541993966	0.004714645545011355	-0.02014204671646578	-0.06823747709850046	-0.09241488814414442	0.01820063313818375	-0.03139500785293371	0.01841288621195758	-0.008822933105946328	-0.0001452385496790838	0.01310903675610993	0.004774519584867722	-0.0006744515049835868	0.005960616177209965	0.004048910609075159	-0.0006502068464435382	-0.0001895484585063395	0.1263164528761344	0.01549726179101526	-0.002500517735208151	0.007931738724318257	-0.001973589390537366	-0.000122398347689641	-0.002119180387109547	-5.963339360838189e-05	-4.909120596037271e-05	-0.0001467160605834624	0.2536065919314399	-0.3386212303563841	-0.002782615005262949	-0.2936131728392672	1.301331022751814e-05	6.265062511142816e-05	4.719917133825962e-05	-0.03038098027662375	-0.03218634865579991	-5.504310611087007e-18	-6.450060053288361e-17
8.773333333333333	-0.4452368321396531	-0.02516127361240819	-0.01109372328442637	-0.02246059563480108	0.978287884826491	-0.02107058185408068	0.5248214044479911	0.001445589757267345	0.0007861935206087876	0.5677664202427491	0.01249950984477108	-0.001310375909201502	0.08546788875146628	-0.03203880936758962	-0.009618364392129007	0.3020583893006457	0.3020583893006457	0.5108744081146293	0.5108744081146293	0.4841021335831062	0.00376385819582228	1.570623064921967	0.3043335022268214	0.0003249715127316361	1.570284055404722	-0.001270122200867537	-0.001895212768952485	0.003246584431917205	0.002130034758072742	0.0002753830360190911	0.0001057009327866002	9.721840989549018e-05	5.907015460536053e-05	-1.57484727584813e-05	-0.0002130987916434801	6.151829634721805e-05	3.031477946989284e-05	-5.173129929687224e-05	3.924274003395808e-05	-0.1184055928908291	-0.03259546500056337	-0.01345118791503856	0.09152536729631708	-0.004698499674612764	-0.003422254477907945	-0.156724657944739	0.009296677059483028	-0.002429744786754644	1.925608619161486	0.01979909451327764	-0.001822981742259179	0.1053827020219379	-0.01630310338504893	-0.002403366284604617	-0.2399056190734789	-0.2399056190734789	1.280555196159397	1.280555196159397	-0.07402546923805167	0.0001971378277265015	-6.385398534949991e-05	-0.05822238335297556	-0.03075044050111769	-0.0001507614490334621	-0.004131523325422339	0.002276567232150215	0.0005152864904999738	-0.01904272524201971	0.003013235649539749	0.0005382691431945513	-5.034183559269721e-05	4.935798699175683e-05	0.003698372444911332	0.0001741736528098094	-4.633781608048591e-05	2.574235585701829e-05	1.898565686131074e-05	4.668396460074092e-05	0.0480356731383661	-0.02165570963785723	-0.01703955310667202	-0.04929008695758099	0.006726716265379421	-0.01989781392494886	-0.06092606585986707	-0.08581440616921923	0.01660094768066736	-0.0314006302068781	0.01816394931546352	-0.008175537234956886	-0.0001439319726238931	0.01556971402910707	0.004888428755845418	-0.0007185938100460607	0.006196798625444176	0.003974561555996256	-0.0006326876056429255	-0.0001870885194875248	0.1181233682131316	0.01168219104578987	-0.003671634782170442	0.007686838790706097	-0.002038081440392868	-0.0001209097326971062	-0.002098332962379933	-5.878318411837462e-05	-4.936520111638102e-05	-0.0001428486897142454	0.2443199700673578	-0.3365866511665948	-0.002648995149067604	-0.2899824319347952	1.492670973624158e-05	6.500995251370176e-05	5.163916461845654e-05	-0.03042367279934565	-0.03147381073066639	-8.998428230116359e-18	-9.198341418604634e-17
8.794666666666668	-0.4471753536132466	-0.02586036918658774	-0.01137904168297536	-0.02043736232667786	0.9782285506453439	-0.02115423476670801	0.5207104062262774	0.001647188610769924	0.0007359837861752862	0.6076821332252627	0.01291154657544004	-0.001346445088057181	0.08705474990654324	-0.03235567352290449	-0.00965556851607682	0.2967978888930841	0.2967978888930841	0.5359636733792693	0.5359636733792693	0.4826135771647888	0.003763033289635414	1.570620540614747	0.3031372564115432	-0.0003025077735699941	1.570276812352467	-0.001412165994927722	-0.001857975616975689	0.003256306130661617	0.001732834640316392	0.0003066506977038169	0.0001178132507785308	9.634049520348464e-05	5.916227874532109e-05	-1.963732050335354e-05	-0.0002135286008701179	6.053228960565391e-05	3.077918335807114e-05	-5.949997256236494e-05	2.262354652285855e-05	-0.05614684478223833	-0.0333090912612623	-0.01354950367838444	0.09857806969378616	-0.0004077722758298678	-0.004389676187959936	-0.2368364317383269	0.01020071848581	-0.002087920505178577	1.805361047235559	0.01830049920759616	-0.001698357669201433	0.03556647555259097	-0.01259379520727239	-0.0006631515038952099	-0.2536738104625389	-0.2536738104625389	1.067412691337355	1.067412691337355	-0.06458598997547131	-0.0004260703589238034	-0.0001658810317322378	-0.053136386118772	-0.02771185656190766	-0.0004672267823511823	-0.01138212850757066	0.0007839105131377753	0.0004100127097632981	-0.01821923001186904	-0.002144458639297494	0.0008442062940184717	-2.576983198591137e-05	-0.0001062366093321095	-0.007698132600802926	-0.0005775686401770312	-3.998653918933492e-05	8.549852198896312e-06	-0.0008037919081272987	-0.001600428467033133	0.05151355528359206	-0.02150379497054354	-0.01633560217592522	-0.05243019849522232	0.008738786985747487	-0.01965358113343194	-0.05361465462123367	-0.07921392419429403	0.01500126222315096	-0.0314062525608225	0.01791501241896946	-0.007528141363967444	-0.0001426253955687024	0.01803039130210421	0.005002337926823114	-0.0007627361151085347	0.006432981073678389	0.003900212502917353	-0.0006151683648423127	-0.0001846285804687101	0.1099302835501288	0.007867120300564487	-0.004842751829132732	0.007441938857093938	-0.002102573490248371	-0.0001194211177045714	-0.00207748553765032	-5.793297462836735e-05	-4.963919627238934e-05	-0.0001389813188450284	0.2350333482032756	-0.3345520719768054	-0.002515375292872258	-0.2863516910303233	1.684010924496502e-05	6.736927991597534e-05	5.607915789865346e-05	-0.03034738621302803	-0.03073177861922454	-7.811966992862179e-18	-7.730376847468394e-17
8.815999999999999	-0.447600992549909	-0.02655222829523634	-0.01166139668013282	-0.01825922548327691	0.9782676750630512	-0.02125321200506234	0.5147176138382572	0.001853456397929875	0.000693060727454939	0.6447150932185628	0.01330592671601566	-0.001392734559294092	0.08692575332470447	-0.03261985916753522	-0.00966502147291216	0.2912655203821302	0.2912655203821302	0.5564489278681536	0.5564489278681536	0.4813721446446571	0.003762368060599973	1.570619304635026	0.3021010104980965	-0.000887968853799228	1.570271577236365	-0.00156336089191215	-0.00182730534480717	0.003270047289004153	0.001368684688000041	0.0003199579843488066	0.0001422817757995675	9.578952125304001e-05	6.104529323567333e-05	-3.236215496894659e-05	-0.0002175603781638811	6.016383610772693e-05	3.109265938548542e-05	-6.170763398433696e-05	1.916255704924186e-05	0.01039703892865	-0.0313720676517318	-0.01271187018571291	0.1051113381207025	0.003648746587763628	-0.004837970810472989	-0.3170102407915901	0.008943196155626483	-0.001900465792189437	1.673162132200795	0.01909613038341813	-0.002429590969973766	-0.0419709071430377	-0.01232420699556394	-0.0003699904078775376	-0.2628400803954127	-0.2628400803954127	0.8567980617114197	0.8567980617114197	-0.05215338806208247	0.0003100163652237975	4.276128695768809e-06	-0.04405027535052153	-0.02706791875056175	-4.750685011952729e-05	-0.004494067634527934	0.001923036665103052	0.0008027627161849613	-0.01604642183719781	0.002033421237711202	0.00121238223715182	-3.161038055515749e-05	0.0001721943256198989	0.003287990111748595	4.711251640718084e-05	-1.016423724047388e-05	2.084883941890435e-05	0.0003465663767822641	0.0008041521837632253	0.055234409528017	-0.02163438278579299	-0.01584547016777621	-0.05600831652678148	0.005142518759609908	-0.01961433353444896	-0.042043802748899	-0.07148813111197411	0.01329087267053842	-0.03517995672996148	0.01879652070591259	-0.006869024862904869	-0.0001434389063776288	0.01836744077069671	0.005980181239188057	-0.0009212795570009778	0.007448296332372206	0.003835843963948367	-0.0005723526038540306	-0.0001821860904077212	0.1029834071169972	0.002876945854927122	-0.006679702696706864	0.007339471231795812	-0.002278065879347062	-0.0001182119479626991	-0.002118896698842948	-5.789956179394843e-05	-5.3055805292672e-05	-0.0001354633027620033	0.233082651043598	-0.3329475951610045	-0.00246714642017331	-0.2842901437262402	1.613863093030514e-05	6.840197315697998e-05	5.304805848067571e-05	-0.03046808895364598	-0.03032126928784949	-3.886869190761208e-18	-3.795459866705734e-17
8.837333333333333	-0.4469811825887273	-0.02719120375208821	-0.01191248010713739	-0.01597441120704718	0.9783660143995685	-0.02135845883980396	0.5075250141433084	0.002020500856138108	0.000656418331902231	0.6793555332152412	0.01374438377204657	-0.001441075559766551	0.08550672178126976	-0.03288793187017999	-0.009677623667707202	0.2856749268300903	0.2856749268300903	0.5726790315201638	0.5726790315201638	0.4803732158917315	0.003773969933628857	1.570618771839259	0.3012561307610178	-0.001452831732675627	1.570273763889616	-0.001676517661459383	-0.001783110728333767	0.003287337791355823	0.001042785972301226	0.0003354432614651858	0.0001594152368094571	9.474745903315757e-05	6.179137457197319e-05	-1.661648407269141e-05	-0.0002180241522758718	5.943266301409652e-05	3.166917390598005e-05	-5.53907841358216e-05	3.680354283837353e-05	0.04186398939065668	-0.02835124890531922	-0.01061779397655049	0.1085790790214849	0.00514362636261051	-0.00497745084926756	-0.3493183667628851	0.006523531396586266	-0.001499108333212366	1.581062297552267	0.0224327100315286	-0.001890688535034017	-0.08537430209702776	-0.012958206896091	-0.0009583925626172489	-0.2591324080643511	-0.2591324080643511	0.6684923003803818	0.6684923003803818	-0.04185126179988778	0.0007239704596067063	-9.995753604596648e-05	-0.0351958070842689	-0.02578077518507937	0.000228564094463273	-0.007816054060333434	0.002051817791720616	0.0007427637106196856	-0.01463317657897499	-0.001940272032604716	0.0001565440429734134	-7.180935724570896e-05	-0.0002128240925245234	-0.005029022723129582	-0.0002430683418858467	-7.399150128653163e-05	3.320971092518021e-05	-4.618976519085612e-06	0.0003778817138495789	0.05895526377244194	-0.02176497060104245	-0.01535533815962719	-0.05958643455834064	0.001546250533472327	-0.01957508593546597	-0.03047295087656433	-0.0637623380296542	0.01158048311792587	-0.03895366089910046	0.01967802899285572	-0.006209908361842291	-0.0001442524171865552	0.01870449023928921	0.006958024551552999	-0.001079822998893421	0.008463611591066024	0.00377147542497938	-0.0005295368428657484	-0.0001797436003467323	0.09603653068386554	-0.002113228590710243	-0.008516653564280996	0.007237003606497686	-0.002453558268445753	-0.0001170027782208267	-0.002160307860035578	-5.786614895952952e-05	-5.647241431295466e-05	-0.0001319452866789783	0.2311319538839204	-0.3313431183452036	-0.002418917547474361	-0.2822285964221571	1.543715261564526e-05	6.94346663979846e-05	5.001695906269797e-05	-0.03067667670681979	-0.03005429165298026	-1.585193109655732e-18	-1.340124072513062e-17
8.858666666666668	-0.4460638348338856	-0.02778820816610461	-0.01213840683915187	-0.01363613263965226	0.9784737999028476	-0.02145943972394512	0.5001371135130951	0.002179295302752453	0.000611877786898826	0.7123702470563866	0.01421441112018873	-0.001475068555768186	0.0835685368133592	-0.03313768833862995	-0.009681390338101585	0.2802704435988251	0.2802704435988251	0.5850403679467291	0.5850403679467291	0.4795414809737939	0.003779909158296452	1.570614984305976	0.3005504725803303	-0.001975173062399477	1.570272296099554	-0.001783749909375251	-0.001760034429758157	0.00330084050768306	0.0007382448453363467	0.0003671142373851739	0.0001627821686511631	9.363963366949206e-05	5.223597914630122e-05	-2.589724812139333e-05	-0.000242996250294839	5.765183341887716e-05	3.139694356841991e-05	-7.395163912278596e-05	4.26197115251023e-06	0.03896464519735571	-0.02722800496391593	-0.01055939698924218	0.1106629770143295	0.004630277469315983	-0.004258854418054452	-0.3374729522969391	0.008421868928066295	-0.002298235196178923	1.516244750680317	0.02140864365491337	-0.001740341664226154	-0.08961655895239024	-0.0113555726053586	0.000309100294298295	-0.2469681473703602	-0.2469681473703602	0.490568931260789	0.490568931260789	-0.03750095926182771	8.187397694106241e-05	-0.0001701337290369646	-0.03256074922636212	-0.02392987912978049	-0.0002260024832027591	-0.003304826426525405	0.0007134038828985556	0.0006441041809876454	-0.01378197239421388	0.002875594578182276	0.0004702801111024983	-3.501168312821427e-05	-0.0003810629011749953	0.00194405173846636	-0.001409113616867178	-6.60423752007043e-05	-2.994501922580573e-05	-0.0009529723634603295	-0.001991014504112183	0.06028727479248588	-0.02249191667299974	-0.01383680074360142	-0.06238250741651347	0.00407086905185667	-0.02007769358750892	-0.01356245412118631	-0.05176475328792606	0.009200459769812265	-0.04522540270815799	0.02119850544604487	-0.005174478034711633	-0.0001452938745214914	0.01533522141414699	0.006904871971272893	-0.001015095825441099	0.01026406164059396	0.003656986442343333	-0.0005132696509238757	-0.0001754839504916831	0.08426516226226077	-0.01243110225075088	-0.01109646619564499	0.007472424679009355	-0.002805471770638517	-0.000121696473761058	-0.002334186882436876	-6.051949415752818e-05	-6.403544265689608e-05	-0.0001369254672265631	0.2186162375838977	-0.3256580084501225	-0.002285292751198222	-0.2749769753080918	1.675076691401854e-05	7.261453540014721e-05	5.392101672245969e-05	-0.03095539958655134	-0.02929574893310559	-2.893326600372626e-19	1.985146821736486e-18
8.879999999999999	-0.4455393936705851	-0.02833629580623695	-0.01236286759849422	-0.01125157739982112	0.9785494507886384	-0.02153032878314873	0.4933746744196071	0.002382326557796704	0.0005745024862915294	0.7441415546042716	0.01464827426604234	-0.001534282108602089	0.08196954506616858	-0.0334107983529373	-0.009677071843687889	0.2751619284354684	0.2751619284354684	0.5936179060977174	0.5936179060977174	0.4787144198696777	0.003788089020600665	1.570615139039307	0.299798558447523	-0.002505462507418133	1.570270101572663	-0.001863085498100289	-0.001726994565515458	0.003319981734477591	0.0004605399684849422	0.0003713584883989815	0.0001927572914235771	9.31272309517286e-05	5.84150940933496e-05	-2.817264904894853e-05	-0.0002487510380931281	5.776339465628878e-05	3.161973461509289e-05	-6.266474886805774e-05	1.319287835517323e-05	0.005028996433669696	-0.02376530135368807	-0.01048035903853758	0.1129175170623802	0.002131005973085095	-0.002156342261372891	-0.2906813476949021	0.01067073218688998	-0.0008273666710771818	1.464492957559106	0.01904231606697693	-0.004255115738059198	-0.05357493765453054	-0.01514760182022227	-0.0002004083618600484	-0.2313854016979476	-0.2313854016979476	0.3137612120450211	0.3137612120450211	-0.04141309175412997	0.0009340302380395725	0.0002696299590108769	-0.03953230259550138	-0.02652591099396749	0.0001604325168196824	-0.005200742261193061	0.002985902073010156	0.001271374066928421	-0.01211727813083663	-0.004511527492559222	0.002651061942727348	-1.598848419238872e-05	0.00126228625491805	-0.00437226993052206	0.001558554491302776	0.000103420139272629	7.96179656970373e-05	0.002793607139889668	0.004265926609649023	0.06161928581252982	-0.02321886274495703	-0.01231826332757566	-0.0651785802746863	0.006595487570241011	-0.02058030123955187	0.003348042634191715	-0.03976716854619793	0.006820436421698665	-0.05149714451721552	0.02271898189923403	-0.004139047707580973	-0.0001463353318564275	0.01196595258900478	0.006851719390992787	-0.0009503686519887778	0.01206451169012189	0.003542497459707286	-0.0004970024589820029	-0.0001712243006366339	0.07249379384065599	-0.02274897591079152	-0.01367627882700899	0.007707845751521025	-0.003157385272831281	-0.0001263901693012894	-0.002508065904838175	-6.317283935552685e-05	-7.15984710008375e-05	-0.000141905647774148	0.206100521283875	-0.3199728985550414	-0.002151667954922084	-0.2677253541940265	1.806438121239184e-05	7.57944044023098e-05	5.782507438222139e-05	-0.0309267178210724	-0.02860022617700468	1.906482422343676e-19	5.808932675117616e-18
8.901333333333334	-0.4458459116142096	-0.0287937561572186	-0.01254677460194471	-0.008795675931188483	0.9785638476807709	-0.02156347736996406	0.4876029788205549	0.002591926983956781	0.0005369126268582666	0.7746041361391363	0.01507467931587044	-0.001606681904591187	0.08135746794373759	-0.0337410928526535	-0.009689599885463675	0.2701898111094564	0.2701898111094564	0.5981513223638697	0.5981513223638697	0.4776911847636975	0.003801946104129453	1.570614832203694	0.2987812764670862	-0.003036104271628692	1.570279842322378	-0.001912800704852306	-0.001645672102985948	0.003337914418470814	0.0002144714791902793	0.0003860495696387391	0.0002267114436152382	9.234587307185502e-05	7.237045938783988e-05	1.824869418685956e-06	-0.0001777173144452682	5.85400002358414e-05	3.344826395436204e-05	-4.537236655007265e-05	9.212809968317595e-05	-0.03003239079903017	-0.01936492057192582	-0.007070018701819662	0.1178884428316524	-0.0007726729528693179	-0.001176985963134626	-0.2555751110770935	0.009337060633511658	-0.002414253612737829	1.380925305487035	0.02059852904065864	-0.002416148386371165	-0.006499304780534322	-0.01402331813370479	-0.0002294341359517304	-0.2360674145026852	-0.2360674145026852	0.1009395527730324	0.1009395527730324	-0.05569607462868541	0.0003603882426482556	-0.0002151571789864004	-0.05660875235712697	-0.02227615407498822	0.000483445851796744	-0.001426029008103536	0.003495629764821172	0.0005863208476088206	-0.01042813550630821	0.003536438745485889	0.0007384520353511829	-4.775501619518127e-05	8.510389305157148e-05	0.003722585349754137	0.003041920872459662	-3.022127888119862e-05	4.824060535882866e-05	-0.0007493852234173492	0.002093857755645225	0.0686773014912886	-0.02330640290544382	-0.01115481395524026	-0.06619169996289316	0.01517016754718342	-0.02064903413032585	0.02346321587183553	-0.0263477582686812	0.004464113837342105	-0.05967184529685391	0.02468545198077089	-0.003087391529789342	-0.0001452357431029732	0.01219349759271955	0.005468850031573029	-0.0007395372249647392	0.01099376530898994	0.003472324773072148	-0.0005209883283994786	-0.00016944454589875	0.05540400112686941	-0.03640750817318128	-0.01762427479310331	0.006989917142673899	-0.002359901349219117	-0.00011403310628888	-0.001995236740071917	-5.583362024705581e-05	-5.023421517763419e-05	-0.0001273871179374072	0.178623038916122	-0.2944357831959241	-0.001884593197809262	-0.2428575832888932	1.94398859360693e-05	7.878828615405635e-05	5.948670134150017e-05	-0.03080692618348975	-0.0272174262773097	1.35774774578807e-19	2.052790751659704e-18
8.922666666666668	-0.4466615153964348	-0.02917291381553887	-0.0126777098328919	-0.006197555424721575	0.9785168513829823	-0.02159017450789348	0.4822499765022533	0.002795971933856765	0.0004835446377716453	0.8026152207222386	0.01551286736372398	-0.001632412525106582	0.08157738220802678	-0.0339325745124782	-0.009655088812958665	0.2650335345628395	0.2650335345628395	0.5974848945836624	0.5974848945836624	0.4762876700104407	0.003803265773347855	1.570609510514072	0.2973503612573867	-0.003415566134051009	1.570279237740542	-0.002007810816261313	-0.001626592187253632	0.00335252900435627	3.794249554285139e-05	0.0004218784300388932	0.0002330672325632771	9.149539243035857e-05	6.371337866562951e-05	-1.705229010940059e-05	-0.0002068103599390729	5.649068248251498e-05	3.181918211837706e-05	-7.658791256964963e-05	5.814072353660018e-05	-0.04269780093515201	-0.01642442391668432	-0.005514255366354671	0.126250551859343	-0.003624605581997038	-0.001551518928318545	-0.2514288526245256	0.01014990628750627	-0.002306566326079478	1.234665118331394	0.0201469721318617	0.0001201194626002233	0.02442425485048225	-0.002133898080393964	0.004209508601963907	-0.2486503286296653	-0.2486503286296653	-0.1737241673011578	-0.1737241673011578	-0.07706430868630806	-0.0002413523535590613	-0.0002005126042904199	-0.0783104178388797	-0.01235279520132064	-0.0008094423160515464	-0.009447139572785564	-0.002849336689226444	0.0009603023693253648	-0.005597949476408715	-0.002529860696272163	6.371538863791166e-05	-2.24687430945339e-05	-0.0008576305591475159	-0.008954270992620649	-0.007828330115727748	-0.0001615101731847647	-0.0002445330819830179	-0.00175401114175652	-0.006320566903592112	0.07573531717004739	-0.02339394306593061	-0.009991364582904861	-0.06720481965110002	0.02374484752412583	-0.02071776702109982	0.04357838910947934	-0.01292834799116447	0.002107791252985545	-0.06784654607649231	0.02665192206230775	-0.002035735351997712	-0.0001441361543495189	0.01242104259643433	0.004085980672153271	-0.0005287057979407007	0.009923018927857997	0.003402152086437009	-0.0005449741978169544	-0.0001676647911608661	0.03831420841308282	-0.05006604043557105	-0.02157227075919764	0.006271988533826773	-0.001562417425606953	-0.0001016760432764705	-0.001482407575305659	-4.849440113858476e-05	-2.886995935443089e-05	-0.0001128685881006665	0.151145556548369	-0.2688986678368068	-0.001617518440696439	-0.21798981238376	2.081539065974676e-05	8.178216790580291e-05	6.114832830077896e-05	-0.03056497582550139	-0.02586875819429035	-3.805568352827533e-18	7.418036311963982e-19
8.943999999999999	-0.4474783591117412	-0.02942367849074041	-0.01275071257479677	-0.003377812069324292	0.9783979519171825	-0.02162601728191224	0.4766165361230753	0.00294269007824909	0.0004500438447589872	0.8267193956078293	0.01600097805491131	-0.001646387706027303	0.08224522213616627	-0.03394372927863285	-0.009556230798022026	0.2595401659757887	0.2595401659757887	0.5903391748745453	0.5903391748745453	0.4743915156083558	0.003829598200530049	1.570613106814934	0.2954024991249867	-0.003633376268751557	1.57026255438399	-0.00209957350886879	-0.001678083444128463	0.003383407660661978	0	0.0004253010670941408	0.0002272456548552246	9.043672732260657e-05	3.868359566788514e-05	-6.804559949567054e-05	-0.0003767816544427103	5.51622232986131e-05	3.087800035913909e-05	-4.411069324264624e-05	-0.0001131506408565841	-0.03054444190577222	-0.008424288786465525	-0.001519625441349988	0.1390848269097812	-0.007611869783078296	-0.001611070382943185	-0.2803502487956452	0.005093208872021408	-0.001098512688059007	1.010844082015519	0.0241426558170321	-0.001714676111490309	0.03638333089424189	0.001514570362309984	0.005399584293921921	-0.2643091266583001	-0.2643091266583001	-0.5051557365645205	-0.5051557365645205	-0.101311911354464	0.00196363604053616	0.0002823587404294969	-0.1060949618025045	-0.007683101339156288	-0.0004692191850837185	-0.0009872066566180039	-0.002004382971227755	0.001632115700135071	0.0007473565510183675	0.001848146905662953	-0.0003221329352146204	-5.950575771035949e-05	-0.0008732736866095571	0.002225610374575404	-0.007208847241051719	5.884158921384391e-06	0.0001024275517395153	0.002793243947539253	-0.00597396294739197	0.06883122307590499	-0.02484672753879448	-0.004182326445675675	-0.07124522811101865	0.004838812563040001	-0.02130972392103973	0.06688521684194522	-0.002675659299709535	0.00027002038035054	-0.07986547166347976	0.02980999731161839	-0.001134217189622822	-0.0001391649546685088	0.001789226287948298	0.004394616024096445	-0.0004647080848381128	0.01225200932206675	0.003133041470698971	-0.000516157654655663	-0.0001568529864004259	0.01303527193572465	-0.05973626337830193	-0.01982333236421197	0.007117586088509319	-0.002416670855201732	-0.0001173198874709921	-0.002036443737044444	-5.691156669942364e-05	-5.186498666724983e-05	-0.0001326549863492112	0.1104497702292693	-0.2557635258353832	-0.001295041831409837	-0.2007495653700539	2.312868049423989e-05	7.657233815832175e-05	7.613755242815867e-05	-0.03009617948940401	-0.02338909589546498	-1.044094158528649e-17	1.125753362808333e-18
8.965333333333334	-0.4478223724177347	-0.0295895031782896	-0.01275064846523209	-0.0002212667373445402	0.9781882531865268	-0.02165047955877118	0.4701328857430913	0.003076782514966872	0.0004253945638618563	0.8451362612273358	0.01648020203965408	-0.001717705732533258	0.08305283493873132	-0.0338497584283726	-0.009410150645940108	0.25384354941467	0.25384354941467	0.575548919428444	0.575548919428444	0.4719389273459172	0.003855201972992977	1.57061066471869	0.292747128552048	-0.003727002838113137	1.570271394924139	-0.002128079635634974	-0.001713239538706066	0.003409261153302843	1.468036005980633e-05	0.0004579556947268608	0.0002315833895057245	8.969356183138259e-05	5.272091887563378e-05	-5.209196285695451e-06	-0.0004760888980986283	5.541553339019752e-05	3.389098207249218e-05	-4.297778173592946e-05	-3.614951162135328e-05	0.001630049937938739	-0.008461300074276297	0.001335761958915636	0.1578257371639502	-0.01213703666224407	-0.0004845973195859525	-0.3311360402000887	0.008966246193017932	-0.001476737065248782	0.7014798746359983	0.01931384340268466	-0.005255772311015545	0.03752796182788158	0.007721628458504303	0.008636583959333919	-0.2677048261985183	-0.2677048261985183	-0.8903993926434364	-0.8903993926434364	-0.1292299830944618	-0.0003096637334901203	-0.0007666123330561024	-0.1446393341393866	-0.0007105859507920419	0.001583422999724969	-0.003516836525164001	-0.001317915223861341	0.0004891932757463075	-0.0006627145299680539	0.0002106384203659383	0.001016150922252226	7.109345954966702e-06	0.002804910647617553	0.001717264563277613	-0.001203575348753886	-1.32193036079208e-05	0.0001261697435724026	-0.004692539999908468	0.01695685437407243	0.06192712898176259	-0.02629951201165835	0.001626711691553508	-0.07528563657093726	-0.01406722239804583	-0.02190168082097965	0.09019204457441109	0.007577029391745401	-0.001567750492284465	-0.09188439725046721	0.03296807256092902	-0.0002326990272479331	-0.0001341937549874987	-0.008842590020537737	0.004703251376039618	-0.0004007103717355249	0.01458099971627551	0.002863930854960933	-0.0004873411114943716	-0.0001460411816399857	-0.01224366454163352	-0.0694064863210328	-0.0180743939692263	0.007963183643191865	-0.003270924284796511	-0.0001329637316655137	-0.002590479898783228	-6.532873226026251e-05	-7.486001398006877e-05	-0.0001524413845977558	0.06975398391016958	-0.2426283838339596	-0.0009725652221232346	-0.1835093183563477	2.544197032873301e-05	7.136250841084061e-05	9.112677655553837e-05	-0.03051885557706223	-0.02126772180930151	-1.192523903312414e-17	-2.472036716601084e-17
8.986666666666668	-0.4472236670994593	-0.02978219335871884	-0.01275159642243951	0.003363362874583372	0.9778925809346827	-0.02163226252403824	0.4624566350202436	0.003350816684018874	0.0003779006120418268	0.8566196391160571	0.01682964937384296	-0.001816740255483548	0.08364693183674388	-0.03367733832384666	-0.009198334353225519	0.248442468417813	0.248442468417813	0.5522073293766135	0.5522073293766135	0.4688971623787641	0.003831934010234432	1.570593455266988	0.2892268702577936	-0.00376123750364969	1.570324669894458	-0.002254789753263334	-0.001132642893964564	0.00341985315374904	0	0.0003936694562488402	0.000443598292446797	9.095889159970179e-05	0.0001086170644921293	-5.097216627822044e-05	0.0006536931897047995	5.672459151612615e-05	3.014133492800229e-05	-0.0001570559378403126	0.0003759589690555467	0.06170745935047623	-0.007367260048765895	-0.001100862986267006	0.1779729719668466	-0.01482784262508272	0.00220671911270283	-0.3935101944147966	0.01359916372617501	-0.002910500557954656	0.3872597156217663	0.01757436540436576	-0.003728344241187988	0.009604390860537214	0.00487890152347569	0.008838635388119019	-0.2338122426072424	-0.2338122426072424	-1.287377707882427	-1.287377707882428	-0.1553258578999287	-0.000838439946925966	-0.0005688118394982088	-0.1835940916749316	-0.005123526103128012	0.00204117672249732	-0.005516430880728752	0.02997489794895105	0.0005984429820083003	0.000451047475687718	-0.002524070111841868	0.01021591116455486	5.85299962944487e-05	0.001360487048381289	-0.002657030553357999	0.05536477008369129	8.011782965791955e-05	-0.0002771098223581802	-0.003606161665712994	0.01240125981452817	0.08238404416153389	-0.02732223400813022	-0.0004631197272873697	-0.07212307897697376	-0.003559422094501475	-0.0220336102345611	0.1036142914005403	0.01593881864713173	-0.003015064325545385	-0.1003804623636668	0.03541566391118944	0.0007183155847666378	-0.0001316911672390746	0.03741656609154583	0.009570192549484205	-0.001419001082081656	-0.001426240631160455	0.004150140591314379	-0.0006122976683071228	-0.0001755918584015305	-0.06614133826088139	-0.08042856634599052	-0.01417796566387267	0.005922091752848192	-0.003855553680543558	-0.0001162224158366188	-0.002734385659488702	-5.986937353468098e-05	-9.130205609665349e-05	-0.0001091590665843058	-0.00992047949052228	-0.2350132987833068	-0.0003531251087396512	-0.1630391353602622	2.321097918692549e-05	7.092563095748906e-05	7.1110356158912e-05	-0.03045036331486005	-0.02463489193822517	-9.636073987573867e-18	-6.978153916468956e-17
9.007999999999999	-0.4448819416955771	-0.02980843078390309	-0.01278380443431676	0.007361139875109343	0.9775877860589739	-0.02155571715238796	0.4531298809958839	0.003523667647627854	0.000304000208745904	0.8621787200566421	0.01740614920258562	-0.001863965967916787	0.08309721507143651	-0.03379364976891027	-0.009134691348080759	0.2440738227818107	0.2440738227818107	0.5210686744770157	0.5210686744770157	0.4653377013950394	0.003863514629260567	1.570598255122319	0.2849901876495248	-0.004057590070667629	1.57030003483784	-0.002242026292017368	-0.001533999208913072	0.003438832532414603	8.365381812728297e-05	0.0005087005716973892	0.0002986373031328527	8.993013453597711e-05	6.490741883653111e-05	2.437936449770418e-05	-0.000322109417050975	5.645199873002068e-05	3.062610820164337e-05	-9.46059927886535e-05	9.714985647115984e-05	0.1650381829635837	0.007143645729941642	-0.001594868166380069	0.1965583048450193	-0.01299228264955739	0.004983684266415076	-0.4858707247168372	-0.0005196793172657476	-0.003952341891113841	0.1460770357482032	0.04060001476710291	-0.0003986963250418409	-0.06970456910836427	-0.01934695431551718	-0.00525466175033803	-0.1709140111183856	-0.1709140111183856	-1.62137422212167	-1.62137422212167	-0.1777639846480488	0.004832390808823877	0.001296760201407058	-0.2118041135782411	-0.02528413921467255	-0.005720642025603516	0.009558811494304409	-0.09337600519480237	0.001275509983811843	0.008557917167956343	0.01702164035098229	-0.0324503389766565	-0.0002079612945491538	-0.006533132284141476	0.01307174901032007	-0.1986021404636844	-0.0001614990766111208	0.0005231466577721924	0.01185696948347093	-0.04781666999417494	0.1028409593413052	-0.0283449560046021	-0.002552951146128247	-0.06896052138301025	0.00694837820904288	-0.02216553964814255	0.1170365382266695	0.02430060790251807	-0.004462378158806305	-0.1088765274768663	0.03786325526144987	0.001669330196781209	-0.0001291885794906504	0.0836757222036294	0.01443713372292879	-0.002437291792427788	-0.01743348097859642	0.005436350327667826	-0.0007372542251198738	-0.0002051425351630753	-0.1200390119801293	-0.09145064637094823	-0.01028153735851904	0.003880999862504519	-0.004440183076290604	-9.948110000772385e-05	-0.002878291420194176	-5.441001480909944e-05	-0.0001077440982132382	-6.587674857085582e-05	-0.08959494289121415	-0.2273982137326538	0.0002663150046439324	-0.1425689523641767	2.097998804511797e-05	7.048875350413754e-05	5.109393576228561e-05	-0.0307891721013161	-0.02824942162074912	-8.790762921753833e-18	-3.631294464778365e-17
9.029333333333334	-0.4403280109342717	-0.02970084373081807	-0.01305139692677924	0.01174057455758852	0.9773661621096629	-0.02141167580778383	0.441977223816781	0.003663358126541693	0.0003531686962538118	0.8623646709157841	0.01814978563326	-0.00188901044422169	0.08070017212340679	-0.03417415636079987	-0.009103332082473357	0.241337849052707	0.241337849052707	0.483445512945343	0.483445512945343	0.4613133210984712	0.003920956772774379	1.570624910813166	0.2804715473010277	-0.004602375789630473	1.570196782638582	-0.00229076487161841	-0.001584078793039189	0.003488828191359972	0.0002154354533514479	0.0006319860196061726	0.000186152226321687	8.12714967302557e-05	1.105779172745028e-08	-0.0001443550267715983	-0.0009827154678995881	4.585890969026802e-05	3.809585079373694e-05	9.626836789149345e-05	-0.0005330244175605057	0.2405571050287503	0.003939364376687549	-0.01503854133819989	0.2128214680196489	-0.008450897141447205	0.007734221851728129	-0.5408986507306038	0.009223463052868062	0.004314632435768747	-0.1365421547052637	0.03186314291569702	-0.003840351041441319	-0.139533281389554	-0.01699232511567558	0.003440757702711676	-0.09197083813521192	-0.09197083813521192	-1.84863996414216	-1.84863996414216	-0.1989864300003198	0.0008277873386264267	0.0006416064196482589	-0.2081694209236098	-0.02353785689428534	-0.002540251475793331	-0.006747646092730972	0.0455817184354296	0.002525388728501278	0.002973502054167869	-0.002563334377512656	0.01264810864440438	-0.0003615192970682172	0.0002424426288838037	-0.01604678868239686	0.06968061672533968	-0.0004921117086182388	7.631594679935988e-05	0.003751573858523981	-0.006149774637311292	0.07038599682806092	-0.02279287117208603	-0.007831452395843083	-0.07145723153698326	0.004848277744961048	-0.02372451253841857	0.09212805059801019	0.02243602570440874	-0.003836185225321569	-0.09558642147373995	0.03468027562766888	0.001670248339517718	-0.000137721791344099	-0.02437803844816676	0.006196426041077123	4.780997218075987e-05	0.01502952868426229	0.008013326351768844	-0.001150212642223856	-9.934395938239518e-05	0.02308668603136696	-0.0851985097542651	-0.03357505228115325	0.005625598810747677	-0.003189304037682868	-9.425682300891932e-05	-0.00224537869861087	-5.206322865859612e-05	-7.169303152952416e-05	-8.663386362682267e-05	0.1418787152200157	-0.2143800785910928	-0.001538618213159124	-0.1745012905651886	8.575951199943538e-06	7.162599109957217e-05	2.532476884324927e-05	-0.03195289992247792	-0.02120508471551619	-9.062719816439245e-18	5.792273110143835e-17
9.050666666666668	-0.4355284959718974	-0.02959782435162164	-0.01306477103375886	0.01639065408959166	0.9771988012404333	-0.02125925840408992	0.4308533405953615	0.003729801594947276	0.0003068749725456934	0.8560159396104814	0.0188828589720909	-0.002108509061435303	0.07780448523635575	-0.03454710519535173	-0.009190715987893398	0.2398772083696354	0.2398772083696354	0.4446320768530376	0.4446320768530376	0.4568704505429667	0.00391056591594461	1.570601711208669	0.2762639829453584	-0.004965800922954801	1.57025219478251	-0.002215028483102599	-0.001428083787563516	0.003508771494107886	0.0001754039183524537	0.0005230775681564491	0.0004433350850293279	8.484202384160882e-05	6.643432322377946e-05	-0.0001122810802160078	-0.0002072972462115485	4.994019515153103e-05	2.958035602509631e-05	-3.207176828705525e-05	5.288826379564963e-05	0.1880617018138051	0.006715426302885688	0.02223810547263714	0.2219312594878897	-0.007905118891913893	0.005768939806082881	-0.4831731661840216	-0.007386586552414394	-0.01290192419261579	-0.4665494171684565	0.03960972490677696	-0.01862877203523229	-0.1164524383916097	-0.01863841456510422	-0.01638683403416041	-0.05135153805289417	-0.05135153805289417	-1.732962462180998	-1.732962462180998	-0.2169974464233357	-0.001526952973386538	-0.003377173737096945	-0.1826407392506494	-0.008281584311062478	0.009154140148038677	0.02122833975525869	-0.0740565124196356	-0.001541898409699507	-0.007549567540463905	-0.004746537713876495	0.002206029978229664	0.0009385229164265212	0.005778082698063048	0.03189753068140273	-0.06397486491338084	0.00121422353285902	-0.0009754693447965537	-0.0180693895970301	0.06619148207342683	0.03793103431481663	-0.01724078633956996	-0.01310995364555792	-0.07395394169095626	0.002748177280879215	-0.02528348542869458	0.06721956296935083	0.02057144350629941	-0.003209992291836833	-0.0822963154706136	0.03149729599388788	0.001671166482254228	-0.0001462550031975477	-0.1324317990999629	-0.002044281640774544	0.002532911736789308	0.047492538347121	0.01059030237586986	-0.001563171059327839	6.454616398284889e-06	0.1662123840428632	-0.07894637313758196	-0.05686856720378746	0.007370197758990837	-0.001938424999075132	-8.903254601011479e-05	-0.001612465977027563	-4.971644250809279e-05	-3.564196484581009e-05	-0.0001073909786827895	0.3733523733312457	-0.2013619434495317	-0.003343551430962181	-0.2064336287662005	-3.828085645230891e-06	7.276322869500681e-05	-4.443980757870782e-07	-0.03111731961826351	-0.01762369381800538	-8.080882664405387e-18	6.906986326175511e-17
9.071999999999999	-0.4321430653079664	-0.02950899212795599	-0.01252175996043443	0.02123971137247906	0.9770182636203785	-0.02113260848528336	0.4209779723058744	0.003647574079788938	0.0001602556431680481	0.8417129188464646	0.0194413885429496	-0.002164496985875023	0.0755392003777241	-0.03477275207146337	-0.009418440835534355	0.2388999363201147	0.2388999363201147	0.4094875939303418	0.4094875939303418	0.4521342564191476	0.003849250513680178	1.570554718963911	0.272384222570635	-0.004997212422337927	1.570254723051147	-0.001773388847424515	-0.002378837318318375	0.00346275598251671	0	0.000499401999938576	0.0002795674128281527	9.946092227863753e-05	0.0001022140520529907	0.000404782946074752	4.454720731565375e-05	7.143612691097533e-05	3.37522531546601e-05	-0.0003500906927212042	0.000524521748868608	0.1368134930692236	0.004962560577495005	0.02571836756306419	0.2327229942445159	-0.008763156853840118	0.006554145011647654	-0.4490533653322474	-0.002441025794362618	-4.19083210939332e-05	-0.8464276401415052	0.01618566427465646	0.006183369574181427	-0.09991864396676059	-0.006686068405481005	-0.005365570885419285	-0.03653909430610155	-0.03653909430610155	-1.563696576638881	-1.563696576638881	-0.2253888139776487	-0.00199821473696685	-0.0006706301569536881	-0.1830740291190643	0.000610729585101706	-0.006392656341940433	0.0176511861599739	-0.03139995263496673	-0.001122368608350267	-0.005518442608392009	0.0004326338357284439	-0.00682039074396493	0.000218837987617699	-0.001387256972835659	0.008848260801561977	0.04486348486514482	0.0004324684811017488	0.0007292615447085194	-0.006741104552776248	-0.01261494776020869	0.04162915699533282	-0.02228161489038401	-0.0161281664864721	-0.05307248507497261	0.01997221567913331	-0.02546849858051833	0.01574810231811006	0.02035589865241757	-0.003466088697150145	-0.0454264452766555	0.02095635212743195	0.002654152665788941	-0.0001439312851535959	0.04639473006031344	-0.01215014394286658	0.0058555257820189	-0.0570430110856211	0.03370043479552608	-0.005797375695035962	-4.832811672955751e-05	0.0006884779523313654	-0.08047989318203984	-0.02903579275334762	0.007036445944357712	-0.001605801806306554	-0.0001033496589206644	-0.001420854585565466	-5.243584227111515e-05	-3.115164668059059e-05	-0.0001207751827585426	0.1164929794318632	-0.2008499640577646	-0.001325531190864219	-0.1600647462791754	1.431808003601073e-05	7.9852975283382e-05	5.307723826702567e-05	-0.03120809306026841	-0.01978133376662389	-6.0746040351745e-18	1.232757566042068e-17
9.093333333333334	-0.4293715012749921	-0.02924315655474825	-0.01209335546150931	0.02632252087172328	0.9768358772630705	-0.02096042960659603	0.4114202048211082	0.003535249761558683	0.0003392940144379999	0.8210934222419547	0.01971993230278252	-0.002151737433516177	0.07337059634767711	-0.03501030121628396	-0.009436850231676156	0.2384772948966738	0.2384772948966738	0.3778348356175857	0.3778348356175857	0.4473234905314221	0.003920163207250011	1.570588360334857	0.2683680357513979	-0.005141386931432274	1.570087151679768	-0.001569609977272854	-0.003464276819298868	0.003531270420412861	8.403737848849647e-05	0.0004521789858847096	0.0006105230427535005	8.508424947106761e-05	5.146767467564479e-05	-6.452428790596515e-05	-0.0001159185881322782	5.266731590308559e-05	3.350306061064797e-05	-0.0001061976151939468	-8.595131690116048e-05	0.1305117051616229	0.02330949032245651	0.01149373912270282	0.2438455297713429	-0.008078438009371124	0.01003727979490469	-0.4533980907414323	-0.01020816184040678	0.01762848524309725	-1.058719027214721	0.01336105512311036	-0.0121836960853665	-0.1073886107117998	-0.01975425225656944	0.003236489543886113	0.0006450831420782554	0.0006450831420782554	-1.40561327999915	-1.40561327999915	-0.2239885492895594	0.01086943101107594	0.004182227735118325	-0.195430718423813	-0.01885311647148966	-0.006792701103324828	-0.001071107012843948	-0.08668332212828904	0.009195284354737735	0.0167749183056626	-0.006954110761000928	0.04858633955259245	-0.001779811887754674	-0.002333739758801905	-0.06057477496905071	-0.1026289507548007	-0.002560596101578644	-0.001389946501694307	0.03460986058685318	-0.03525600706808153	0.04532727967584899	-0.02732244344119807	-0.01914637932738628	-0.03219102845898897	0.0371962540773874	-0.02565351173234207	-0.03572335833313073	0.02014035379853573	-0.003722185102463456	-0.00855657508269741	0.01041540826097602	0.003637138849323655	-0.0001416075671096442	0.2252212592205898	-0.02225600624495861	0.00917813982724849	-0.1615785605183632	0.05681056721518229	-0.01003158033074408	-0.0001031108498573999	-0.1648354281382005	-0.08201341322649769	-0.001203018302907789	0.006702694129724586	-0.001273178613537977	-0.000117666771831214	-0.001229243194103369	-5.51552420341375e-05	-2.666132851537109e-05	-0.0001341593868342956	-0.1403664144675194	-0.2003379846659976	0.000692489049233743	-0.1136958637921504	3.246424571725236e-05	8.694272187175719e-05	0.0001065988746098384	-0.03013734743005032	-0.03029459870133559	-3.583184004762783e-18	-9.224275389454499e-18
9.114666666666666	-0.4271391580676602	-0.02879877324124111	-0.01156567645142437	0.03158859378113422	0.9767836571671287	-0.02079812491264979	0.4022248903657466	0.003191251706356283	0.0003531484466288379	0.7991444479929788	0.02033403713649495	-0.0023503321333487	0.07178027228205688	-0.03507994799121177	-0.009571789185601394	0.2386113960121974	0.2386113960121974	0.3506329917090816	0.3506329917090816	0.4423967448290371	0.004111400928448529	1.570625574334047	0.2639634951149391	-0.005221868892226303	1.570110626688939	-0.001188112892495222	-0.004748869012480018	0.003644692123689945	0.0003650011629451899	0.0005098315399721093	0.0009058836285891467	6.83716277948964e-05	4.06055674163888e-05	-0.0003035429985290315	-0.001398252885558982	3.055338762800526e-05	7.334352707862511e-06	0.0003213760128461558	-0.0001183577354650016	0.08681067437101395	0.01351990022390119	0.02912352091128313	0.2494805789189604	0.007586352843435453	0.005959235142350023	-0.4156494549213668	-0.01276675928343025	-0.008681503231459159	-1.00651458464065	0.03214952186931565	-0.004880295763337106	-0.04862745471228683	0.01993451006219448	-0.005446810785430531	0.008431983996311067	0.008431983996311067	-1.170244242310716	-1.170244242310716	-0.2367427543344225	0.004056865491984292	-0.0004499078492674236	-0.2186366470842665	0.01450625001221169	0.005090871526380606	0.02373870909321732	-0.02888830999871123	0.001147594228258805	0.006243605969955621	0.005373032301712662	-0.008505007237496016	9.381202550146017e-05	0.0007298259611803088	0.02023185175418615	-0.009252612345146832	0.0002665372532793884	-0.0005994773152410817	0.002776286355203694	0.01839867256783309	0.02323794794644369	-0.02588930861842304	-0.01415878521973734	-0.02578645414098706	0.03353041372587973	-0.02831212126832369	-0.0251033579916768	0.01090569515608334	-0.002300800457040358	-0.004325892912583677	0.008709868867604907	0.002037706349428727	-0.0001611687342873786	0.09761736136259666	-0.05463425673857922	0.01504188074717809	-0.1523193751300785	0.06080445362668305	-0.008745932065045489	-0.0001387149500066809	-0.08991529944042495	-0.02494410157647644	0.01309761920281557	0.006445910436398339	-0.002258834063110636	-0.0001147299165979346	-0.001752495016339421	-5.916149568284795e-05	-5.432783308988634e-05	-0.0001334230506169707	-0.135226404042048	-0.1836250529033822	0.000664970729358734	-0.1074511525216448	3.60984008098577e-05	7.250726073060451e-05	0.0001348227738512154	-0.03640372477016583	-0.03535003276130969	-6.733295158331382e-19	-4.243749136891681e-19
9.135999999999999	-0.4253245304710974	-0.02887245340257913	-0.01122846484818432	0.03695131457207388	0.9773474464010781	-0.02067286971231789	0.3933877239509651	0.003386263618324918	0.000295203380295615	0.7778280628540315	0.02057701051936706	-0.002293648238966467	0.07100043575100627	-0.03387348402087915	-0.009223798715792793	0.2386879432829935	0.2386879432829935	0.3268085359611282	0.3268085359611282	0.4372715802014041	0.003965160567577813	1.570579553918325	0.2589908270932938	-0.004385992056664329	1.57013785076626	-0.00111559570631023	-0.004489532243937793	0.003567843780584742	0.0002086997978061732	0.0003833588001452136	0.0007763372360551636	8.400138847434609e-05	5.762168935784148e-05	3.347817226404435e-05	-0.0001549728840826828	5.461544094922822e-05	2.771811058226336e-05	-0.0001028949733379527	0.0001094381149044808	0.09135086665202509	-0.02525896044427777	-0.006362580269006252	0.2529062686646591	0.04967243666792936	0.006563889768561161	-0.4198217119370499	0.04032402258187907	0.01089728225646636	-0.9994137981495431	-0.02143251839316997	0.01174867212226748	-0.03140540434589769	0.09988113011159794	0.04851112301893476	-0.004750589801117852	-0.004750589801117852	-1.08898313994751	-1.08898313994751	-0.2425903235315629	-0.02076913918291565	-0.003620998662871094	-0.2486926607850492	0.06705552068688792	-0.006441225964237748	-0.03003797250590458	0.05806001803328129	-0.008642532493602081	-0.02421868946893633	-0.02421585706546659	0.008751310330438635	0.001252286458084866	0.0002798442287646033	-0.006571036086285929	0.1341473897673622	0.001768402173074905	0.002974347164917026	-0.04525057199666876	-0.0108620443555818	0.001148616217038383	-0.02445617379564801	-0.009171191112088405	-0.01938187982298516	0.02986457337437205	-0.03097073080430531	-0.01448335765022288	0.001671036513630945	-0.0008794158116172602	-9.521074246994339e-05	0.007004329474233792	0.0004382738495337985	-0.0001807299014651131	-0.02998653649539646	-0.08701250723219983	0.02090562166710768	-0.1430601897417938	0.06479834003818381	-0.007460283799346896	-0.0001743190501559619	-0.01499517074264944	0.03212521007354481	0.02739825670853893	0.006189126743072091	-0.003244489512683296	-0.0001117930613646552	-0.002275746838575474	-6.316774933155841e-05	-8.199433766440158e-05	-0.0001326867143996457	-0.1300863936165767	-0.1669121211407669	0.000637452409483725	-0.1012064412511393	3.973255590246304e-05	5.807179958945182e-05	0.0001630466730925923	-0.03791920217805526	-0.03862251068571199	4.743077850970876e-19	6.519409578487073e-18
9.157333333333334	-0.4232818134828054	-0.02872170938717561	-0.01098836972036515	0.04223633143132451	0.9788112950185183	-0.02047599021342021	0.384640757565858	0.00349020235188797	0.0003582009511699029	0.7571982204913937	0.02085873363759962	-0.002285122250064443	0.07009008206383753	-0.03275655878516782	-0.008684519126806399	0.2387947059752191	0.2387947059752191	0.3043944163090976	0.3043944163090976	0.4324463394044867	0.003843457353872163	1.570547899832387	0.2537804859546308	-0.003710498500602785	1.570070517884845	-0.00130334057672783	-0.00465134958772436	0.003525911658904258	1.318107324434174e-06	0.0003471069631162718	0.0008508402873771572	9.404547534652574e-05	7.760977853736165e-05	6.290293245049475e-05	0.000325255701260533	6.149910911302851e-05	4.310797533571434e-05	-0.0003647591214406296	-0.00010664018642491	0.09456403508334205	0.03104963710925764	0.02381019511763147	0.2415956625357528	0.08369542567194843	0.01134657134092004	-0.3927600287528762	-0.02053369099635905	-0.002166001743798425	-0.937779785497762	0.03849367139930621	-0.007749523596549326	-0.04963224545934367	0.01801260842812827	0.00821395201882941	0.01347657397895267	0.01347657397895267	-1.024039252965109	-1.024039252965109	-0.2101272777164845	0.005908446938863903	0.0003016590314074019	-0.2388796209017899	0.003593983943549929	0.0006605430883754234	0.006292998597622744	-0.04630945685664516	0.003405315729633252	0.003663047894417027	0.01079853573093797	0.0008440248600381942	-0.000195806867039058	0.0008230703881770164	0.004339521901803942	-0.04817402702363471	-0.0006454794126027007	-0.0008582607937662844	0.01131413393461166	-0.005496937217007714	0.01231698837690372	-0.02623120584950608	-0.01267864121409485	-0.01049623190492445	0.003764022125829235	-0.0311453819852136	-0.01152785238308293	0.0009800084284580656	-0.0005586404331798716	0.001346035326453194	0.005809632664829514	-1.340159612318433e-05	-0.0001693161920149533	-0.05974664244798522	-0.09416890089593986	0.02071653310903052	-0.1342104532650184	0.06509986367132664	-0.007087087773739922	-0.0001670926423364108	0.02477671134010903	0.04074951843936797	0.02223966336205471	0.004654909266206603	-0.00228095961531171	-8.478625198718128e-05	-0.001738891021336749	-4.828142837832622e-05	-5.697061041454431e-05	-9.348002555929747e-05	-0.09685024306168741	-0.1047370603920856	0.0005234303517221174	-0.06271768319126239	4.130302257899746e-05	5.239555605050763e-05	0.0001732228598140174	-0.03263660257777041	-0.03825873681914799	1.7875594386444e-20	1.177365259842205e-17
9.178666666666668	-0.42152829712	-0.02790357607649233	-0.01042851213423398	0.04721807780114948	0.9807534188864889	-0.02021208765669141	0.3769476739951643	0.002938792015876911	0.000323331657603578	0.7376819018877192	0.02182045722106915	-0.002487768197596699	0.06906660163505864	-0.03254251415976237	-0.008610185250656884	0.2392082016621141	0.2392082016621141	0.2826170510117936	0.2826170510117936	0.4282911618865853	0.004070010956045709	1.570577415889807	0.2488369104708291	-0.003920244101753512	1.570188722994323	-0.001109233837894656	-0.005316775751138657	0.003657411156508352	0.0003174758960487245	0.0004166312958411073	0.0009237377262558554	8.054707720991756e-05	5.984469285816062e-05	5.720794123984555e-06	-0.000463115568064829	4.745168446979367e-05	1.982587620353259e-05	-2.065669036497192e-05	4.123211853250995e-05	0.06423830801265736	0.03730878598819582	0.02361515019774155	0.2244746602810046	0.09451074140516175	0.0128473014402287	-0.3210201980858007	-0.02111495269069028	0.001722263715159421	-0.8950209457467542	0.04231752522279215	-0.008048696918445172	-0.0420110363718486	0.01523607289542562	0.004922462440480007	0.02400562844914086	0.02400562844914086	-1.029287419191885	-1.029287419191885	-0.1797718911238236	0.01187993730575708	0.002113702276962157	-0.2236833806418129	-0.01593565030175763	0.01095296068205472	0.005760615861353502	0.01084669119318434	0.007616681814326086	0.02486313670662614	-0.01429934115105052	0.008600784163879707	-0.0009548215114888672	-0.003259515914240308	-0.01469043282187553	0.01521615339218976	-0.0001938877775845287	-0.0006511494493608396	0.0115587948012969	0.0232583249838048	0.02348536053676906	-0.02800623790336416	-0.01618609131610129	-0.001610583986863751	-0.02233652912271358	-0.03132003316612191	-0.008572347115942975	0.0002889803432851868	-0.0002378650547424831	0.002787281395376332	0.004614935855425236	-0.0004650770417801672	-0.0001579024825647936	-0.08950674840057396	-0.1013252945596799	0.02052744455095334	-0.1253607167882429	0.06540138730446948	-0.006713891748132946	-0.0001598662345168598	0.06454859342286749	0.04937382680519114	0.0170810700155705	0.003120691789341116	-0.001317429717940125	-5.777944260970735e-05	-0.001202035204098023	-3.339510742509404e-05	-3.194688316468705e-05	-5.427333671894926e-05	-0.06361409250679806	-0.04256199964340426	0.0004094082939605098	-0.02422892513138553	4.287348925553187e-05	4.671931251156345e-05	0.0001833990465354424	-0.03294151227840118	-0.03038135771930208	1.296770170335031e-19	4.470207936245407e-19
9.200000000000001	-0.4206912925363135	-0.02744668535446099	-0.01024194009809481	0.05181828928611587	0.9827834408287682	-0.0199680407943271	0.3710804686681941	0.002948469214253686	0.000445497385264232	0.7189589791825387	0.02229233871838415	-0.002580726757107948	0.06850457874017928	-0.03147984935357014	-0.008060039547009795	0.2396534848583272	0.2396534848583272	0.2601280768126027	0.2601280768126027	0.4246670540628764	0.004120535351893996	1.570595284820745	0.2440708327467461	-0.0037827181843076	1.570231614811115	-0.001170360511471949	-0.005133395204590672	0.003724058229786875	0.0005115185371687048	0.0001796764385911926	0.001219560762053352	7.179484489090616e-05	2.820424000046899e-05	-0.0002194776521339692	-0.0002448838566608453	4.84113055611099e-05	2.547010923501795e-05	6.84472092657388e-05	6.884655024495199e-05	0.009892725236539585	0.0127709505998624	0.002268736812610944	0.2057133066454752	0.09355838464036376	0.010029112045289	-0.2231943224197259	0.01207007412477467	0.005003775475196449	-0.8332623336280773	0.01297438221306712	-0.001544529726811859	-0.008492666229808491	0.07176894402571822	0.03701847089915761	0.02214892577800085	0.02214892577800085	-1.045625810989943	-1.045625810989943	-0.1576223783793743	-0.003628429551480322	-0.0003541748563729349	-0.2167279322527309	0.0204502329797829	-0.003776928476902175	-0.005952003455280293	0.004049546135785703	-0.0002028037414629514	-0.001837049280139785	-0.004654884839697593	0.01112025417120481	8.340656148700511e-05	0.0001400000508092866	-0.003347080077722375	0.004997264193264689	0.0001727420186776394	0.0006690961372228598	-0.002214533519682539	-0.01130222984949513	0.01266940244440747	-0.02971992523718795	-0.01818972791025645	-0.004721896896380353	-0.01441030415847167	-0.03238786490512952	-0.01394909169916161	0.0003847820119190774	-9.453875563571147e-05	0.005435725815345622	0.003892578023255256	-0.0004687757727766324	-0.000148734951470324	-0.1017293162462888	-0.104778468585723	0.01958217836168082	-0.0954513937399703	0.05548177312283063	-0.006120032565869741	-0.0001425466667889715	0.07755748785483896	0.03570620314606354	0.0102645909829699	0.003268089334707289	-0.001417062276834255	-5.597583544624806e-05	-0.001303866132409551	-3.337866899883994e-05	-3.418714551324403e-05	-5.897857896244411e-05	-0.03795419570364475	-0.02686318755635499	0.0002480593060659655	-0.01620800882588673	2.741276125776333e-05	2.587042895556675e-05	0.0001295980978229871	-0.02964873495198835	-0.03520264103863505	7.872817788267854e-19	-2.680597761913928e-17
9.221333333333334	-0.4212913017593544	-0.02704950964459981	-0.009973621662344242	0.05594901953368658	0.9846494382399695	-0.01978430601683424	0.367673718004902	0.00302915823288113	0.0003351408393578478	0.7032809798869865	0.02284562625682995	-0.002591144898093299	0.0687975148111002	-0.03001881771746535	-0.007441833484390069	0.2403413506908142	0.2403413506908142	0.2394299487185656	0.2394299487185656	0.4216668828717651	0.004065164709305206	1.570565901875465	0.2398632802408781	-0.003405182303470707	1.570162184152893	-0.001126845161684982	-0.005241944509501039	0.003698495368200662	0.0004453709591462329	0.0003571286627417766	0.001056340730000843	8.193431524266351e-05	5.928049628373655e-05	-5.894721209841022e-06	-0.0002603866577887759	5.008130718808056e-05	2.65627712812119e-05	-7.287057104539845e-05	-4.132735616517211e-05	-0.07048173636803406	0.03171050359724314	0.03127887516131025	0.1804607942751581	0.07913344161659691	0.007193043483531184	-0.09035257336597349	-0.01445759454218977	-0.02007669943175099	-0.6095593760941016	0.049949341578806	-0.0003105326816420085	0.03814136667192836	0.05258296319972969	0.01130312109416487	0.04674775059981853	0.04674775059981853	-0.8613955968337024	-0.8613955968337024	-0.1212778318177897	0.001952277452280958	-0.002316161118392815	-0.1713216414341499	0.006565283766147499	0.0004227286494405639	0.01557080555175303	-0.0165217323810368	-0.001027999579243097	0.0004703036620205964	0.02455132273024728	-0.03443450344705953	0.0008162756138957507	0.002620175567724774	0.02644532128894576	-0.006696457157677791	-0.0001272896023669244	-0.001077859229231921	-0.01004323769325193	0.01034066828481388	0.001853444352045871	-0.03143361257101174	-0.02019336450441162	-0.007833209805896958	-0.006484079194229759	-0.03345569664413712	-0.01932583628238024	0.000480583680552968	4.878754347106017e-05	0.00808417023531491	0.003170220191085276	-0.0004724745037730975	-0.0001395674203758544	-0.1139518840920036	-0.108231642611766	0.01863691217240828	-0.06554207069169767	0.04556215894119178	-0.005526173383606535	-0.0001252270990610833	0.0905663822868104	0.02203857948693595	0.003448111950369297	0.003415486880073462	-0.001516694835728385	-5.417222828278877e-05	-0.001405697060721079	-3.336223057258584e-05	-3.642740786180101e-05	-6.368382120593895e-05	-0.01229429890049145	-0.01116437546930572	8.671031817142114e-05	-0.008187092520387934	1.195203325999479e-05	5.021545399570066e-06	7.579714911053183e-05	-0.02757775593251997	-0.03254827076062319	1.114706005532247e-18	-1.720015143342947e-17
9.242666666666667	-0.4231026918161048	-0.02645328663278104	-0.009563924102091687	0.05958727632662749	0.9861026836121323	-0.01959985085782084	0.3664305492595423	0.002998653529657337	0.0002319402671949381	0.6919293085177675	0.02356280779455847	-0.002652272200286802	0.06959689394976851	-0.02879370430845861	-0.006951718349206695	0.2415173235257518	0.2415173235257518	0.2230801241313034	0.2230801241313034	0.4195124782148541	0.004094322256243119	1.570549222056039	0.2367034970873778	-0.003382637402657572	1.570208129854471	-0.001029004043934253	-0.005317419498577287	0.003725651655793662	0.0004472224276905632	0.0004687781390299831	0.001001870553764168	8.4395389900601e-05	7.470782590154061e-05	0.0001263921236107222	-0.0002559800157589558	4.870275741204417e-05	2.217831622862313e-05	-0.0002015677794667066	0.000173678378295738	-0.09800170014177806	0.0257913584642563	0.01131353167345331	0.1612075000335118	0.05630776978988812	0.009685319186388631	-0.02987714273862481	0.006466214329943193	0.005331894655148398	-0.4483205351990437	0.022464703567629	-0.004527059976254387	0.03784309614064082	0.0597180317772771	0.03024190491942268	0.06164705096666491	0.06164705096666491	-0.659216399176403	-0.659216399176403	-0.08271664512998042	0.001235412561160774	0.0003643558198585042	-0.1285244313719109	-0.002757457462166062	0.002495385933974195	-0.002697068428908382	0.004259918670365692	0.002808310300859791	-0.000798685743784623	-0.00766556776896687	0.01711345390297648	-0.0003406676201830184	-0.0006377030173467321	-0.007572974713426491	0.003830950937127329	-1.777649947469493e-05	0.0003385624276571778	-0.0006629948558733752	0.005580889185051358	0.006293081336372137	-0.03018472292407328	-0.0186162538367702	-0.007009981193714482	-0.006715317947941442	-0.03414890622266285	-0.01960284303015669	-0.00300625160962234	0.0002077136843004746	0.008286101367071605	0.003045750978126662	-0.0005441242615486879	-0.0001324356393480439	-0.118401069792759	-0.1146357063018184	0.01871215899409222	-0.0502668402618634	0.04030274147788335	-0.005960440331764624	-0.0001116711676473022	0.0987003106202414	0.01662034371321347	0.001416284007686471	0.002961353984247714	-0.001765017617110606	-5.228236111927299e-05	-0.001559615878776573	-3.288308871037049e-05	-4.478728175904846e-05	-5.732695704227618e-05	-0.009467814138262694	-0.004536366610410208	9.40802921259677e-05	-0.004158816724007052	2.532186734736153e-05	4.351018259774553e-05	9.693252427401231e-05	-0.02637395331139028	-0.03115213745413423	1.107487798027073e-18	2.976259157505835e-17
9.264000000000001	-0.4254157740294876	-0.02588055761610927	-0.009312425193670509	0.06285202625385636	0.9870177466156972	-0.01938874289368532	0.3662418336756961	0.003086103301464695	0.0003463256294941023	0.6844231129801945	0.02402506005104933	-0.002746194201709724	0.07045664077176407	-0.02757979287864274	-0.006339384971981747	0.2428925783924786	0.2428925783924786	0.2118232355396554	0.2118232355396554	0.4180514936240918	0.004137253564736599	1.57056488997541	0.2342252713432856	-0.003450546169472454	1.570209377368658	-0.001084005101746614	-0.005281458741582416	0.003785651381454331	0.0003898768577455017	0.0003039254111276675	0.001265364020926996	7.784747254818144e-05	5.494801122185698e-05	-5.293556770946149e-05	-0.0002368209180007758	4.864755530272996e-05	2.700259153775057e-05	-4.316877330678335e-05	1.608742993430897e-05	-0.1175153760523237	0.02950794155221125	0.01644775155211877	0.1454445256146541	0.0286788445605526	0.009691743963729835	0.008502410525899015	-0.003399362508019401	0.0003219819240681575	-0.2490460168773002	0.02604972146277526	-0.003385035734400021	0.04380083698386088	0.05153277765058666	0.02276108128556241	0.06543044108007012	0.06543044108007012	-0.3839328472448708	-0.3839328472448708	-0.05626970061634655	0.003243567598115421	0.0007164393937334377	-0.1074256343021453	-0.001914747573978898	-0.003767726418444913	0.001241851592713423	-0.00607463118686964	0.002051072739600948	-0.005079418696359801	-0.001370758912613784	-0.004625411878356516	-2.831738707520927e-05	-0.0006786192101646502	-0.002768541474248829	-0.00531341443314406	-3.225758611721151e-06	-0.0002145407578210392	0.01687203242373811	-0.0245902707297799	0.0107327183206984	-0.02893583327713481	-0.01703914316912879	-0.006186752581532009	-0.006946556701653123	-0.03484211580118858	-0.01987984977793315	-0.006493086899797647	0.000366639825129889	0.008488032498828299	0.002921281765168047	-0.0006157740193242784	-0.0001253038583202335	-0.1228502554935144	-0.1210397699918707	0.01878740581577617	-0.03499160983202913	0.03504332401457494	-0.006394707279922713	-9.811523623352118e-05	0.1068342389536724	0.011202107939491	-0.0006155439349963561	0.002507221088421966	-0.002013340398492827	-5.03924939557572e-05	-0.001713534696832068	-3.240394684815515e-05	-5.31471556562959e-05	-5.097009287861341e-05	-0.006641329376033944	0.002091642248485304	0.0001014502660805143	-0.000130540927626169	3.869170143472827e-05	8.199881979592099e-05	0.0001180678994374928	-0.02551145164257512	-0.03259338097532601	2.073953772396344e-18	3.766664513805401e-17
9.285333333333334	-0.427964299889108	-0.0253151897421981	-0.008941580479126236	0.06583332367098144	0.9873458706610082	-0.01918178421120083	0.3665240136036028	0.003011231906118339	0.0002906310661361533	0.6809133054835014	0.02450047112606126	-0.002793260392386571	0.07141818102385293	-0.02643766340266238	-0.005875700031456364	0.2441866303501377	0.2441866303501377	0.2064508979995313	0.2064508979995313	0.4170152383867316	0.004182293246687773	1.570561975559628	0.2321385483406586	-0.003410284487336929	1.570203694571855	-0.001050050176080771	-0.005357090456476379	0.003819756326535597	0.0003898073594820379	0.0003208389317166871	0.001175355688420225	7.925240659139099e-05	4.198881495373903e-05	-5.838903369009371e-05	-0.0003334068345171058	4.783931947320065e-05	2.148177044109842e-05	6.295548959881672e-06	-0.0001164478186406952	-0.119418088425354	0.02392022770391755	0.01668826634126888	0.1349854921844308	0.004003107516386976	0.009838995603844072	0.01414576240613694	-0.002228170073951935	-0.003290016248328033	-0.09840399999939686	0.01800448167807344	-0.001258171452448792	0.04601851820991073	0.05579064372232845	0.02250204118837185	0.05355601942862072	0.05355601942862072	-0.1462727523067903	-0.1462727523067903	-0.04309643263301454	0.001074956651043326	-0.0006381697495933763	-0.09191143790314592	0.004975590078190426	0.001895348129010283	0.001697636246160354	-0.0001530993920584256	0.001380232114048222	0.002665718803368754	0.001777853094773017	-0.00106278178551653	8.423269536082529e-05	-0.0002482841658148867	0.00161991527601973	-0.001645024336162625	-5.425273510613868e-05	-0.0001705566971650419	-0.00664332305764969	0.00647591883694112	0.008254812709814041	-0.02950459632922576	-0.0165619908163604	-0.007271026452705376	0.002978136929445219	-0.03547266173189565	-0.01949257521290558	-0.003765887420193471	0.0002308568210774096	0.008740905454567932	0.003090168649227955	-0.0005896075598594765	-0.0001344773485593584	-0.1334282989621207	-0.1237976927625831	0.01887159202288919	-0.03822298586150573	0.03792619938738102	-0.006392829949053258	-0.0001144925620887878	0.1137652673972354	0.01438537784414702	0.0001179114205884162	0.002246955691239234	-0.001723287067372913	-4.436436284873044e-05	-0.001525615468275551	-3.005498159920486e-05	-4.533926147704832e-05	-4.301213504435585e-05	-0.007794687646155984	0.001644436335800171	0.0001125206364464066	-0.000171044317024432	3.843772382931018e-05	5.727193256701415e-05	0.0001417059037310609	-0.02705540829942986	-0.03061181248953067	4.081720885714421e-18	3.799600266289347e-18
9.306666666666668	-0.4304260035148689	-0.02484183084145861	-0.008669967924502227	0.06865123167798629	0.9872704796437684	-0.01896346892297608	0.3666829885384981	0.003050412236197386	0.0003020937251621435	0.6794392382469202	0.02477125296994232	-0.002809721594279039	0.07240622902863253	-0.02518877733850036	-0.00530281108449151	0.2450781830391676	0.2450781830391676	0.2044495093541908	0.2044495093541908	0.4161181117625509	0.004187216688673863	1.570552658567369	0.2301455602558333	-0.003268705107832067	1.570233088602357	-0.001021974176781862	-0.005251180627435325	0.003854523845084357	0.0004009076576421396	0.0003294957459206998	0.001337355731780121	7.820738453092488e-05	5.664346117776598e-05	-1.101336980119872e-05	-0.0002175583444354849	4.711329952435651e-05	2.537796543257758e-05	-8.804957988005524e-05	4.965528051601845e-05	-0.1093757916279979	0.02088210031736644	0.007144736559594168	0.1301267684158832	-0.009150692553596788	0.01075642575187973	-0.00304805756891089	0.007292986750611978	0.006617971522562358	-0.05819536749180992	0.006865731044256468	-0.0005158180358645206	0.04628593879861944	0.06154120779261695	0.03299895688926247	0.02769613464608401	0.02769613464608401	-0.06790638835891626	-0.06790638835891626	-0.04322639313077632	-0.0005173298986110796	0.0001161978488940627	-0.09863798575823376	0.007583786554396232	-0.0004792738586877998	0.0006907022458133153	0.01094488855703794	0.002113189002178403	-0.004032250281650543	-0.00214482513620816	0.01900037335914311	-0.0002580007717947988	0.001910178523473897	0.002184189451019274	0.01460231118541355	4.481980202513002e-06	0.0006683045004412577	0.00338989638249438	0.003407074370068243	0.005776907098929681	-0.03007335938131672	-0.01608483846359201	-0.008355300323878743	0.01290283056054356	-0.03610320766260272	-0.01910530064787801	-0.001038687940589296	9.507381702493007e-05	0.008993778410307565	0.003259055533287863	-0.0005634411003946746	-0.0001436508387984834	-0.1440063424307271	-0.1265556155332955	0.01895577823000222	-0.04145436189098233	0.04080907476018709	-0.006390952618183804	-0.0001308698879440544	0.1206962958407984	0.01756864774880304	0.0008513667761731885	0.001986690294056504	-0.001433233736252998	-3.833623174170367e-05	-0.001337696239719034	-2.770601635025457e-05	-3.753136729780074e-05	-3.505417721009827e-05	-0.008948045916278022	0.001197230423115039	0.000123591006812299	-0.000211547706422695	3.81837462238921e-05	3.254504533810731e-05	0.0001653439080246289	-0.02874480694305223	-0.0332253989038266	3.763142896029154e-18	-9.241201647562926e-18
9.328000000000001	-0.4329542005241127	-0.02427073623327093	-0.008333041034594301	0.07136946420189813	0.9870270920660904	-0.01874639984047025	0.3667712439449219	0.003041628602437027	0.0003059235762906901	0.6787096121625081	0.0251598380140332	-0.002850038404183535	0.07372673103392804	-0.02401468925394146	-0.004763269718626189	0.2454650880395593	0.2454650880395593	0.2033562798691014	0.2033562798691014	0.4151003057222501	0.004213872747298109	1.570548972692021	0.2279055927130509	-0.003194019223465596	1.570234448175405	-0.00100089078977894	-0.005283130005413595	0.003892952462381684	0.0003685318938272922	0.0003271732279244449	0.001430834792118203	7.817504567105869e-05	7.016430732877495e-05	-2.309610930194347e-06	-0.0002704750650749403	4.876306294958512e-05	2.722143461283124e-05	-4.840928908172295e-05	5.275727073976746e-05	-0.1278192856711386	0.0305536358441539	0.02102323210894509	0.1249311162282285	-0.01213227734905376	0.009950238781139773	0.01005348106102403	-0.004802615229511956	-0.003427783809896503	-0.02294333211869592	0.02526963782221087	-0.002717693396186071	0.07726833519240685	0.05113770740347112	0.02084753504662832	0.007937285573454297	0.007937285573454297	-0.05554631033709145	-0.05554631033709145	-0.05249945523858653	0.002298009989803535	-0.0003166905190351155	-0.1111680310431191	0.0007753114375519677	0.0004883714280351733	0.001057825482951926	-0.007889831310460638	0.001695432019011432	0.0002960844275844536	0.000842532945862182	-0.004286345073413389	0.0001243152843706214	-0.0003472815549412789	-0.0008248251689238258	-0.01018514875273576	7.161556880971684e-05	-0.0002678829843876498	0.0005015484057983747	-0.002031719011883552	0.006474768929861137	-0.03127864598089426	-0.0163379005667325	-0.007808284169432566	0.008897881586615327	-0.03644948547572365	-0.02338881201598825	-0.002482828887369693	0.0001889679040851745	0.010574250728826	0.003387564644580618	-0.0006143208790104208	-0.0001494532031957868	-0.1405723288687645	-0.1368535094869707	0.02044272889105319	-0.05322608770393963	0.04594074196074969	-0.007544237556916845	-0.0001457544453638145	0.1216159657194438	0.01728547171182575	0.0004696300139287232	0.001950396540563964	-0.00152884509844208	-3.860980668426963e-05	-0.001376840086866873	-2.887151802694261e-05	-4.244171935572716e-05	-3.101566332976054e-05	-0.008876032048251501	0.002058907703476632	0.0001277274834856981	0.000220240298836718	4.083142878077531e-05	4.49881799629877e-05	0.0001694227134143826	-0.03007105351737945	-0.03354489271959311	8.191182900982309e-19	1.221899205365725e-18
9.349333333333334	-0.4358871616312917	-0.02362799606863396	-0.007918850917627991	0.07399116561955836	0.9868183127384074	-0.01852371737826198	0.3670578135070701	0.002986891039679917	0.0002766368871661163	0.6779169092307892	0.02566619307896233	-0.002902372427332477	0.07569265233261008	-0.02289562044582161	-0.004274031396698735	0.245389579818102	0.245389579818102	0.2011851362424695	0.2011851362424695	0.4138650563031485	0.00425461656429937	1.57054533558602	0.2254105377189325	-0.00317771384297262	1.570248875654049	-0.0009865699877602853	-0.005329666808914593	0.003935648972276964	0.00038363390537165	0.0003191694234744117	0.001408353974153279	7.793694464010452e-05	5.442633422029248e-05	-2.302140312322763e-05	-0.0002519922115334631	4.6816672183845e-05	2.365906606264367e-05	-5.91763667921679e-05	9.242470396538467e-06	-0.1473224258094147	0.02759887123448847	0.0143881640963178	0.1210769772047955	-0.005906169116570422	0.01128268009898303	0.01554389453025747	0.002984805907166427	0.003513295873832234	-0.06410882192683634	0.01790667049784187	-0.00164243177753129	0.1067939975536082	0.05638315062645623	0.02828304652008717	-0.01565510490225916	-0.01565510490225916	-0.1689608391285341	-0.1689608391285341	-0.06361170989334711	0.000803397449234149	0.0001207699750735233	-0.1225524343209881	0.002110614316256007	0.0007458422908034587	5.670990353833998e-05	0.00957731741428236	0.002513303933236516	0.0004187911582750571	-0.002677445741249875	0.008129134768236042	-0.0002772909753342985	-0.0008328357821035014	-0.0005735184612343306	0.02129602126487615	-0.0003326574752008129	0.0001615072132123793	-0.001335794415203613	-0.0009632497455860622	0.007172630760792592	-0.0324839325804718	-0.01659096266987299	-0.007261268014986389	0.00489293261268709	-0.03679576328884459	-0.02767232338409849	-0.003926969834150089	0.000282861991145419	0.01215472304734443	0.003516073755873373	-0.0006652006576261672	-0.0001552555675930903	-0.137138315306802	-0.1471514034406459	0.02192967955210416	-0.06499781351689692	0.05107240916131228	-0.008697522495649887	-0.0001606390027835746	0.1225356355980892	0.01700229567484845	8.789325168425786e-05	0.001914102787071425	-0.001624456460631161	-3.888338162683559e-05	-0.001415983934014711	-3.003701970363064e-05	-4.735207141365356e-05	-2.697714944942281e-05	-0.008804018180224976	0.002920584983838225	0.0001318639601590973	0.000652028304096131	4.347911133765852e-05	5.743131458786809e-05	0.0001735015188041363	-0.03144947076819211	-0.03360255520945549	-2.961371938979683e-19	1.993624976768902e-18
9.370666666666667	-0.43936183553594	-0.02302551962118054	-0.007576347249842152	0.07652400730602525	0.9868044035316852	-0.01827510647373311	0.3675949868872449	0.003019673352241463	0.000318750191970239	0.676143812438551	0.02609130667207314	-0.002954663734654817	0.07838136635320496	-0.02171070269717372	-0.003703494025982097	0.2448879614502247	0.2448879614502247	0.1962000547714141	0.1962000547714141	0.412380743516319	0.004275665999689779	1.5705445885498	0.222695177437476	-0.003119107970804107	1.570259628997699	-0.0009772287692960575	-0.005349540186429007	0.003983292639771399	0.0003752012228514911	0.0002870659488851328	0.001553683124758389	7.474149533737978e-05	4.970450504725058e-05	-2.367138916514497e-05	-0.0001642986802922582	4.387014129524756e-05	2.64374611055933e-05	-6.790221919225076e-05	7.285221049269054e-06	-0.1753605792153765	0.02895989561827153	0.01792318891050716	0.1165215120635904	0.004455521447712655	0.01202056269648143	0.03218266640963638	-0.0002837161422625894	0.0001663119837949056	-0.1023889139152927	0.0221736089274516	-0.002860278561001601	0.1418003894329304	0.05442749293978548	0.02487412271143286	-0.03018051470343318	-0.03018051470343318	-0.2931861842151584	-0.2931861842151584	-0.07498882424289667	0.001284963694484477	-0.0001963236620583806	-0.1311638350571492	0.003043673980846737	0.000341221977867748	0.0008134635608484855	-0.007810645428455674	0.00198009632050775	-0.0009128096000918678	-0.0002869543487894215	0.004263921021323071	-2.40424905449267e-05	0.0002382580073978669	0.0003305491023702272	-0.006481765732570363	2.021744079573937e-05	5.50967525062575e-05	0.0002976343991740624	0.0005175471014018118	0.007724850509475961	-0.03359737264524613	-0.01714340836701189	-0.005822226456363974	-0.001207513093039325	-0.03723970464897879	-0.02648800403259359	-0.004278375408203913	0.000294087982042224	0.01188611576136162	0.003476299503482861	-0.0006674607087584995	-0.0001527130506904268	-0.1386003956646827	-0.1464945302076401	0.02127453024061865	-0.05838153422301178	0.0489489699963065	-0.0084610726585021	-0.0001562166321261869	0.1218279386177504	0.01564310099632403	-0.0002109884652873632	0.001686232546706842	-0.001486219760090011	-3.591520316557135e-05	-0.001333500672875696	-2.876335830067051e-05	-4.578760496914528e-05	-2.379676617827083e-05	-0.008538899646311108	0.002983369431619504	0.0001299393430654414	0.0007565761995271356	4.217466427879133e-05	5.371478904295074e-05	0.0001689181686142013	-0.03116966437482147	-0.03491246417749435	7.669940702925627e-19	-8.778787216585045e-18
9.392000000000001	-0.4432383256069456	-0.02238910559301689	-0.007145525133631805	0.07896891893052196	0.9870021575131942	-0.01801101196205441	0.3683185803532842	0.002958903063999758	0.0002722762478503016	0.6735367993434251	0.02662190460956957	-0.003007361391089926	0.08159464004412817	-0.02058513094948922	-0.003226845756665915	0.244152698225755	0.244152698225755	0.188897911937513	0.188897911937513	0.4106891614929568	0.004314347349167734	1.570536723630674	0.219850427722186	-0.003062357607787489	1.570266802492635	-0.0009520996818738223	-0.005508049499075776	0.004021276822800645	0.0003573399723308476	0.0003088588657748334	0.001537735048997155	7.683603437690618e-05	5.811067417399509e-05	-1.668472323263026e-05	-0.0002472467717095661	4.613463174423635e-05	2.41380498684408e-05	-5.586871684433778e-05	2.013683129356546e-05	-0.1849926914054005	0.03078051942607298	0.02266801863611544	0.1128335338950902	0.01393725478011146	0.01273426826928011	0.03302077758005808	-0.005785750418138321	-0.00479175871279829	-0.142288475322557	0.02779582778399284	-0.001680527006853296	0.1559714666468891	0.05081946303613844	0.01948094326379452	-0.03755931020780253	-0.03755931020780253	-0.3861853418953202	-0.3861853418953202	-0.08304320081827271	0.002456389394941516	-0.0005465315473676478	-0.1346826937428716	0.001936660333265768	0.0004102314739003913	0.001536822618351512	-0.003419801504375597	0.001607727264625051	-0.0004651370917703574	0.00237534095990437	-0.006990605203608563	0.00021864543175174	0.0003979140585014564	0.0001424176613686634	0.005298369140640816	0.0001558757751978896	-0.0003145371255471897	0.0006103950924209671	0.0004250808411232126	0.00827707025815933	-0.03471081271002045	-0.0176958540641508	-0.004383184897741558	-0.00730795879876574	-0.03768364600911299	-0.0253036846810887	-0.004629780982257737	0.000305313972939029	0.01161750847537882	0.003436525251092348	-0.0006697207598908318	-0.0001501705337877633	-0.1400624760225633	-0.1458376569746343	0.02061938092913314	-0.05176525492912666	0.04682553083130073	-0.008224622821354312	-0.0001517942614687991	0.1211202416374117	0.01428390631779961	-0.0005098701822589843	0.00145836230634226	-0.001347983059548861	-3.29470247043071e-05	-0.001251017411736681	-2.748969689771039e-05	-4.422313852463701e-05	-2.061638290711884e-05	-0.008273781112397243	0.003046153879400783	0.0001280147259717855	0.0008611240949581403	4.087021721992414e-05	4.999826349803338e-05	0.0001643348184242663	-0.03090850085578701	-0.03355970482805599	1.227119210594513e-18	-8.791386344504165e-18
9.413333333333334	-0.4470023868749851	-0.02180077108233459	-0.006765488824508779	0.08136568005411035	0.9873819619035199	-0.01771926283300945	0.3687062142398308	0.00293942589038826	0.0002556382625840673	0.6697260686322825	0.02707402072497019	-0.003052615729287029	0.08479822838502933	-0.01942064464452931	-0.002718484630033555	0.2432441542052106	0.2432441542052106	0.1797095139913244	0.1797095139913244	0.408839696841263	0.004350245376496298	1.570531380346067	0.2169437314333534	-0.003008125760925919	1.570276121880726	-0.0009323181505647779	-0.005582942157322925	0.004065627671207054	0.0003492644182110641	0.0003087728802786722	0.001571411298905008	7.713324988317051e-05	5.95006953135875e-05	-1.638369853594061e-05	-0.0002368213850102039	4.624114856812661e-05	2.403124273794483e-05	-5.372247262821021e-05	2.294448152036505e-05	-0.1663179478672528	0.02568379938022515	0.01495739641931433	0.1121444931190101	0.02112984319275004	0.01440487473557192	0.001733568128796034	0.001978295721632384	0.001631108657893042	-0.2123034734140982	0.01724494561335246	-0.0023280320613587	0.1433706659125601	0.05678443885715236	0.02643172084825364	-0.04743220757469507	-0.04743220757469507	-0.4681851933003219	-0.4681851933003219	-0.09099901077739155	0.001234679393140365	-7.017920510416654e-05	-0.1385375023848357	0.002866811214320835	0.00045115558214483	0.0005657921445604915	-0.003268347806215418	0.00238469878671884	-0.0002940244561314861	-0.001424955630014717	0.006719974455311381	-0.0001139836693567397	-0.0001543937892369987	-7.139918523343266e-05	-0.001771922024755708	-9.045029573257974e-05	0.0001621100877458759	-0.0002113917759557058	-0.0001193843469280714	0.006262209735620039	-0.03405274410685076	-0.01749040520478313	-0.003516931446816803	-0.001094686152728535	-0.03829151143021547	-0.02350111838018116	-0.003519715314892657	0.0002429663733232104	0.01106787794855782	0.003366923667562148	-0.0006362284241140888	-0.0001469632116052482	-0.1436209231801487	-0.1413349114580772	0.01907264220990192	-0.03992068039412784	0.04287317249001637	-0.007495249201837145	-0.0001448818449278737	0.1207870396212416	0.01403057070258847	-0.0003016193620299614	0.00109222671697764	-0.00116803108732194	-2.62558430679172e-05	-0.001136192651979218	-2.461980953257281e-05	-3.955611407003959e-05	-1.430182205125294e-05	-0.008586953793828062	0.002913868603499089	0.0001307379213696429	0.0008648180727509436	4.197822719226743e-05	4.57315012370717e-05	0.0001719061264890598	-0.03029892892240971	-0.03373800098658074	9.289184678242847e-19	4.727294594716081e-18
9.434666666666667	-0.450267566919423	-0.02123745725978789	-0.006422137080534887	0.08376576862851411	0.9878806761082906	-0.01740546372130956	0.3683248624641712	0.002958767642184482	0.0002735677559760534	0.664592184176231	0.02747096415909011	-0.003096705259829852	0.08766936608199542	-0.0182291736306435	-0.002173596504889229	0.2421367953593589	0.2421367953593589	0.1692224593064412	0.1692224593064412	0.4067785946118154	0.004380920495585625	1.570528789464247	0.2139088844076488	-0.002952019597392397	1.570285526759503	-0.0009173737790578433	-0.005633289409737573	0.004115964088932347	0.0003447062526378941	0.0002889544749541421	0.001678202047531671	7.524943765481468e-05	5.635331943013026e-05	-1.790506560757882e-05	-0.0002140885812854957	4.464083895460511e-05	2.497842185472594e-05	-5.644893464710727e-05	1.685554866976186e-05	-0.1382225766927456	0.02843482991335979	0.01922884065338412	0.1131454824090327	0.02508504988432405	0.01480145414317953	-0.03907162825177395	-0.002146476161164447	-0.001551057588590026	-0.266334138907755	0.02262338891392712	-0.001571326289264451	0.1248042187779754	0.05334927949794153	0.02290534937429134	-0.05619820008036896	-0.05619820008036896	-0.507934411147942	-0.507934411147942	-0.1028842237326918	0.001966741747513229	-0.0002884937859929475	-0.1466968253246092	0.002112377521261206	0.0004182462257683686	0.0010833388869037	-0.001118669707578574	0.002168874388270584	-0.0001353819155253406	0.0005254266009947192	-0.0001361209487200559	1.41740816310953e-05	-2.746691240946005e-05	-2.843156691207832e-05	0.006452189486767031	-4.139203309467976e-06	-0.0002157259148649621	0.0001535788828873959	-0.0004089738223833206	0.00424734921308075	-0.03339467550368107	-0.01728495634541546	-0.002650677995892048	0.00511858649330867	-0.03889937685131795	-0.02169855207927363	-0.002409649647527576	0.0001806187737073918	0.01051824742173682	0.003297322084031946	-0.0006027360883373457	-0.0001437558894227331	-0.147179370337734	-0.1368321659415202	0.0175259034906707	-0.02807610585912901	0.038920814148732	-0.00676587558231998	-0.0001379694283869482	0.1204538376050716	0.01377723508737732	-9.336854180093843e-05	0.0007260911276130207	-0.0009880791150950197	-1.956466143152731e-05	-0.001021367892221755	-2.174992216743525e-05	-3.488908961544217e-05	-7.987261195387039e-06	-0.008900126475258884	0.002781583327597395	0.0001334611167675003	0.0008685120505437469	4.308623716461073e-05	4.146473897611004e-05	0.0001794774345538534	-0.0297280132816429	-0.0337260471056533	5.737752196628827e-19	2.135253247788888e-17
9.456000000000001	-0.452792345864992	-0.02062002796339177	-0.006008536307017099	0.08620733001141348	0.9884328209043622	-0.01708326124884082	0.3669497824955826	0.002916925658834475	0.0002492648578754228	0.658303784321781	0.02795480286460572	-0.003136179212328551	0.09003133243830203	-0.01709478660247164	-0.001676685884603294	0.2408578437965653	0.2408578437965653	0.1581893632650354	0.1581893632650354	0.4044591413888655	0.004421749286009051	1.570522672512397	0.2106513532152565	-0.00290444002287835	1.570294525716552	-0.000896684023773605	-0.005755225581386201	0.004163076867855885	0.0003404041810275755	0.0002979328450791031	0.001706699255554766	7.560797338144958e-05	5.662687403617237e-05	-1.778870769454217e-05	-0.0002376467167034967	4.414058051899131e-05	2.222877069460066e-05	-5.466661246357482e-05	1.375253732439417e-05	-0.09902803247047419	0.02921248710781604	0.0193107221034505	0.1156892583954729	0.02632287622707381	0.01541975149705124	-0.08709622792967713	-0.001450095869031978	-0.0005860971940612978	-0.3186469565212139	0.02228562931005562	-0.002152276358691641	0.09720295947128856	0.05331551962707669	0.02383573070576784	-0.06162918950344574	-0.06162918950344574	-0.519728099520689	-0.519728099520689	-0.1137034818933213	0.001804038161454923	-0.0002626830543097729	-0.1595399424773418	0.00240217342948089	0.0004131634362316979	0.0008306887442880863	-0.007542289076082305	0.002264980808388969	-0.0002937808484638794	0.0001161485123353429	0.002721597073255506	7.254937024708376e-06	4.054621479937098e-05	3.179020891255091e-05	-0.004384951671648501	-2.804512162145805e-05	-2.969409513178261e-05	4.28181638891303e-05	6.23541294124344e-05	0.003042528965346884	-0.03399743027667944	-0.01683831843583289	-0.001627323108682945	0.004411312915493697	-0.0394721290126768	-0.01877234844810004	-0.002224698352129975	0.0001628672981998157	0.009533405696039025	0.003298724197179651	-0.0005951914871516331	-0.0001426000485115258	-0.1502841783797256	-0.1355891372575414	0.01643128164127023	-0.01811721497147394	0.03594645264180261	-0.006364257534538873	-0.000133503137036904	0.1192556049854951	0.01299008789379775	0.0002746729356936947	0.001253315053484967	-0.0008903076501702141	-2.677041663726861e-05	-0.001052323838523173	-2.386017165682599e-05	-3.244558841325226e-05	-2.098647076292771e-05	-0.009640066447903344	0.002659570833801425	0.0001424260510521923	0.000915870847109375	4.647957552032497e-05	3.893325797270574e-05	0.0001965791317082098	-0.02963874230542779	-0.03338925728348842	1.430052065287895e-19	4.210366630225057e-17
9.477333333333334	-0.4545163398468517	-0.02000115613586866	-0.005608261353900502	0.08869921372944929	0.9889886111571121	-0.01674692610666044	0.3647259147497836	0.002910811078550761	0.0002545872640388357	0.6511909867108225	0.02840258096514668	-0.003189513620785366	0.09184113319951284	-0.0159408948099081	-0.001149961725837639	0.2395957875694769	0.2395957875694769	0.1473328441039856	0.1473328441039856	0.4019639835027897	0.004455464238229979	1.570518532582811	0.2070658695386345	-0.002847224321892398	1.57030263271683	-0.0008830249015076532	-0.005836883298492117	0.004213329976120271	0.0003310689449478357	0.0002853705358160226	0.00179064833854504	7.5039143523977e-05	5.754712307270454e-05	-1.687081295410305e-05	-0.0002187451641587721	4.407208297749192e-05	2.423882467640971e-05	-5.337170772616889e-05	1.713893000607183e-05	-0.06314898634501172	0.02857006720651486	0.01797954499077251	0.1178632013280741	0.02542681144790131	0.01612639192864565	-0.118645482365265	0.001202967876300474	0.001226314686164017	-0.3436214285804314	0.01924270719755387	-0.002870744035337878	0.0730386942377494	0.05517785115966202	0.025700368606765	-0.05461426235800991	-0.05461426235800991	-0.491380328614571	-0.491380328614571	-0.1193565359007522	0.001299819416029162	-0.0001031479487238816	-0.1774423707211409	0.003015764378002287	0.0003346252784562526	0.0004242170414393575	0.002657435405800593	0.002463280263975003	-0.000607241084533568	-0.001494012091634136	0.005062492329452879	-7.276644187897684e-05	3.316069044898179e-05	4.671251065690333e-05	0.01043278523327249	3.63383805137579e-05	0.0002304964421913749	0.0001078834973130354	0.0001994078051521724	0.001837708717613018	-0.03460018504967781	-0.01639168052625033	-0.0006039682214738417	0.003704039337678724	-0.04004488117403564	-0.01584614481692645	-0.002039747056732373	0.0001451158226922396	0.008548563970341233	0.003300126310327356	-0.0005876468859659204	-0.0001414442076003185	-0.1533889864217173	-0.1343461085735626	0.01533665979186976	-0.008158324083818861	0.03297209113487323	-0.005962639486757767	-0.0001290368456868598	0.1180573723659186	0.01220294070021817	0.0006427144131883279	0.001780538979356914	-0.0007925361852454086	-3.397617184300992e-05	-0.001083279784824592	-2.597042114621672e-05	-3.000208721106234e-05	-3.398568033046838e-05	-0.0103800064205478	0.002537558340005456	0.0001513909853368843	0.0009632296436750031	4.987291387603922e-05	3.640177696930143e-05	0.0002136808288625662	-0.02958606859445857	-0.03409643806131946	1.273960882965898e-19	4.026093569514047e-17
9.498666666666667	-0.4555775696894716	-0.01936048359426771	-0.00519824689716345	0.09122178853092769	0.9895062879441908	-0.01639911958055408	0.3620664860430148	0.002901964595242263	0.0002627656814861252	0.6439022465169176	0.02884487035716946	-0.003244941213022544	0.09320880259189825	-0.0147921727802498	-0.0006250259115063241	0.2386022654351208	0.2386022654351208	0.1374509300999575	0.1374509300999575	0.3994167105528176	0.004489140831216344	1.570514537811157	0.2031127354814968	-0.00279061007944353	1.570310799146391	-0.0008703782080578871	-0.005916522503433793	0.004265647255813835	0.0003226281184519953	0.0002709007343309828	0.001871574155702963	7.390138054990545e-05	5.804001197993949e-05	-1.603625953873543e-05	-0.000188519393528123	4.373843488918211e-05	2.522719239721912e-05	-5.19527291625653e-05	2.020789227896949e-05	-0.03951326228848494	0.03120073883067664	0.02013643361736422	0.1181017683809978	0.02273607743992635	0.01650396021506836	-0.1257376704769083	-0.001669412210031673	-0.0003480822820400323	-0.332668153984309	0.02170146122549569	-0.002222946487446396	0.05716992269936659	0.0528970382787684	0.02367836514169158	-0.03741469573704199	-0.03741469573704199	-0.4296923555675005	-0.4296923555675005	-0.1179524716506855	0.001806897094788969	-0.0002554027517742736	-0.1910519732954187	0.002368959432147958	0.0004091753609551946	0.0007350707984063828	-0.007509956280684441	0.00243663898935975	-0.0002254939130980042	-2.681035358149481e-05	0.002567759188433828	-2.626008048476505e-05	1.341197056141102e-05	2.213769659640342e-05	-0.003711307993289318	-4.638301747641244e-05	-7.860332618717663e-05	3.798851245371568e-05	4.693495223623146e-05	0.001220445666798119	-0.03524987530488585	-0.0174413527264044	0.0009965864741269838	-0.0002106225151012007	-0.04045230018144678	-0.01597977482498963	-0.002044046595430453	0.0001441708715283989	0.008317458231411626	0.003297283504120784	-0.0005855337546194176	-0.0001415458194641236	-0.1482448400104466	-0.1335019447909092	0.01454741614514465	-0.005310978681827894	0.03208116337335479	-0.005816956008317654	-0.0001271204359066185	0.1136446879865868	0.01154607816165374	0.0004495935051724697	0.002308774800863249	-0.0006891508891656878	-4.115141518040098e-05	-0.001097719155487012	-2.791033617269636e-05	-2.771274514245836e-05	-4.461517498120674e-05	-0.009338363366395274	0.002412612539856701	0.0001373113114401753	0.0008222377303770317	4.422429965666832e-05	3.410827414779899e-05	0.0001902210131046511	-0.0294362511161421	-0.03412165026687675	6.943514516200915e-19	6.713911450329545e-18
9.520000000000001	-0.4563375756090436	-0.01868239372124335	-0.00476288292589397	0.09371576201537889	0.9899429265721148	-0.01604175488377782	0.3595718077819106	0.002855067132584203	0.0002444933327919265	0.6372970840603486	0.02930630359539357	-0.003279979764273167	0.09436527332112797	-0.0136676473459407	-0.0001326020971831986	0.2380469468767318	0.2380469468767318	0.1292278584241154	0.1292278584241154	0.3969952521900539	0.004530405380123763	1.57050831632213	0.199004429561874	-0.002742857473349809	1.570319160641268	-0.0008527857067412921	-0.00604579217069633	0.004317087342367644	0.0003196811507400682	0.0002772174090075036	0.001902060193383034	7.424463369872684e-05	5.813491172416174e-05	-1.632687605131916e-05	-0.0002112143588224288	4.29990954079976e-05	2.341238482536508e-05	-5.120290636584319e-05	1.737626319179915e-05	-0.03490924355928071	0.03207794202746019	0.02035606197818742	0.1151818278567737	0.01782948402715401	0.01702247042894833	-0.1032001280842208	-0.002364311437720825	-0.001253444639600477	-0.2795360157051924	0.02103744277892936	-0.0009592714428482833	0.05323881956690534	0.05290942034567502	0.02265236860599727	-0.01353267711108662	-0.01353267711108662	-0.3358638603471346	-0.3358638603471346	-0.107561418349952	0.002011190283628029	-0.0003119027025293191	-0.1919897328291153	0.002184985969707293	0.0003529126518055872	0.0008878865289545764	-0.001995420436779861	0.002381043407122778	-9.21918235417008e-05	0.0004547200485121457	0.0003337630034044006	6.607881964223418e-05	-4.150793583458196e-06	-5.877217008853382e-05	0.005471466240308042	-1.695187568245068e-06	-3.230124149581857e-05	4.515014416789856e-05	-0.0003537726348541953	0.00060318261598322	-0.0358995655600939	-0.01849102492655847	0.002597141169727809	-0.004125284367881126	-0.04085971918885791	-0.01611340483305281	-0.002048346134128533	0.0001432259203645583	0.008086352492482017	0.003294440697914213	-0.000583420623272915	-0.0001416474313279288	-0.143100693599176	-0.1326577810082557	0.01375817249841954	-0.002463633279836926	0.03119023561183638	-0.005671272529877542	-0.0001252040261263772	0.109232003607255	0.0108892156230893	0.0002564725971566116	0.002837010622369584	-0.000585765593085967	-4.832665851779203e-05	-0.001112158526149432	-2.985025119917599e-05	-2.542340307385438e-05	-5.52446696319451e-05	-0.008296720312242746	0.002287666739707945	0.0001232316375434662	0.0006812458170790604	3.857568543729744e-05	3.181477132629657e-05	0.0001667611973467361	-0.02932527197748184	-0.03462012925814433	7.355034065965144e-19	-1.314295750025224e-17
9.541333333333334	-0.4571619754849972	-0.01800943513794022	-0.0043565952000433	0.09613036810020778	0.9902571720258588	-0.01567001520333793	0.3577092080857861	0.002832943249945876	0.0002343989318319549	0.6320843837277762	0.02970272658682398	-0.003316314809290363	0.0955741540661945	-0.01251037413118247	0.0003684189699076891	0.2379209765190935	0.2379209765190935	0.1231562495849443	0.1231562495849443	0.3948235535617716	0.004569149460591853	1.570502821736346	0.1951365803413566	-0.002691520743796687	1.570326613315735	-0.0008368008123205731	-0.006115545820861553	0.00437033700251589	0.0003164306105474578	0.0002746421852305274	0.001942377026413317	7.442256470470163e-05	5.713802749994613e-05	-1.617541952835712e-05	-0.0002265509947583598	4.28206233756048e-05	2.392601127242262e-05	-5.060969646910228e-05	1.065236174078793e-05	-0.04548626529750444	0.03137016057967577	0.01818130593359754	0.1113122684499244	0.01149954772858794	0.01780944113803468	-0.07178757040953058	-0.0001510544607076138	9.288760354302471e-05	-0.2082562081195165	0.01682924814917676	-0.00207848592726129	0.06447677777431077	0.05513584182152634	0.02406891619862158	-0.003397617890615184	-0.003397617890615185	-0.2375769493903166	-0.2375769493903166	-0.0979462247906718	0.001691910438671408	-0.000220115799089063	-0.1629122219082084	0.00256835226294322	0.0003500343728244594	0.0006618072911030296	-0.003275953568444373	0.002596902797018557	-0.000214973598147444	-0.0005020401583699142	0.003000073283156121	-3.552062515857203e-05	-4.761489234764438e-05	4.698350294520115e-05	-0.003291576879093247	-1.938279050766084e-05	4.834388494602602e-05	2.680944558457532e-05	-0.0001937314800107655	-0.002346367702703125	-0.03459949860745956	-0.0208737634224822	0.0035476801993937	-0.000601511149327978	-0.04125952309795484	-0.02090905220237705	-0.001987471291870126	0.0001534328716071578	0.009222150827190233	0.003283619611879786	-0.0005906467062614017	-0.0001440858913993196	-0.1413827851823551	-0.1333730236138929	0.01341022602107194	-0.001825013024412225	0.03120057444205594	-0.005748485784331906	-0.0001273010897699645	0.1122361686361689	0.01124326897857981	-0.001826294812029686	0.002423142060980896	-0.000448680605205364	-4.026597331573735e-05	-0.001007466420066576	-2.688780874419807e-05	-2.261868988022368e-05	-4.475542935194065e-05	-0.001384501758640478	0.002206257220871551	3.216766708056377e-05	-0.0001177764006260581	2.551293905569184e-06	2.996113031951575e-05	3.058127518068456e-06	-0.02905112162864691	-0.0341753518595992	-3.286360808560758e-21	-1.269276276439031e-17
9.562666666666667	-0.458410931802479	-0.01732864882515203	-0.003968037078560397	0.09847040923901214	0.9904279641484702	-0.01528268255679005	0.3564931284265357	0.002829795394481042	0.0002393170408445318	0.6284498189610184	0.03005430503030258	-0.003352932631558864	0.09730329167912408	-0.01133434643478812	0.000883695543924761	0.2376835040238796	0.2376835040238796	0.1189108693913495	0.1189108693913495	0.3927346816714486	0.004605616201119478	1.570498203601765	0.192382421573735	-0.002635812263750305	1.570334277149692	-0.0008223679036813169	-0.006131463546511951	0.004427282259157479	0.0003104053799974823	0.000264078932671028	0.002011039669569802	7.332117929936484e-05	5.788221061446442e-05	-1.543105581562095e-05	-0.0001972998158415175	4.19866574113366e-05	2.410503758204079e-05	-4.936160044509285e-05	1.264581694781386e-05	-0.07471140995256295	0.03281179166668344	0.01869391156870918	0.108191364166974	0.00438073423346632	0.01848431100157143	-0.04258887462726467	-0.0005853088902059286	0.0001539781703259753	-0.1315858064100907	0.01683326640844623	-0.0009857818101580733	0.1020129009290645	0.05466765299906032	0.02398882238032707	-0.02398600250879831	-0.02398600250879831	-0.1646549248243438	-0.1646549248243438	-0.09979641166625022	0.00179768966420912	-0.0002297354023215798	-0.08758125287012057	0.002594837578450521	0.0003727088540387989	0.0007423878619424254	0.003051697486485227	0.002727505578373834	-0.0003523190445447018	-0.0002941576498494199	0.002991182702735724	-5.385709391823054e-05	0.0001590742694228493	-3.18712104720722e-06	0.00965157388275565	-6.314774368156845e-05	-6.36700043807619e-05	0.0001065457185993244	0.0004634795518368094	-0.005295918021389469	-0.03329943165482522	-0.02325650191840592	0.004498219229059592	0.00292226206922517	-0.04165932700705176	-0.02570469957170129	-0.001926596449611719	0.0001636398228497573	0.01035794916189845	0.003272798525845359	-0.0005978727892498885	-0.0001465243514707105	-0.1396648767655342	-0.13408826621953	0.01306227954372434	-0.001186392768987525	0.0312109132722755	-0.005825699038786271	-0.0001293981534135517	0.1152403336650829	0.01159732233407033	-0.003909062221215984	0.002009273499592208	-0.000311595617324761	-3.220528811368268e-05	-0.0009027743139837191	-2.392536628922014e-05	-1.981397668659298e-05	-3.42661890719362e-05	0.005527716794961791	0.002124847702035156	-5.889630338233865e-05	-0.0009167986183311767	-3.347309762615907e-05	2.810748931273494e-05	-0.0001606449423105992	-0.02883514273305705	-0.03462085886435332	-1.581607021673348e-18	-1.014106516056826e-17
9.584000000000001	-0.4603889449517997	-0.01660641897018251	-0.003542047905135639	0.1007575230204149	0.9904470665113302	-0.01488161653549147	0.3558081718011514	0.002798603531171299	0.0002281553784789729	0.6264797340924871	0.03043197389965134	-0.003381908782377022	0.1000338621759866	-0.01018303336682041	0.001380690459469506	0.2367364326771814	0.2367364326771814	0.1161235241108867	0.1161235241108867	0.3904901399789467	0.004647469730092646	1.57049161123283	0.1917753454339904	-0.002582988718423485	1.570343701221539	-0.0008068803221474616	-0.006183309864470374	0.004483974596013412	0.0003038161489311205	0.0002656783038457171	0.002049350369618216	7.353237898549776e-05	6.166808977140382e-05	-1.620550881093276e-05	-0.0002004309154294957	4.196745290739294e-05	2.308054596919445e-05	-4.68840109873382e-05	3.074254344851438e-05	-0.1090893340193366	0.03452946677090401	0.02073586008004982	0.1067019077422353	-0.00234248120637357	0.01919284063205317	-0.02556819186598904	-0.001813807765424737	-0.0007519644336177873	-0.05547876171448289	0.01782123463492595	-0.00163714717148227	0.154382620202907	0.05372297395348147	0.02310405556203295	-0.06706264419260065	-0.06706264419260065	-0.09676896816702146	-0.09676896816702146	-0.1123366309161659	0.002024098941229477	-0.0003330476372742672	0.04021529466626983	0.002416265878706872	0.0004470231713660358	0.0006935670968411067	-0.004977386025363845	0.002651709458418724	-0.0002442830188402263	0.0001582844606530448	0.001323861708753769	3.464551522220742e-05	0.0001328274417278914	-3.091457904050172e-05	-0.005067971132310585	2.430145408614925e-05	-1.927664785903408e-05	9.891032565814901e-05	0.0007691389266904057	-0.005947541601111718	-0.03237053175241836	-0.02568826598519576	0.005382929520858695	0.002667761274750725	-0.04195158213537063	-0.02762567151765757	-0.002341454000483755	0.0001851249174736332	0.01096500348187416	0.003278128440373862	-0.0006137724145522369	-0.0001472899990450936	-0.1473029819275097	-0.1363024928284906	0.01305504075809567	0.00419631506498928	0.02987585957209848	-0.005869369790082841	-0.0001285569918469197	0.1243540109363385	0.01192647230093956	-0.006657665779566845	0.001571335932791397	-0.0002171336059221515	-2.569035826316367e-05	-0.0008377034238878769	-2.163022140094775e-05	-1.884717456385499e-05	-2.634960192360294e-05	0.01402494050810003	0.002053582047040836	-0.0001691774443906812	-0.001900191113245921	-7.771621921843396e-05	2.663055978975586e-05	-0.0003648993558985853	-0.0288802593834451	-0.03429223207250292	-4.477122705035404e-18	-4.292182022532686e-18
9.605333333333334	-0.4629955225328227	-0.01587108396946776	-0.003104926818496882	0.1030433484451963	0.9903385742947138	-0.01446049363864872	0.3552340105714121	0.00277481140575498	0.0002263657939052902	0.6259816430286766	0.03078259427518159	-0.003418791277486132	0.1039075437219623	-0.009022751734668533	0.001890785044599926	0.2347257076658618	0.2347257076658618	0.114777355103776	0.114777355103776	0.3878688090388501	0.004687626620551315	1.570486350968629	0.19450563115511	-0.002530205353394036	1.570350629084034	-0.0007934586221100856	-0.00621860945608594	0.004543165690196101	0.0003008845407546555	0.0002586376622210895	0.002098390197173193	7.313489517995038e-05	6.08604711761954e-05	-1.510727174384408e-05	-0.0002054418017825338	4.144289577871566e-05	2.384147656254264e-05	-4.628565982637799e-05	2.566722690096484e-05	-0.1336393254246589	0.03404039908029812	0.01973752843252155	0.1080705807337177	-0.007581257592455046	0.02036464308383895	-0.03220180628554485	0.0001084165373026082	0.001032610463314355	0.006413612782473303	0.01429747011295967	-0.001727001587434772	0.2091795617834267	0.05550845589132569	0.02521691640398413	-0.1237035335670413	-0.1237035335670413	-0.02954464919758744	-0.02954464919758744	-0.135120403628248	0.001638629803474776	-0.0001048505833574936	0.2252964215858853	0.002591070675572036	0.0001386892272843816	0.0005487114716475055	0.004602953081128153	0.002961764077757263	-9.416898616888145e-06	-0.001104158849785359	0.003997038406476038	-0.0001109211712632569	-0.0002715661448410018	0.0001723775723028357	0.009475343873531286	-0.0001105245522503465	0.0001037133274499729	-6.963287172514958e-05	-0.001708899483936603	-0.006599165180833967	-0.0314416318500115	-0.0281200300519856	0.006267639812657798	0.002413260480276281	-0.04224383726368949	-0.02954664346361384	-0.002756311551355792	0.0002066100120975092	0.01157205780184987	0.003283458354902365	-0.0006296720398545854	-0.0001480556466194768	-0.1549410870894851	-0.1385167194374511	0.01304780197246699	0.009579022898966082	0.02854080587192146	-0.005913040541379411	-0.0001277158302802877	0.1334676882075941	0.01225562226780879	-0.009406269337917706	0.001133398365990586	-0.000122671594519542	-1.917542841264467e-05	-0.0007726325337920349	-1.933507651267535e-05	-1.788037244111701e-05	-1.843301477526969e-05	0.02252216422123826	0.001982316392046516	-0.0002794585853990238	-0.002883583608160665	-0.0001219593408107089	2.515363026677678e-05	-0.0005691537694865714	-0.0289798568483458	-0.0347019842884431	-3.981613079947868e-18	5.498856439035129e-19
9.626666666666667	-0.4660309029987008	-0.01512204390610822	-0.002654348464268661	0.1053725538569975	0.9901361933760798	-0.01401563442257116	0.3544047714693015	0.002747246686728545	0.0002316235574139617	0.6267346689022035	0.03110467269192272	-0.003454353167616417	0.1089110067375238	-0.007858242146195481	0.002412523504456764	0.231529755857563	0.231529755857563	0.1149331244949343	0.1149331244949343	0.3847225004354348	0.004727732672992802	1.570482641825499	0.2016212689282669	-0.002481293651221769	1.570352793175255	-0.0007806412018772985	-0.006226263206201566	0.004605039844563948	0.0003059524308770968	0.0002471978950721545	0.002156577405992096	7.20348359427699e-05	5.261901909492586e-05	-1.426144091711687e-05	-0.0001677328815021387	3.95125664493932e-05	2.47964611993505e-05	-4.894150362625279e-05	-2.456365844618176e-05	-0.1472835577386018	0.0360099960461568	0.02218363379513647	0.1102158062355019	-0.01108912748148145	0.02138588528904821	-0.04614963798822141	-0.002330925091325278	-0.0003389428093951684	0.06139584732742653	0.01547474439184529	-0.001470061440567217	0.2547349123111132	0.05387201591622339	0.02392228938066875	-0.1712628623779351	-0.1712628623779351	0.0456802568166263	0.0456802568166263	-0.1579748368922047	0.002071046229063429	-0.000247579419832953	0.4431314889349818	0.002175176025255843	0.0001578192189919665	0.0006322831253276935	-0.0034107327987771	0.002855603807148462	0.0002794071837892345	-7.999099237876517e-05	0.001656014446661942	-7.915423763461187e-07	-0.0003308730972556339	-4.729126315155247e-05	-0.002893738365499109	-4.710198290976648e-05	-3.889387945538881e-06	-0.0001009892127179721	-0.001967459123819748	-0.006867471710591567	-0.03224452610878217	-0.02795360181478053	0.006765386578752556	0.0006015519486865577	-0.04234730715861445	-0.02610863252803617	-0.002335107921182845	0.0001762220976937022	0.01071510196049092	0.003293634422627496	-0.0006136489515026749	-0.0001461947569303671	-0.1581843695900415	-0.1379833919055803	0.01306292350399489	0.01128519652111817	0.02792588463317847	-0.005804737978047663	-0.0001269354051543	0.1316018293878312	0.01202786561270165	-0.009339085925046968	0.001362081182350155	-4.681522569839217e-05	-2.299844965315387e-05	-0.0007672541482315778	-2.02639523823181e-05	-1.710172445196588e-05	-2.332686910992721e-05	0.02305260975835906	0.001933200642834732	-0.0002850424715222115	-0.002955115801941142	-0.0001240399243561185	2.454168670152971e-05	-0.0005754646234970441	-0.02925855919928075	-0.03469070720227325	2.145420718100171e-18	3.719920473577286e-18
9.648	-0.4691241421477891	-0.01434200086620791	-0.002172102271770607	0.1077426203747257	0.9898783587668853	-0.01354611018671642	0.3532389208033428	0.002690790446325881	0.0002204696665702952	0.6284822993185618	0.03142481752114077	-0.003475674360957273	0.1145560654796904	-0.006715350612346639	0.002921121665559545	0.2276170665439468	0.2276170665439468	0.1167917544217312	0.1167917544217312	0.3812083868162384	0.004773846560613689	1.570475587139101	0.2134696144392637	-0.002429684792436874	1.570361357366197	-0.0007673617868896458	-0.006282650989657612	0.004665715864919012	0.0003040539389405837	0.0002504600552096676	0.002177494900022372	7.273495053865857e-05	5.400495302224448e-05	-1.517133975476451e-05	-0.0001989284848227077	4.042912965835753e-05	2.411474554849065e-05	-4.72510333057518e-05	-1.421212159102256e-05	-0.1390635769756215	0.03694692813099615	0.02270638827031854	0.1119013094143765	-0.01278004108250312	0.02267698868795111	-0.06375914039630459	-0.002600163591718853	-0.0005059821322173787	0.09965778867292624	0.01411619628267098	-0.0003919362634257937	0.2693291611526672	0.05348176327030582	0.02398501339579113	-0.1908976746905505	-0.1908976746905505	0.1300985260185448	0.1300985260185448	-0.1696021238577315	0.002201864351543274	-0.0004184952646807868	0.6689877720083753	0.002843929108005985	0.0007386985759489861	0.0005920234799161565	3.413745546365045e-05	0.002849439014058759	-0.0006625152166438771	0.0002741468333191842	0.0005030026450422465	5.784512558697883e-05	0.0006310012934641628	7.777916267687967e-06	0.003015544785940731	0.0001563716232140464	-4.972732451887812e-05	0.0003378340770600911	0.003970702597529718	-0.007135778240349168	-0.03304742036755284	-0.02778717357757545	0.007263133344847315	-0.001210156582903166	-0.04245077705353942	-0.02267062159245849	-0.001913904291009898	0.0001458341832898953	0.009858146119131959	0.003303810490352626	-0.0005976258631507645	-0.0001443338672412574	-0.161427652090598	-0.1374500643737094	0.01307804503552279	0.01299137014327026	0.02731096339443547	-0.005696435414715915	-0.0001261549800283123	0.1297359705680684	0.01180010895759452	-0.009271902512176231	0.001590763998709725	2.904114312275765e-05	-2.682147089366306e-05	-0.0007618757626711209	-2.119282825196084e-05	-1.632307646281474e-05	-2.822072344458473e-05	0.02358305529547987	0.001884084893622949	-0.0002906263576453993	-0.003026647995721619	-0.0001261205079015281	2.392974313628264e-05	-0.0005817754775075167	-0.02956455994241955	-0.03475090050280394	3.920126803072041e-18	6.037751928915879e-18
9.669333333333334	-0.4719136159195216	-0.01355343412032324	-0.00169507695611464	0.1101358017939185	0.9895938579662983	-0.01304741885724301	0.3517666311391799	0.002651995015512301	0.000217946776084294	0.6309281029764275	0.0316919756721745	-0.00349783272297189	0.1202623983562734	-0.005559869581837457	0.003443487836794444	0.2235771093563509	0.2235771093563509	0.1204669766543112	0.1204669766543112	0.3775719992918389	0.004818215981318338	1.570466176187562	0.2300736477028777	-0.002359113038655475	1.570380970958606	-0.0007523079728103242	-0.006282234641725486	0.004732273197853553	0.0002755320988135631	0.0002461780937940845	0.002206892068074527	7.233489692042705e-05	8.517168332685162e-05	-1.318035522578126e-05	-0.0001932480602728182	4.03609557758583e-05	2.274191045114523e-05	-3.338443495886049e-05	0.0001401291850673877	-0.1231782722583798	0.03730204685208798	0.02231843277695596	0.1120305625449054	-0.01394031267442977	0.02400420767334511	-0.07072267809613458	-0.001434543954447997	9.371785533943144e-05	0.1285371823669614	0.01155870390036397	-0.001369305561933914	0.2635222859016159	0.05479057189903725	0.02476722813732965	-0.1841923584827931	-0.1841923584827931	0.2098371935120042	0.2098371935120042	-0.169039561516459	0.002050134170750931	-0.0003942135344209097	0.8818130316635767	0.003259524417090509	0.0007830439068513423	0.0007374971342566412	0.0001210543443004609	0.0032511610673866	-0.001189321787780268	-0.0004535074866336661	0.001948905540689103	-5.614557700262572e-05	0.001363799695408447	0.0001081395894835265	-0.001033521834014089	-9.69432627600847e-05	-4.665891267148797e-05	0.0005885150326291437	0.006228628785318473	-0.008027684521480906	-0.03322562515846284	-0.02599065968048614	0.007622637096682133	0.001110412025111127	-0.04247764688828998	-0.02133037749300495	-0.00113316449135703	0.0001184844808783767	0.009397769912790647	0.003292547112047311	-0.0005732256952253214	-0.000142942307051705	-0.1525205803877132	-0.1350152241588632	0.01322476386424436	0.004479487363504452	0.0294346780529564	-0.005730443383480704	-0.0001297388394109245	0.1190466452182438	0.01257816142626699	-0.006959626834677599	0.002117901359762595	0.0002983860598221535	-3.260311957742148e-05	-0.0006471977760446343	-2.211801740448148e-05	-1.039514969724987e-05	-3.563488506712185e-05	0.01919778406519518	0.001547943593389814	-0.0002369761349429165	-0.002654498172445445	-0.0001058773246581211	1.530835944794952e-05	-0.0004719322510526457	-0.02961079616796017	-0.03442157108751194	-1.962039940517063e-18	6.856336707183286e-18
9.690666666666667	-0.4744108389112013	-0.0127367575847792	-0.001206891371227266	0.1125042919034669	0.9892815068681617	-0.01252496493246531	0.3503726876055487	0.002612617438887299	0.0002169699145286564	0.6339196565657911	0.03194481869123089	-0.003520610934756671	0.1257093465794773	-0.004379924032799036	0.003968487686559211	0.2199141799170013	0.2199141799170013	0.1255478431145607	0.1255478431145607	0.3740928703798347	0.004865259872698357	1.570461735592363	0.2508450050257915	-0.002312484748695818	1.570381240549185	-0.0007393842859406079	-0.006272529879239358	0.004798495008864353	0.0002883851909812761	0.0002405855269008783	0.002247674280141027	7.20121344657383e-05	7.263832766647648e-05	-1.35755084740151e-05	-0.0001811808019913294	3.91011893566265e-05	2.350282621043315e-05	-3.808322328773195e-05	6.934895228379112e-05	-0.1116650663456901	0.03958222091156116	0.02375266351076291	0.1095864991352185	-0.01539100647778411	0.02490473199772739	-0.05641419065895583	-0.002654739761539582	-0.0003610419199957937	0.1508218447508371	0.01277415265979572	-0.0004500471793787517	0.2450118498983804	0.05577531188242198	0.02423192075796624	-0.1555513232924698	-0.1555513232924698	0.2618776723625619	0.2618776723625619	-0.1548591289456842	0.002452595977359368	4.747564234441526e-05	1.059674402567723	0.0005992293747177005	-0.001074801595686084	0.0003923240540156656	0.000904926319901434	0.002817983833708015	0.003216384685987343	0.0001512775697920062	0.001570350521387066	6.509117216911295e-05	-0.003465881765752867	-0.0002159225003464104	0.003614310448278161	4.465982289536909e-05	0.0001503118182904954	-0.001402670923792642	-0.01713444172515811	-0.008919590802612641	-0.03340382994937283	-0.02419414578339683	0.007982140848516952	0.003430980633125421	-0.04250451672304052	-0.01999013339355142	-0.0003524246917041623	9.113477846685811e-05	0.008937393706449337	0.003281283733741997	-0.0005488255272998785	-0.0001415507468621526	-0.1436135086848285	-0.132580383944017	0.01337148269296594	-0.004032395416261355	0.03155839271147731	-0.005764451352245493	-0.0001333226987935367	0.1083573198684192	0.01335621389493947	-0.004647351157178968	0.002645038720815466	0.0005677309765215492	-3.83847682611799e-05	-0.0005325197894181477	-2.304320655700212e-05	-4.467222931685e-06	-4.304904668965898e-05	0.01481251283491048	0.00121180229315668	-0.0001833259122404337	-0.002282348349169272	-8.563414141471402e-05	6.68697575961639e-06	-0.0003620890245977746	-0.02968569031146238	-0.03430976435260253	-5.400526919181643e-18	3.875362058073148e-18
9.712000000000002	-0.4767431099682042	-0.0118824911367827	-0.0007000379985936342	0.1147959387631913	0.9889304628525047	-0.0119816117626944	0.3494653980061718	0.002566973029575172	0.00021726538970494	0.6373605619892365	0.03220390788429368	-0.003542187849363261	0.1306764044622878	-0.003160871718751923	0.004499069678398408	0.2170018092030739	0.2170018092030739	0.1315255001831065	0.1315255001831065	0.3710302500620872	0.00491416934216672	1.570463640517106	0.2750710217179217	-0.002297770293005482	1.570359985659887	-0.0007316724489264234	-0.006281039973394986	0.004861250768341904	0.0003483789915974482	0.0002355239325676203	0.002283796839677298	7.229930069891574e-05	3.78267650539032e-09	-1.697378769018054e-05	-0.000203646751686224	3.903718517612014e-05	2.697040564977739e-05	-6.682710329674597e-05	-0.0002763704697807114	-0.110057288064541	0.04066674928343926	0.02400156009102678	0.1049289792318098	-0.01769124458274415	0.02611910017534039	-0.02649855512673504	-0.001963317301686328	0.0001842458478983766	0.1725520530245485	0.01181066481626397	-0.001268601528862031	0.2215896948064206	0.05778898085587334	0.02534426053793018	-0.1183576262317854	-0.1183576262317854	0.2933528025983255	0.2933528025983255	-0.1315252149575811	0.002167342150949622	-5.996769179732844e-05	1.205701928609943	0.001493680247534939	-0.0003872493251485167	0.0004338320579331258	-0.000734134865465798	0.00312096607861123	0.00130029258892468	-0.0004287054269149684	0.001663904497706993	-2.066269541961439e-05	-0.001884644018930871	-5.484238663793744e-05	-0.002812007778272005	-2.600697869005949e-05	0.000103701911779574	-0.0007075183988820833	-0.008621249198333489	-0.01030349494136919	-0.03408432306356653	-0.02332959170456394	0.009096909736327317	0.002915816836682086	-0.04238934408302614	-0.02414962745967315	-0.0008771660099564132	0.0001248003578098648	0.009996994052470613	0.003250208400013083	-0.0005563692986308677	-0.0001416597596571983	-0.1303790940228631	-0.1342142488189955	0.0141304566865602	-0.01646780804402675	0.03485229374562249	-0.006399747435550324	-0.0001372658829758331	0.09946981150142861	0.01144330928195119	-0.003308407956136268	0.002818855526923073	0.0005922446330106215	-4.043121724415693e-05	-0.0004928478848433272	-2.384506566048678e-05	-7.166293734989598e-06	-4.099980340351687e-05	0.01351291151514429	0.001421324823192733	-0.0001524558946138116	-0.002186375372223229	-6.108122397761885e-05	1.626242615680931e-05	-0.0002475231776320372	-0.02942225324095922	-0.03381142430085881	-4.280611259431117e-18	-6.193252292105834e-18
9.733333333333334	-0.4792376860954469	-0.01099475267901838	-0.0001727247575349097	0.1169673346554534	0.9885193471166771	-0.01140694583135019	0.3493336304974595	0.002514389769899548	0.0002161058709243627	0.6413155421061406	0.03246133583011891	-0.0035617592864467	0.1352039412673812	-0.001945060282302853	0.005042765237445737	0.2148269555404528	0.2148269555404528	0.1378434346829045	0.1378434346829045	0.3685125438060947	0.004959212620073281	1.570451024277766	0.3020402773415444	-0.002218314737012891	1.570387356629213	-0.0007164721387490506	-0.006262525488154137	0.004934028386567183	0.0002966007027069571	0.0002307035507816247	0.002312172181379462	7.187747620310359e-05	5.447592933879961e-05	-1.38749686172377e-05	-0.0001770644211644281	3.904342967396928e-05	2.489504250530787e-05	-4.332989937143481e-05	-1.452280465609066e-05	-0.1268811666806674	0.04272022182729336	0.02567077617561537	0.0983129709356322	-0.02102273024377251	0.0278403033952235	0.01629100534085896	-0.003305256983117403	-0.0004974476034515133	0.1990163472625991	0.01261841073127394	-0.0002620336615834463	0.2038067488623978	0.05547147960760531	0.02546131768372851	-0.08640909973251505	-0.08640909973251505	0.2937786815424616	0.2937786815424616	-0.1037734356561642	0.002090140518440563	-0.001313883490443248	1.316853052395136	0.006668707528053981	0.003483872650263461	0.00109436841306454	0.003438480638320932	0.003757533091307369	-0.007262248705262184	0.0001738912460978569	0.0008440488494397251	-1.376708673661355e-06	0.00845037057664683	0.0003931804642574819	0.008212586718592828	5.124563649119698e-05	-0.0003693390489420372	0.003494930695050272	0.03982497269882136	-0.01168739908012574	-0.03476481617776023	-0.02246503762573105	0.01021167862413768	0.002400653040238751	-0.04227417144301176	-0.02830912152579489	-0.001401907328208664	0.0001584659371528715	0.01105659439849189	0.003219133066284169	-0.0005639130699618569	-0.0001417687724522441	-0.1171446793608976	-0.1358481136939741	0.01488943068015446	-0.02890322067179214	0.03814619477976765	-0.007035043518855154	-0.0001412090671581294	0.09058230313443799	0.009530404668962917	-0.001969464755093569	0.00299267233303068	0.0006167582894996937	-4.247766622713397e-05	-0.0004531759802685067	-2.464692476397144e-05	-9.865364538294194e-06	-3.895056011737476e-05	0.0122133101953781	0.001630847353228785	-0.0001215858769871895	-0.002090402395277185	-3.65283065405237e-05	2.583787655400222e-05	-0.0001329573306662998	-0.029210457449305	-0.03387517934959802	-4.319885197850998e-18	-5.704955847105378e-18
9.754666666666667	-0.4821771092783583	-0.01007530923081707	0.0003853600373108801	0.1189924008921943	0.9880372797819138	-0.01078956884635674	0.3501123242448041	0.002444096872572384	0.0002017747179347076	0.645802486051417	0.03271694139277167	-0.003580777316428128	0.1393275069147981	-0.0007768613287924301	0.005565847816716396	0.2132398575422801	0.2132398575422801	0.1439805974555315	0.1439805974555315	0.366633093576742	0.005009078030787396	1.570433964127363	0.3308602256495969	-0.002106391772944327	1.570427166798611	-0.000697811294914801	-0.006278711740728272	0.00501427544827664	0.0002433729434987975	0.0002349377294723503	0.002324980001844685	7.075825907993024e-05	0.0001445438000933883	-9.740376903385568e-06	-0.0001832226846904617	3.400479227851508e-05	1.943458996340137e-05	-6.322464940203522e-06	0.0004026604886108181	-0.1456452369078828	0.0432669537492535	0.0262268906788351	0.09192723226642224	-0.02375037010340461	0.0301478355352059	0.05141809802100814	-0.002914763697897271	-0.0004834630448899242	0.2165900978795567	0.01083739006802487	-0.001159975693461183	0.1789884852852753	0.05428978211915238	0.02390213233846592	-0.06481199341672161	-0.06481199341672161	0.2791479345107271	0.2791479345107271	-0.07197267464328078	0.002477219052830743	-0.0003118538760711705	1.37992285910912	0.003612399445960506	0.0002809252547308819	0.000605219927259494	-0.002643428002297596	0.0035394930502976	0.001855025750587482	3.866294017322326e-05	0.0007881545413932507	-5.021353290818701e-05	-4.220664461876598e-06	-6.665874222570033e-07	-0.004437226103319432	-0.0002067754094308465	-0.0001124706071074233	3.532678039609837e-06	-0.0004003073441159445	-0.01329000983370045	-0.03466703297234376	-0.02115731021749334	0.01167185331431655	0.003005086486000486	-0.04189862606749395	-0.02995925383025773	-0.0018433251118112	0.0001724447964199017	0.01154846913298464	0.00323515482583359	-0.0005814910909410037	-0.000142953303590923	-0.1156272448393603	-0.1382046695058168	0.01567684368403003	-0.03361018058968419	0.03940350425825608	-0.007454225990634169	-0.0001418219988368677	0.08810493687179957	0.009014427872002208	-0.0006455493082724456	0.003202526421984975	0.0007256355461465538	-4.700942350113237e-05	-0.0003563985580009878	-2.615052520786439e-05	-1.302572610166104e-05	-4.084355393051921e-05	0.009819437562934722	0.001339023309943492	-9.116183658942738e-05	-0.00193126561180714	-2.427555722393362e-05	1.835987272298164e-05	-6.315398174338758e-05	-0.02932433377328855	-0.03346703982088756	-6.654354540647787e-18	1.568602397234583e-17
9.776	-0.4853219833583153	-0.009157683620589618	0.0009282505178353587	0.1209062136218109	0.9875239483831721	-0.01011598552745695	0.3513016161004172	0.002405810559041307	0.0002109505386384468	0.6503414854939604	0.03290208972318025	-0.003595851861923901	0.1426791173735185	0.0003816551077474277	0.006076433101084524	0.2119579358396629	0.2119579358396629	0.1496499644164559	0.1496499644164559	0.3654610098992828	0.005060319665178503	1.570436594319691	0.3606996316555001	-0.002073216986034891	1.570400733473102	-0.0006927770280024878	-0.006276644493485297	0.005075398291917185	0.0003579513254985451	0.000224485433413679	0.00236420950462689	7.201071698422225e-05	5.439342755661983e-05	-1.369451779102673e-05	-0.0001806709612169241	4.373962480797864e-05	2.138089477824082e-05	-4.194113891483896e-05	-1.821670260528615e-05	-0.1461421882786873	0.04254979951724456	0.02424630920799242	0.08788295464272464	-0.02395373624174376	0.03310964719894427	0.05478457799103116	-0.00030463975223414	0.001706331180304268	0.2038965501313807	0.006013045208380609	0.0001076680089466398	0.1314359499220928	0.05456374364161478	0.02428969628661605	-0.05779882202418676	-0.05779882202418676	0.2499228241953472	0.2499228241953472	-0.03745782141615735	0.002219161488158685	0.00053208614052574	1.412427211568632	-0.0007139340806143265	-0.002726454997280499	-0.0001831231733670316	0.00514974624617503	0.001964637647346701	0.008469577032979547	-0.001202965761658143	0.003321081566656924	0.0002209678251512209	-0.008445089731918353	-0.000365138217132535	0.009029147999802646	0.001436258441952274	0.0003250444532529134	-0.003313766967999915	-0.03874319772146322	-0.01489262058727515	-0.0345692497669273	-0.01984958280925564	0.01313202800449542	0.003609519931762221	-0.04152308069197614	-0.03160938613472057	-0.002284742895413736	0.0001864236556869318	0.01204034386747738	0.003251176585383011	-0.0005990691119201504	-0.0001441378347296018	-0.1141098103178229	-0.1405612253176596	0.0164642566879056	-0.03831714050757624	0.04066081373674451	-0.007873408462413186	-0.0001424349305156059	0.08562757060916114	0.008498451075041498	0.0006783661385486776	0.003412380510939271	0.000834512802793414	-5.154118077513077e-05	-0.0002596211357334688	-2.765412565175733e-05	-1.618608766502788e-05	-4.273654774366367e-05	0.007425564930491346	0.0010471992666582	-6.073779619166528e-05	-0.001772128828337094	-1.202280790734355e-05	1.088186889196105e-05	6.649367179524652e-06	-0.0294357809042485	-0.03367788160680961	-7.14131609238417e-18	2.669510996858379e-17
9.797333333333334	-0.4882119780242372	-0.008212448027790739	0.001487459681464442	0.1227449282111938	0.9870416794187499	-0.009382310221157819	0.3522224967861347	0.002358725044839701	0.0002199879958554587	0.6543479471065125	0.03306491862870829	-0.003595565297507297	0.1446463515126347	0.001493213080829969	0.006566704454631376	0.2107596854318289	0.2107596854318289	0.1547359622466127	0.1547359622466127	0.3651267038184212	0.005094883274601541	1.57043959422241	0.3910779895105456	-0.002059280028820862	1.570387051406016	-0.0006849838767998949	-0.00629101758275594	0.005154199932818697	0.0004058211171655573	0.0002137787695255306	0.002390784032652785	6.971699680768402e-05	1.105152251662129e-08	-1.530602655712165e-05	-0.0001662227233687224	1.83999095355813e-05	3.793779994931646e-05	-6.179591989605999e-05	-0.000265585581088908	-0.1141478725721678	0.0460915009839902	0.02790755299814338	0.08464236563851796	-0.02033175302051382	0.03561525299910962	0.02049648141434392	-0.003642412464109984	-0.000484800190109345	0.1616639240146123	0.009008845532443674	-0.0002194774740904506	0.03831541704205282	0.05053936863898692	0.0221815771100254	-0.05467052915140171	-0.05467052915140171	0.2291068046028807	0.2291068046028807	0.01021703801859876	0.001437724289230179	-0.0003086629662691855	1.431852843419156	0.001769610915768293	0.0009501226175083711	0.0007386196183982779	-0.004100371668502316	0.004361798041548452	-0.002354636760225307	1.92276410956122e-05	-4.872565012582378e-05	-0.0002107453318470553	0.00187389183302703	0.0001270399488378081	-0.003803593974805824	-0.001966114162362026	0.0006598056985908447	0.0008360104396528733	0.008791664330299901	-0.01524613459955027	-0.03425581633669079	-0.01817365743315287	0.01421698403822642	0.003887932632685116	-0.04034078308781544	-0.02998469688359575	-0.0008969404712739854	0.0001272579545097199	0.01168826819822166	0.003259626708847677	-0.0005729588847077667	-0.0001442023825625002	-0.1107873550334199	-0.1371976230804818	0.01643352587193276	-0.04183306854024547	0.04131774337078691	-0.007591791683865805	-0.0001401003813914463	0.07752338933273425	0.01060308013547869	0.00352317060397329	0.003998469904569058	0.002138562730339612	-5.773906963025862e-05	0.0005618213026078475	-2.699646181883728e-05	-8.073126466416105e-07	-5.266654058952016e-05	0.0007009783480215117	0.001093371007444088	1.44181934268241e-05	-0.0007122719064360902	6.083626591017197e-06	8.44076009451436e-06	9.723614252703332e-05	-0.02958208200670125	-0.03379285397385948	-3.74081333376274e-18	1.585896104513595e-17
9.818666666666667	-0.4897380231873438	-0.007190026461748787	0.002107367578701653	0.124523843196856	0.9866960219034628	-0.008598840216241105	0.3517046017658551	0.002270335456148349	0.0002062345572407178	0.6568105466986052	0.03327608551539423	-0.00361113302899765	0.1436876969346517	0.002576169067986474	0.007044535975181607	0.2096196359103806	0.2096196359103806	0.1595197942542767	0.1595197942542767	0.3660718877532267	0.005139435256995435	1.570420957811023	0.4216345372340171	-0.00200841920418499	1.570420210124924	-0.0006687340141065326	-0.006349328012278126	0.005216223034143403	0.0003269117753650668	0.0002176263085090164	0.0023954529505566	7.262995657921171e-05	7.150453954948656e-05	-1.198697102347565e-05	-0.0001777936171349137	3.860377089930391e-05	2.532525704581564e-05	-3.256984810757371e-05	6.843773139901543e-05	-0.01827192238977126	0.04978598450878238	0.02993681548375426	0.08227674179391145	-0.0111464128853139	0.03777790019434241	-0.08010064444619965	-0.004176896735647759	-0.0004303153039225189	0.05915948571331744	0.0105447309419347	-0.001378672232330607	-0.1428661173059458	0.05188230746104892	0.02312346194318265	-0.05234248892552585	-0.05234248892552585	0.2215947783366549	0.2215947783366549	0.08249436755263317	0.00315557145417651	-0.00149631830696987	1.429132511733565	0.00274767849018337	0.001664868689781708	0.0006096935288925767	0.001030620597592799	0.0003916495620212469	-0.00341596672959864	0.0001614907575575389	0.001267430617711804	0.0007090940702823924	0.003355772523807081	9.710218596816882e-05	0.006589854410953351	0.005705968751588456	-0.00240959130373859	0.001287562979160078	0.01576232018211835	-0.01559964861182538	-0.03394238290645429	-0.01649773205705009	0.01530194007195741	0.004166345333608012	-0.03915848548365475	-0.02836000763247092	0.0004908619528657653	6.809225333250786e-05	0.01133619252896595	0.003268076832312341	-0.0005468486574953829	-0.0001442669303953986	-0.1074648997490169	-0.1338340208433039	0.01640279505595993	-0.0453489965729147	0.04197467300482931	-0.007310174905318424	-0.0001377658322672866	0.06941920805630734	0.01270770919591588	0.006367975069397902	0.004584559298198845	0.00344261265788581	-6.393695848538648e-05	0.001383263740949164	-2.633879798591722e-05	1.457146237174466e-05	-6.259653343537666e-05	-0.006023608234448322	0.001139542748229976	8.957418304531348e-05	0.0003475850154649131	2.419006108937794e-05	5.999651297067663e-06	0.000187822917874542	-0.02979400376860844	-0.033690611704972	-1.823539103045519e-18	5.209227535128241e-18
9.840000000000002	-0.4888734667537206	-0.00610181849419064	0.002749565874900299	0.1262634670337107	0.9865743893848841	-0.007767896184651413	0.3486981891341454	0.00219955876988425	0.0002100674262709757	0.6567546799948918	0.03348908499603034	-0.003639268022294807	0.1383881864921394	0.003736299984467983	0.00756148246231418	0.2085586194318838	0.2085586194318838	0.1642353475498065	0.1642353475498065	0.3687207732749823	0.005192727177538161	1.570410943480355	0.4518279800038945	-0.001958925358693304	1.570432936581839	-0.000660658517215813	-0.006392091224071262	0.00530158724982867	0.0003156192399240462	0.0002160956739773219	0.00242115338829084	6.75137497482414e-05	8.331546468579695e-05	-1.281322544905541e-05	-0.0001693961556674915	4.556053413579949e-05	6.363457718484064e-06	-2.755786789327077e-05	0.0001296031344639059	0.0945578089391659	0.05212926895630715	0.03052550004456973	0.08101704752367635	-0.0007100890864396253	0.04029740325021344	-0.196132303564341	-0.002808775195683109	0.0004477678315245963	-0.05960230451524855	0.009337970997024252	-0.0008834741211069828	-0.3473484410371039	0.05628250964185477	0.02480977542056572	-0.04562357827728503	-0.04562357827728503	0.2203422059612885	0.2203422059612885	0.1635934520172715	0.002372814537248218	0.0001491002582189844	1.396263890990808	0.001987578337727942	-0.0001755310035578312	0.0002595607887587523	-0.003540916674123334	0.005902752551550159	0.001426256165722721	-0.0002675196333301459	0.0009877381782155299	-0.0006156234631367572	-0.001341737758090957	-0.0001006982377204835	-0.002825182490105245	-0.002612956865278893	0.0003872391011395838	-0.0004736029526915046	-0.005971643573558242	-0.01618040533219564	-0.0340008504117183	-0.01363342905273027	0.01564699555780644	-0.0003367105002550267	-0.03791554305570462	-0.02772245883985288	-0.00107647701417461	0.0001324518891194243	0.01117950768478482	0.003270511018065759	-0.0005753240163676422	-0.0001431030814954361	-0.1093163303935849	-0.1354454937842675	0.01699826013164133	-0.0463302238152459	0.04194300012867049	-0.007658451081506134	-0.0001378004437513064	0.07140561401452941	0.01285826731880357	0.008195024749099519	0.005441197769738245	0.006535451047507347	-8.063848431939931e-05	0.003767148529975261	-2.771280230946578e-05	6.165732491662048e-06	-6.12631398642545e-05	-0.007640750175079787	0.001240057798868144	0.0001118087737755882	0.0006500368854791161	3.397411721455295e-05	9.610567727778715e-06	0.0002329629225247438	-0.02979125339448283	-0.03358932588747705	-3.227407010895978e-18	-5.023097549135948e-18
9.861333333333334	-0.4859069179143245	-0.00497029204200169	0.003420721191683926	0.127989276887998	0.986646377425962	-0.006872047523622973	0.3435760015588321	0.002135545790452146	0.0002107524831090909	0.6544720882519254	0.03367083630478508	-0.003632806196056256	0.1291497173978138	0.004952064676503572	0.00808045190544876	0.2077372102838837	0.2077372102838837	0.1689148265232185	0.1689148265232185	0.3729560799205909	0.005263385464047917	1.570409895441298	0.4809849386863581	-0.001919553619084457	1.570425360049059	-0.0006528732237959132	-0.006436460242466816	0.005395178103780867	0.0003480411961412792	0.0002078107769140768	0.002431015230516403	7.081626204747142e-05	5.294551132958587e-05	-1.313184300532943e-05	-0.0001712985806262398	3.125906551729717e-05	3.140762869287224e-05	-3.809586715029699e-05	-1.327847136713116e-05	0.1787898656514384	0.05384709244291998	0.03265153616359624	0.08098168092822089	0.007005514582510836	0.043862709204225	-0.2784545454090261	-0.003542799220148159	-0.0007254226969359056	-0.1495959867166552	0.007615214828055232	0.001864779599142126	-0.5121434909134498	0.05709797391924389	0.02331311406837078	-0.02987930169145237	-0.02987930169145237	0.2182128106381055	0.2182128106381055	0.2312213479138563	0.004783668263585557	-0.0006557284684606014	1.331962128538534	0.001798731063667102	-0.0002385365940815854	0.0005824869535032309	0.0008800762286161434	0.00116289689954608	0.0006822668633625705	-0.0004717213547753145	-0.0002174377112266289	0.001498348988738661	-0.0005986848348667483	0.0001446931424655805	0.005624240058499885	0.003713009515182432	0.001715968412047576	-0.0001702475962770095	-0.003367086901874575	-0.01676116205256591	-0.03405931791698232	-0.01076912604841044	0.01599205104365546	-0.004839766334118065	-0.03667260062775449	-0.02708491004723485	-0.002643815981214985	0.0001968115249063408	0.01102282284060368	0.003272945203819176	-0.0006037993752399017	-0.0001419392325954735	-0.1111677610381529	-0.1370569667252312	0.01759372520732273	-0.04731145105757711	0.04191132725251167	-0.008006727257693844	-0.0001378350552353261	0.07339201997275149	0.01300882544169126	0.01002207442880114	0.006297836241277645	0.009628289437128885	-9.734001015341213e-05	0.006151033319001359	-2.908680663301435e-05	-2.239997388420563e-06	-5.992974629313233e-05	-0.009257892115711252	0.001340572849506312	0.0001340433645058629	0.0009524887554933191	4.375817333972795e-05	1.322148415848977e-05	0.0002781029271749456	-0.02984579166020993	-0.03349146057753296	-3.408342002335673e-18	-1.082336118646653e-17
9.882666666666667	-0.4816726232281361	-0.003806181894644352	0.004112559056551646	0.1297374466135331	0.9868372197052836	-0.005891035439636988	0.3372363741312597	0.002053608590722505	0.0002024861114640908	0.6507619519089022	0.03379570125269372	-0.003625754559202463	0.117163793057937	0.006172693283189989	0.008591194525257658	0.2072782370860499	0.2072782370860499	0.1735027369836152	0.1735027369836152	0.3783791442478456	0.005330532765076469	1.570397807883302	0.5083630743949605	-0.001874652389114072	1.570430566744917	-0.000638113853920016	-0.006457668057397422	0.005480279114656509	0.0003508482181652004	0.0002065968377642513	0.002436993738324817	7.477309541125961e-05	5.161237442805306e-05	-9.2541467981883e-06	-0.0001685171946604495	3.949238070569969e-05	1.933176315942773e-05	-3.745229599353971e-05	-2.082711079982502e-05	0.1995082406248694	0.05528094755027749	0.03218792556779994	0.08357529053564601	0.009418762156198718	0.04817374201260622	-0.298180742108774	-0.0039156269070551	-2.552669371602218e-05	-0.1812981836302297	0.004259107005923761	-0.0005551418664407854	-0.5841793117653904	0.05722133536372467	0.02428284981658967	-0.01452290666685563	-0.01452290666685563	0.2082870041723575	0.2082870041723575	0.2681948782245125	0.001674418469273595	-0.000448592980997508	1.225176368599413	0.002314697226215167	0.000537221744625922	0.0006726630032675906	-0.001795338245497368	0.005302400784044137	-0.0002614505119205185	0.0001225979870947434	0.0006058990657694164	-0.0005529116522413915	0.0003117065481014135	0.0001291420594263343	-0.002625779025706596	-0.001554136977776725	-0.001461406889183467	0.0001702578112202372	0.001760516264426209	-0.0162170453300288	-0.03256450847261247	-0.008461823232100943	0.01551397511570174	-0.001293481389912857	-0.03448169797501651	-0.0297578593661172	-0.002054031015971043	0.0001761427118369063	0.01171602358324985	0.003265234718258317	-0.0005923676658416859	-0.0001431904255752286	-0.1152728735054204	-0.1285814527781327	0.01684306506612663	-0.04718191627041307	0.0416256981796091	-0.007215324762105398	-0.0001405799748687137	0.08564765959382666	0.02194516504664924	0.01489915294543025	0.007651439420556599	0.01908113745757514	-0.0001249592919929963	0.01357944156941511	-2.851873286250009e-05	-1.221471734756662e-05	-4.814391755204383e-05	-0.008994042251838801	0.001437184387860052	0.000130688009080277	0.001011311854047456	4.239972735811445e-05	1.566396347553572e-05	0.0002727367381660185	-0.02976442162777112	-0.03335779629633723	-6.709143523417175e-19	-6.047114552710639e-18
9.904	-0.4781910258579621	-0.002611949162909633	0.004793204923645304	0.131583574497837	0.9869856446348587	-0.004813794281777744	0.3316090273383888	0.001978001659909032	0.0002106883234227263	0.6474590931876623	0.03385973614365302	-0.003628820919844308	0.1053919912077021	0.007388617754683284	0.00910431081081255	0.2070589648341452	0.2070589648341452	0.1776474222915646	0.1776474222915646	0.3840152297310542	0.005341783148558029	1.570391987990918	0.532851163456738	-0.001824891850279182	1.57044019862649	-0.0006296573503378649	-0.00646728126060588	0.005556862528230685	0.0003436127171985126	0.0002030014506083837	0.002449527243882734	7.173669112056893e-05	5.933313141938978e-05	-1.144893135098244e-05	-0.0001665230255203688	2.412785530785634e-05	2.821902186369237e-05	-3.340538266101848e-05	2.348443311469875e-05	0.108224492275074	0.05667108472829955	0.03160228637227796	0.09016525831280678	0.00302888804379289	0.05288418487984328	-0.2116782359057649	-0.002949336509257341	0.0008185070159049646	-0.1114137096744525	0.00191239698905477	0.0009162173339260798	-0.4920695075095365	0.05665696124488869	0.02353564523205738	-0.007407338010613086	-0.007407338010613086	0.1766604525961711	0.1766604525961711	0.2511920812845372	-0.0004566677564450947	-6.81348172527617e-05	1.061020255398689	0.002254291269714491	0.0001763245668041686	-8.406761535467745e-06	0.001967071077567412	0.0003643721525336072	-0.0002592196670070555	-0.0006949821053417669	0.0003970933277892565	0.0008427329586312474	0.0002501177175897941	-0.0004246019287783668	0.005550438481089616	0.001500711960221824	0.00368126130933286	0.0001488157327008688	0.001494805286927209	-0.01567292860749169	-0.03106969902824263	-0.006154520415791443	0.01503589918774803	0.002252803554292351	-0.03229079532227853	-0.03243080868499956	-0.001464246050727101	0.0001554738987674717	0.012409224325896	0.003257524232697458	-0.0005809359564434702	-0.0001444416185549836	-0.1193779859726878	-0.1201059388310343	0.01609240492493053	-0.04705238148324904	0.04134006910670653	-0.006423922266516951	-0.0001433248945021012	0.0979032992149018	0.03088150465160722	0.01977623146205938	0.009005042599835552	0.02853398547802139	-0.0001525785738325804	0.02100784981982886	-2.795065909198583e-05	-2.218943730671267e-05	-3.635808881095533e-05	-0.008730192387966349	0.001533795926213792	0.0001273326536546911	0.001070134952601592	4.104128137650096e-05	1.810644279258168e-05	0.0002673705491570914	-0.02972801944275263	-0.03338808951505715	1.156871747675683e-18	-1.877686211418168e-18
9.925333333333334	-0.4773471667878094	-0.00137788095714958	0.005490365739216751	0.1336029719318345	0.9869485365073687	-0.003636370661833895	0.3284381359179336	0.001903020720364167	0.0002111532002735249	0.6462864440226656	0.03391095595473815	-0.00360670504313173	0.09663554319837341	0.008571647389329511	0.009573662156004357	0.2068727587415385	0.2068727587415385	0.1810307180630414	0.1810307180630414	0.3888986236790297	0.005289277474054273	1.570389968604583	0.5534858859780517	-0.00177828454618795	1.570443716264438	-0.0006259635211362932	-0.006491053224579265	0.00554144028313867	0.0003440263608066938	0.0001935870217123795	0.002440663285003742	6.71812652915575e-05	5.999399373497804e-05	-1.5943632876455e-05	-0.0001684033310298094	6.37426194895227e-05	2.059734038474462e-05	-3.2123613689369e-05	2.770669725136439e-05	-0.02487357466032769	0.05886896154431737	0.03324235902517376	0.09946809770476533	-0.005999248857854405	0.05753429719320474	-0.09159210461768165	-0.003924133622657836	-0.0003497409137378071	-0.003885925157165636	0.002386689421260924	0.0009537028421641365	-0.3327953440044165	0.05460332124199706	0.02101384873281681	-0.01283317991884175	-0.01283317991884175	0.1394153637829258	0.1394153637829258	0.2071162618655686	-0.004341897969032576	-0.0001252919798903289	0.8753991554190345	0.002181507043130357	0.0001680802939452755	0.0003533704377031779	-0.002557858363963784	-0.001341896435806451	0.0002482931789650215	-0.0002356934962724221	-0.0006741889612454382	-0.0007604594519232438	-0.000130211494927151	-2.056744071605903e-05	-0.002840917553800634	0.001134521992106573	-0.002267118873042924	-4.694114855837779e-06	-0.0006905722265603837	-0.0140811454499182	-0.02888977440584651	-0.003473464775211728	0.01331489950668344	0.003526432376870767	-0.02959309530341121	-0.03275163806588438	-0.001927557177063825	0.0001632676173561568	0.01239384108618674	0.003300021386571335	-0.0006064558515292358	-0.0001465458749017462	-0.115052658455109	-0.1036928643555766	0.01406077720942599	-0.04864629293418257	0.04119811217629478	-0.004816220098039814	-0.0001433594600568625	0.0959806593226752	0.04869722961809447	0.02874730605614204	0.006895718635396929	0.04369988330937376	-0.0001331649085259829	0.03369826160744861	-2.490196645206032e-05	-1.369653444540231e-05	-3.171529640030158e-05	-0.006732019231653184	0.001362691562081665	0.000100653270834664	0.0007885280379644848	3.02127439738182e-05	1.448366034345204e-05	0.0002217559076370753	-0.02983730381447919	-0.0334466315204542	6.672377084665915e-19	7.458002895507438e-19
9.946666666666667	-0.4790714288391846	-0.0001067709857605372	0.006189607183391602	0.1358409801206669	0.9867513737988169	-0.002357503512859582	0.3274451286941876	0.001817227657893371	0.000213907224059184	0.6470644392881281	0.03394011666812646	-0.003596809844582436	0.09102428156956549	0.009733346308530812	0.01002427471848018	0.2063926447630447	0.2063926447630447	0.1835485295592373	0.1835485295592373	0.3928731037531548	0.005161812728940614	1.570386466868437	0.5702831988642532	-0.001728982704789161	1.570447994107966	-0.00061463707828566	-0.006506535619127707	0.005519589557918028	0.0003520857882451689	0.0001908940846825715	0.002444394936691432	6.10224607740973e-05	5.624999054041774e-05	-1.334156248473988e-05	-0.0001646080595471039	2.651171887708525e-05	2.231208647802201e-05	-3.258355175341072e-05	1.144490547711107e-05	-0.1325368628681682	0.06014375025601733	0.03179734530384713	0.1106600165785787	-0.01197622893073977	0.06239451572644911	-0.007501592464293541	-0.003962973033563366	0.00103311454104812	0.07145920568111098	-0.0001556434200221344	-0.0002294712438818658	-0.1972082843357214	0.054657206671927	0.02177888435243432	-0.03496120231252335	-0.03496120231252335	0.09552130178858219	0.09552130178858219	0.1659814056110684	-0.007484080626123156	-0.0002071051120938955	0.7012631021069102	0.002506904142298083	0.0002475938399019326	0.0007071507680640376	0.00274421821115587	-0.0002382978595251672	0.000457572567082994	-6.484224288586588e-05	0.001577931818415743	0.000692416206589177	-0.0001628384239866268	0.0002407204384579675	0.006082523824103295	-0.005703569114225303	0.004556551394228954	-1.446930189517813e-05	-0.0004255749547214154	-0.01248936229234472	-0.02670984978345039	-0.0007924091346320129	0.01159389982561885	0.004800061199449182	-0.0268953952845439	-0.0330724674467692	-0.002390868303400549	0.0001710613359448419	0.01237845784647747	0.003342518540445212	-0.0006319757466150014	-0.0001486501312485088	-0.1107273309375302	-0.08727978988011892	0.01202914949392144	-0.0502402043851161	0.04105615524588302	-0.003208517929562676	-0.0001433940256116238	0.09405801943044861	0.06651295458458172	0.0377183806502247	0.004786394670958306	0.05886578114072614	-0.0001137512432193854	0.04638867339506835	-2.185327381213482e-05	-5.203631584091946e-06	-2.707250398964784e-05	-0.00473384607534002	0.001191587197949538	7.397388801463679e-05	0.000506921123327377	1.938420657113544e-05	1.08608778943224e-05	0.0001761412661170592	-0.03007396643925927	-0.03339628895242468	4.532882909566062e-19	2.696828869759032e-18
9.968	-0.4828325448110589	0.001186296223979689	0.00690296020434326	0.1383230355064511	0.9864571473260991	-0.0009806390761600283	0.3279352365393544	0.001716841598199245	0.0001991077371084647	0.6492233851810993	0.03394498907952535	-0.003574260203930107	0.08801629908194644	0.01090304427823527	0.01045948988931529	0.205349122812497	0.205349122812497	0.1852095196013246	0.1852095196013246	0.3959907494837192	0.004974980213098406	1.570345441380916	0.5835024601727157	-0.001663589977901435	1.570460324181104	-0.0005881437109221098	-0.006527298527064526	0.005454088141431829	0.0003653492262364782	0.0002063090381558577	0.002437742247897493	0.0001073644120853696	5.523054670326287e-05	-2.119222254521917e-06	-0.0001637066432535978	2.352085414166984e-05	5.248045928433819e-05	-3.159676419890765e-05	1.052290871390507e-05	-0.2123902411041823	0.06144121283426972	0.03423330642299482	0.1220215864404802	-0.01492230210560349	0.06682950870953105	0.04607983047048736	-0.004872233925268239	-0.001273347465596205	0.123521610719311	0.0002184430619029581	0.001767286034786174	-0.09423841065437452	0.05423124091081281	0.01924927471255145	-0.06271157428869313	-0.06271157428869313	0.06114510070995119	0.06114510070995119	0.1287740061945922	-0.009639749097800439	-0.002248410983500983	0.5405121456145827	0.00317354102133779	0.0006231970644235374	0.001153855885602815	-0.003048201065167375	-0.005010427874309164	0.0005754249327601679	0.0007519640681939939	-0.001234964048701862	0.002065759549108292	3.344392074816576e-05	0.0004525922249018584	-0.002757641703671175	0.00278783194976271	-0.00117449789161089	8.124898235815343e-05	0.000230084620233063	-0.009712273327910264	-0.02396152747319611	7.169096963043629e-05	0.009343121496915768	0.00606544534523838	-0.02338135465307964	-0.03166800686117505	-0.0009657401438565815	0.000113177188532163	0.01196656089654062	0.003349467183521705	-0.0006011650485572661	-0.000148880501287822	-0.0944311635090017	-0.0689801463375796	0.00964803426715813	-0.05520522962553679	0.04134420126574882	-0.001661843655505852	-0.000141946823936222	0.07801570197363161	0.08070973703027925	0.0442910649592021	-0.004400663552732395	0.06438187380080082	9.081924692346653e-06	0.05321641770628202	-2.030557868493448e-05	-4.967924377541447e-06	-2.138291649575253e-05	-0.004303223437983482	0.001060031920921701	6.714829660818643e-05	0.0004271755083577859	1.659323520267923e-05	8.771572105324248e-06	0.0001648250498246807	-0.03013907801276057	-0.03371343516857409	9.905794675764817e-19	2.815409615895446e-18
9.989333333333335	-0.4878058383416198	0.002530077014726429	0.007614123980644735	0.1410467613278038	0.9861439241422983	0.0004999894878841379	0.329096774901859	0.00163392108561494	0.0002085257418825704	0.6520180926066852	0.03393262671122566	-0.003545990771962291	0.08660031367921071	0.01201432780543799	0.01085525120964805	0.2037236669272656	0.2037236669272656	0.1861978601944499	0.1861978601944499	0.3984731093322419	0.004767230095915867	1.570349867929812	0.5934504157460765	-0.001612783535114513	1.57046241730208	-0.0005919764127310199	-0.006566510501265404	0.005343871336582029	0.0003676580600710085	0.000190635268912185	0.002432947183963704	8.147589520072358e-05	5.623387436945123e-05	-9.338981506445813e-06	-0.0001440114669393279	3.301788865821847e-05	-4.172365344268603e-06	-3.02148123577214e-05	1.660891538837609e-05	-0.2461785089950388	0.06489814847537789	0.0315921036178925	0.1333166199131238	-0.01375717059476937	0.07212240266500637	0.05544501853613547	-0.002325577992017664	0.003303504390250429	0.1310618493637326	-0.001771404016764204	0.0003067591919449733	-0.04795855762791223	0.04918085268738878	0.01808008586783959	-0.08951750868913498	-0.08951750868913498	0.03246041594838452	0.03246041594838452	0.106423354169668	-0.009445105751779306	0.004054023301929189	0.3945781894411278	0.001139440007847788	-0.0007121204252442393	-0.002135918216854076	0.001014618248900211	-0.004430365518612674	-0.0005694215726150155	-0.002979409997600719	0.001752084149054921	-0.006079190186778065	2.679640445179896e-05	-0.001488226387992806	0.007844438826049861	-0.004532828559353692	-0.003582935865294955	2.257734998137025e-05	0.0002314253675607957	-0.006935184363475804	-0.02121320516294183	0.0009357910738928855	0.007092343168212686	0.007330829491027578	-0.01986731402161539	-0.03026354627558091	0.0004593880156873856	5.529304111948411e-05	0.01155466394660377	0.003356415826598198	-0.0005703543504995309	-0.0001491108713271353	-0.0781349960804732	-0.05068050279504027	0.007266919040394816	-0.06017025486595749	0.04163224728561461	-0.0001151693814490288	-0.0001404996222608202	0.0619733845168146	0.09490651947597681	0.05086374926817949	-0.01358772177642309	0.06989796646087548	0.0001319150926040787	0.06004416201749569	-1.875788355773413e-05	-4.732217170990949e-06	-1.569332900185721e-05	-0.003872600800626944	0.000928476643893864	6.032270520173609e-05	0.000347429893388195	1.380226383422302e-05	6.682266316326097e-06	0.0001535088335323023	-0.03039847030264888	-0.03347841120595338	-6.028173925153889e-20	2.251775967577825e-18
10.01066666666667	-0.4932564819374198	0.003952307812021126	0.008338377690219032	0.1439878162785039	0.9858822041844398	0.002073108746779906	0.3303168455751249	0.001559848962927499	0.0002384622370843862	0.654928822030738	0.03395158694959703	-0.003532140597888183	0.08583688316477865	0.01303199250343405	0.01119968400848396	0.2016847444420084	0.2016847444420084	0.1868776846790925	0.1868776846790925	0.4006311100986074	0.004526249703260132	1.570445401120321	0.6004537190801047	-0.001583201141338228	1.570451218648198	-0.0006153184798560335	-0.006716468026669801	0.005181649144830851	0.0003671602270396041	0.0001587890741708667	0.002370318396311242	5.567454782262774e-08	5.667835545047972e-05	-2.761732319129011e-05	-0.0002313402589781768	3.149499996030942e-05	0.0001147494582426992	-2.926443151659992e-05	1.583940028120391e-05	-0.263606215742218	0.06751309645015648	0.03579224887277101	0.1420947173297205	-0.01048873667778853	0.07503077637517755	0.05958854972972263	-0.00429798022602479	-0.0002428620377301157	0.1429993485288263	0.002445378885833518	0.0008423101439456608	-0.0243407172048858	0.04757895438098576	0.01549622715475728	-0.09803301224997975	-0.09803301224997975	0.03550399138516937	0.03550399138516936	0.09573587386573465	-0.0143718013095562	0.002221809038810939	0.2635659235398443	0.002061663863984609	-6.047435422132469e-05	9.369061809322204e-05	-0.009373492835971635	-0.009411557210260315	0.0004756565819912301	-3.881338648382275e-05	-0.004157280858275125	-0.0008155494201129761	-5.305877576366864e-07	-9.212803592482003e-05	-0.007703529562617986	0.002223495139917204	0.007540716385831776	5.599707802136167e-05	-0.0001668467681018492	-0.003679001070014047	-0.01716290975975205	0.004101827168346327	0.004093077582170091	-0.006914033650360346	-0.01625794554055445	-0.03082064798267342	0.0003839517576070076	8.69450383965805e-05	0.01187137919217486	0.003352785360748387	-0.0005797578721503316	-0.0001478752256830324	-0.05531520628487999	-0.02534397473231164	0.00375056938421378	-0.0638580953827467	0.04078714143077172	0.002041248807847016	-0.0001400271451903151	0.04582661896981957	0.1122321483894271	0.06022487082068009	-0.007145634477562171	0.0546653433204301	5.934074568017382e-05	0.04906371096269817	-1.618392171148008e-05	2.697283915186001e-06	-1.9656914335514e-05	-0.003212705515977455	-3.934384479929914e-05	4.35088528856646e-05	-0.0001478363226723636	5.530849941045331e-06	-1.423573191666249e-05	0.000134362204925268	-0.03038627948011524	-0.03436536974105767	-5.750219645098424e-18	-3.046418329607585e-19
10.032	-0.4990012774188768	0.005371259057576884	0.009119310800520636	0.1470961331867657	0.9857087924985178	0.003687361216689565	0.3316670359099399	0.001464223936084512	0.0002090050545063524	0.6581697582244529	0.03398987818461603	-0.00351642594378571	0.08553072940999791	0.01410212283529297	0.01157128172853813	0.1996944594522267	0.1996944594522267	0.1878932139345451	0.1878932139345451	0.4025512972812278	0.004101766776047472	1.570330301199966	0.6047634973015172	-0.001506568353491468	1.570471667634573	-0.0005817457220727823	-0.00672326140969763	0.005000611626183742	0.000385943433428303	0.0001875864789998778	0.00240346329169376	7.818444599349815e-05	5.555398647996235e-05	-7.584866387011089e-06	-0.0001173680982158645	3.544701019036536e-05	1.074287497957366e-05	-2.827461813184615e-05	1.532353395496774e-05	-0.2737552482753972	0.06459069049985226	0.03690579743607784	0.1489974284345283	-0.005478270100712597	0.07597864119755883	0.06764373680636	-0.004346162756600232	-0.002264652901610615	0.1620187340195718	4.087691895039138e-05	0.000481554194604128	-0.005088861410599057	0.05409950586203226	0.02062679723205193	-0.0849577434882989	-0.0849577434882989	0.06393273821182716	0.06393273821182716	0.08412833069355539	-0.02664846836649156	-0.01569283084165951	0.1420602101333839	0.005550414451954915	0.002254845848858492	0.003199846618295889	0.01443625659670386	-0.006194302415106356	0.00123817587301971	0.002705927462117801	0.01073086693358458	0.008878527822463881	-0.0001202832878806287	0.002103410970362601	0.02671640315115923	-0.004019556784856959	-0.02448247400749177	2.627415094689758e-05	0.0002552049407735475	-0.0004228177765522895	-0.01311261435656226	0.007267863262799768	0.001093811996127496	-0.02115889679174827	-0.01264857705949352	-0.03137774968976593	0.0003085154995266297	0.0001185970356736769	0.01218809443774596	0.003349154894898578	-0.0005891613938011323	-0.0001466395800389294	-0.03249541648928678	-7.446669583028767e-06	0.0002342197280327437	-0.06754593589953592	0.03994203557592881	0.004197666997143061	-0.0001395546681198098	0.02967985342282454	0.1295577773028774	0.06958599237318068	-0.0007035471787012467	0.03943272017998471	-1.323360124373103e-05	0.03808325990790064	-1.360995986522603e-05	1.012678500136295e-05	-2.362049966917079e-05	-0.002552810231327967	-0.001007164333492462	2.66950005695931e-05	-0.0006431025387329222	-2.740563952132357e-06	-3.515373014965108e-05	0.0001152155763182336	-0.03080689983849383	-0.03394161212879442	-9.435857526461033e-18	-2.709204822978477e-18
10.05333333333333	-0.5048693303902732	0.006759386411059421	0.009882498661375774	0.1503454499840077	0.9856647533785833	0.005315786580563894	0.3330836350516729	0.001367763346239173	0.0002124534683880217	0.6616991585074081	0.03393030729145716	-0.003449770715437756	0.08564046384226461	0.01522979770071834	0.01200437130648944	0.1980514558966128	0.1980514558966128	0.1896470899589289	0.1896470899589289	0.404315135119665	0.003633793059153135	1.570310583666689	0.6065725135235438	-0.001446250473733587	1.570483636042084	-0.0005691418330240237	-0.006767519167601006	0.004513041886817578	0.0003948464946705076	0.0001879889962313744	0.002426324539795039	0.0001225132974289261	5.439821782037013e-05	-4.216471941732949e-06	-0.0002156264413191724	4.424671904050181e-06	-9.569916219782866e-06	-2.79927611976186e-05	1.842122486184306e-05	-0.2774157057710558	0.06575169854392565	0.03588645854038703	0.1550939703440489	0.0009644879045125811	0.07597288464072346	0.06433920827376126	-0.004618256387608276	0.001349489849622387	0.1703278878712398	-0.005271330103453539	0.004037792677770709	0.01677766518538365	0.0517899953667007	0.02000385434692072	-0.06930441010434221	-0.06930441010434221	0.1033789720817919	0.1033789720817919	0.08105214085410939	-0.02245113393229438	0.008204129675536423	0.0325385991226129	0.001011689038831734	-0.0005204098207339281	-0.0008781356229347653	-0.009629317405852447	-0.03286688905896419	-0.0001241904795912648	-0.001474585292264361	-0.005204497814218053	-0.002771266514018412	3.552449853029983e-06	-0.0009801959549718931	-0.01930534128411512	0.0005442535260915858	0.01246334600322149	1.886544454909892e-05	1.954086314223343e-05	-0.001312835003774912	-0.01144252562982997	0.01340174734941463	-0.002460722302126904	-0.00791448697613323	-0.008790037127512525	-0.03865159721047252	0.005520017253206493	-3.481841870762587e-05	0.01451163522671081	0.003204311722657133	-0.0004686155682757698	-0.0001452683532432181	-0.1143284891561695	-0.04892862924762856	0.006209754666951145	-0.00810360858235086	0.02138656855823538	-0.0001125465287335121	-0.0001350405556376627	0.1491209944344899	0.04897494490161634	0.03965413821159803	0.1936302815667475	-0.1248517603994645	-0.00221417116647522	-0.1222642516130842	-1.500897307193368e-05	5.258954800261669e-06	-2.56706017794891e-05	0.000356215298189647	-0.001814846846648179	-1.774901637612937e-05	-0.001281773010903665	-2.141578344360952e-05	-5.094214457012813e-05	4.131984042513994e-05	-0.02999285002430008	-0.03421790820608005	-6.830220330969619e-18	-4.637112435528055e-18
10.07466666666667	-0.5108820963521726	0.008185430714055543	0.0107035178431525	0.1536907750803635	0.9857335124218106	0.006898434608296642	0.3343770512194401	0.001270538806108344	0.0002137426756787331	0.6654996028424801	0.03378008567029864	-0.003417942236371312	0.08630636102323165	0.01631908189499674	0.01242599566957105	0.196727633623611	0.196727633623611	0.192427178951694	0.192427178951694	0.4060018707232881	0.002920830231098676	1.57043969628281	0.6063652951708985	-0.00142469139125927	1.570475592456044	-0.0005705687290442913	-0.00675198518192417	0.003881959147572204	0.000392562438116538	0.000175598036851025	0.002325751474974978	4.320481814734277e-05	5.534811655621626e-05	-1.495629759025412e-05	-0.0002318239809310037	3.447824140820934e-05	0.0001109473410655849	-2.667116416016556e-05	1.548900145527528e-05	-0.2873220911350832	0.06814540451675077	0.04232748377247707	0.1579982064764485	0.005096557695703922	0.07168701593428582	0.05609533299704807	-0.004417783095864927	-0.002467078519512912	0.1874291139055341	-0.008457628831016866	-0.00278345355053747	0.04705139628005867	0.05050038044200351	0.01955193333801692	-0.05503449824341258	-0.05503449824341258	0.1601402039975608	0.1601402039975608	0.07689999617972613	-0.04961619753775281	-0.001740004335633444	-0.04696178124208991	0.001916777206620806	0.0003787214534903068	0.001884460518074692	0.02004173255734873	-0.01964864615378208	0.0001893835796283833	0.001506539029757247	-0.0008410999027909116	-0.002712471932255761	7.712303044171436e-05	0.000780765336568935	0.03440960347848505	0.001706309570499927	-0.01127965696204907	0.0001237497856242853	-0.0003100995261117343	-0.002202852230997535	-0.009772436903097689	0.01953563143602949	-0.006015256600381303	0.00532992283948181	-0.004931497195531528	-0.04592544473117912	0.01073151900688636	-0.0001882338730889286	0.01683517601567567	0.003059468550415688	-0.0003480697427504073	-0.0001438971264475067	-0.1961615618230522	-0.09784981182567411	0.01218528960586955	0.0513387187348342	0.002831101540541938	-0.004422760054610085	-0.0001305264431555156	0.2685621354461553	-0.03160788749964475	0.009722284050015377	0.3879641103121962	-0.2891362409789137	-0.004415108731706709	-0.282611763134069	-1.640798627864134e-05	3.911245991603873e-07	-2.77207038898074e-05	0.00326524082770726	-0.002622529359803895	-6.219303332185185e-05	-0.001920443483074407	-4.009100293508668e-05	-6.673055899060519e-05	-3.257589546795376e-05	-0.02910831262608875	-0.03311063808153537	-4.285851051648907e-18	-5.669092526117428e-18
10.096	-0.5169850253704832	0.009654714100429345	0.01155781100574482	0.1571120537847828	0.9858581065844149	0.008385501380674582	0.3352711912702587	0.001273995660039193	0.0002468023824804549	0.6692375076180239	0.03337526368276846	-0.003451605181309951	0.08764239476404322	0.01734937277433767	0.01290432050045698	0.1955445720131291	0.1955445720131291	0.1964019423265269	0.1964019423265269	0.4075171322451121	0.001638275277492615	1.570196815667033	0.604741070816433	-0.001375895979563897	1.570485966819154	-0.0005492112008870076	-0.006480873797649854	0.003603410058595513	0.0003874333768005558	0.0001637354188374468	0.002413480551141386	0.0001141313750184262	5.387956499457289e-05	-3.13261916451653e-06	0.0001634876917354105	2.796567504225288e-05	-0.0002047950895187764	-2.651562045719677e-05	1.877574377842877e-05	-0.2850636168972451	0.07133277858665926	0.04065223285174056	0.1633633758291154	0.005570373127404033	0.06763011420571388	0.02986734101450951	0.001240303687035347	0.003072016310044078	0.1586514502562198	-0.02827584153629107	0.002193838131091942	0.08293504275552512	0.04193253334468672	0.02074870080796574	-0.05864126413091491	-0.05864126413091491	0.2142082100787826	0.2142082100787826	0.06049936226552576	-0.06515279403705593	-0.01381238084538389	-0.1009601876404526	0.002162308624077988	0.0004399928379752257	0.000312285777763767	0.001656031595184911	-0.01006956888619279	-0.0003689801469916966	-0.001427118468182928	0.003633207535493403	0.005111378541535249	-0.0001253745711977447	0.000216340065020204	0.002053501784166118	-0.00129151382185273	-0.01001603091638002	-5.094777901152624e-05	0.0003491280227330811	-0.01822522838245171	-0.008616108884000018	0.04106830602403121	-0.0113445962227643	0.02399115188740606	-0.002746285571826123	-0.0345036027721325	0.008849946160546815	-0.000172304923236569	0.01264757594840754	0.003141569578986155	-0.0004026939867623461	-0.0001438796143155697	-0.385352827005783	-0.1869890122279301	0.02415447395271567	0.1707040083565028	-0.03154942503792746	-0.0111675702384674	-0.0001158591406956637	0.4713217834271114	-0.1408784050894652	-0.02704259193458013	0.6699871323279268	-0.4716950950597056	-0.007373615469846195	-0.4747110628848869	3.033323929417205e-06	3.624072696056869e-05	2.11155676159136e-05	0.008541869013499154	-0.001478133966779984	-0.0001233495426014274	-0.001882192890324732	-6.106809499705103e-05	-3.451054726995631e-05	-0.00016467935219985	-0.02893880537919746	-0.03129327873156935	-1.948711488787126e-18	-3.670729527725227e-18
10.11733333333333	-0.5230548848092592	0.01130289820067009	0.01256130837042422	0.1606872584764326	0.9859279274066155	0.009779916610868791	0.3357425716572777	0.001174058559588392	0.0002383872234297252	0.6720832163554723	0.03262564297919914	-0.003214843620919844	0.09004687594973955	0.01793084412190518	0.01311746797072917	0.194107686934648	0.194107686934648	0.201639874749648	0.201639874749648	0.4083845033863187	0.0003743871927499116	1.570158322062122	0.6022432205771125	-0.001353573541303617	1.570487799841126	-0.000548946806533063	-0.006840002100452097	0.00329854338929579	0.0003896727435679863	0.0001655467315567032	0.002248981950819041	7.993742376444276e-05	5.381427535942859e-05	-1.047733805120509e-05	-0.0001696954375990984	2.312186908193188e-05	3.795039482448834e-05	-2.636089192772144e-05	1.890337698845046e-05	-0.2842218180537134	0.08491734644177626	0.05631537771814189	0.1724287677792951	-3.844296713027755e-05	0.06300093385456111	0.01646161451582567	-0.0141109663191445	-0.006355347193180183	0.1037857353340862	-0.0407825084596844	0.02256884382403208	0.1472183442380055	0.008423549338245986	-0.005308444219520246	-0.07883044836834419	-0.07883044836834419	0.2785623022745788	0.2785623022745788	0.01616027299684461	-0.04786617858181311	0.01742127793294578	-0.1288642079472435	-0.0005650640529191074	-0.0004220292783035248	-9.302077598832606e-05	-0.03904323810607783	-0.02211591930906636	0.0008801737124483215	0.002788470035960481	-0.02448744457361113	-0.01256751956898062	0.0002086788360510012	-0.00101627191147099	-0.03388678420910048	0.001862755858528249	0.04107858506241509	0.000123673363109274	-0.0006062660054678368	-0.03424760453390589	-0.007459780864902348	0.06260098061203294	-0.01667393584514729	0.04265238093533031	-0.0005610739481207176	-0.02308176081308587	0.006968373314207268	-0.0001563759733842093	0.008459975881139399	0.003223670607556621	-0.0004573182307742847	-0.0001438621021836326	-0.5745440921885138	-0.2761282126301862	0.03612365829956179	0.2900692979781713	-0.06592995161639685	-0.01791238042232471	-0.0001011918382358118	0.6740814314080676	-0.2501489226792856	-0.06380746791917563	0.9520101543436574	-0.6542539491404975	-0.01033212220798568	-0.6668103626357048	2.247463413747575e-05	7.209032932197699e-05	6.99518391216346e-05	0.01381849719929105	-0.0003337385737560726	-0.0001845060518810029	-0.001843942297575058	-8.204518705901538e-05	-2.290535549307424e-06	-0.0002967828089317463	-0.02846612655164366	-0.03010788428246851	-1.183818132912671e-18	-4.75400227721903e-18
10.13866666666667	-0.5288023483141724	0.01306253700231481	0.01367145154871119	0.1644936034181188	0.9858196195455226	0.0110894144739936	0.3357471484299667	0.0009334069432677863	0.0001686646008032578	0.6731766936572187	0.03132980127519582	-0.00290143060032123	0.09366959142545626	0.0179620566375503	0.01295955515187897	0.192214679008967	0.192214679008967	0.2077815657659018	0.2077815657659018	0.4079497995195534	-0.0005556551546369993	1.570189096087767	0.5993806840315011	-0.001309969240928859	1.570487909522759	-0.000546530926749589	-0.007455483462067784	0.00302719374560618	0.0004088361233678728	0.0001939261837762927	0.001984752441597603	1.387123358592666e-08	5.572637409396729e-05	-1.824771075719929e-05	-0.0004252196193776757	3.583651932169482e-05	0.000231258269363869	-2.405491495089729e-05	1.247485420334748e-05	-0.248767028114858	0.07741179510170025	0.04544329037030385	0.1840923091585512	-0.01009047159672362	0.05973211280868486	-0.01770815609662181	-0.007894581864723332	-8.062857961425605e-05	0.0004735974206774857	-0.07652111758585924	0.009047435399690596	0.1857015311396111	-0.002901464071710189	-0.008209923938702247	-0.09149140195639421	-0.09149140195639421	0.2842270913190375	0.2842270913190375	-0.05560119016664636	-0.03702873228996617	-0.009184725707748361	-0.1388691942805595	0.004177052619114319	0.0003179660552187384	0.0002272536593624786	-0.01795310580223719	-0.006367572852226821	0.0008815231000850542	-0.0001175580314536483	-0.002943526468805189	0.002735351797454008	-1.928268650940475e-05	0.0001625339009666897	0.006713020747099569	-0.0002784570002804091	-0.01229156412544528	8.339930342078606e-05	-8.346395314758902e-06	-0.02251816623822603	-0.004402226335681803	0.05819342911459942	-0.01037208852479162	0.01599037624230446	0.007397965923976418	-0.02008814442802135	0.0003319020867688717	5.042846228778605e-05	0.007785295673326786	0.003210359922225223	-0.0006046792405353463	-0.0001369013420936894	-0.4687157141930329	-0.2182394028221676	0.03044264446696738	0.2412040238017366	-0.05670403351624487	-0.01479240478353186	-0.0001291429199895602	0.5597971378321558	-0.1862430633296166	-0.03863317165748154	0.8224178898270994	-0.5824557241450096	-0.008816700468576726	-0.5863126168126058	3.755946711921699e-05	9.676787199500399e-05	0.0001108741902088775	0.0122865517003368	-0.001216893606305574	-0.0001691660932904185	-0.002002087601037978	-7.752554553083612e-05	-1.859920373462078e-05	-0.0002663696650671301	-0.02852424565572604	-0.02901445353949202	-6.167449971335296e-18	-1.710450572991938e-17
10.16	-0.5334199480923654	0.01449328962428515	0.01440135255151615	0.1685280498497999	0.9854984650414698	0.01232710529583839	0.3349155307989518	0.0008609261427976254	0.0002392359282328313	0.6721779121693052	0.02953915406693946	-0.002733510546048711	0.09768386072494051	0.01791780723030395	0.01282204544999455	0.1905090198733771	0.1905090198733771	0.2132124807075719	0.2132124807075719	0.406068188940358	-0.001107518859270111	1.569994770557619	0.5963449893085351	-0.001195658318896115	1.570496487635428	-0.0005431868998435303	-0.007575919841639494	0.002896963190144083	0.0004257966073068235	0.0001609720255286113	0.002009921427226042	9.683415232744687e-05	5.342405484398045e-05	-8.8872225674989e-06	-2.059039965388945e-05	2.797918739615569e-05	-3.147494604133975e-05	-2.319132911711561e-05	1.803789282870932e-05	-0.1782970936736973	0.05408426709730304	0.0206676737667029	0.1938132824663026	-0.01999281574460646	0.05626902373455853	-0.06193161083141815	0.001655047666835113	0.006797210624574006	-0.09236352619654219	-0.08717052448340809	0.008928878230960391	0.1839265152162132	0.00134899406717147	-0.003395652003977746	-0.06126649929731084	-0.06126649929731084	0.2119270452823603	0.2119270452823603	-0.1194872312934917	-0.01241193082364344	-0.003681805422668499	-0.1450977870742463	0.006063681727517395	0.0003718861312808656	-6.00698324602199e-06	0.007367228960546102	-0.008886004787736681	0.000673652225485577	-0.002961555945346328	0.002643664318565554	0.004002214833337112	-0.0001864228499982787	0.0005897462975004205	0.02800259718174778	-6.586746946887119e-05	-0.001675267119891312	-1.15508065509607e-05	0.0005179428767632713	-0.01078872794254617	-0.001344671806461259	0.0537858776171659	-0.004070241204435938	-0.01067162845072139	0.01535700579607355	-0.01709452804295684	-0.006304569140669525	0.0002572328979597814	0.007110615465514173	0.003197049236893825	-0.0007520402502964078	-0.0001299405820037463	-0.3628873361975519	-0.1603505930141489	0.02476163063437297	0.1923387496253018	-0.04747811541609288	-0.011672429144739	-0.0001570940017433086	0.445512844256244	-0.1223372039799477	-0.01345887539578746	0.6928256253105414	-0.5106574991495216	-0.007301278729167769	-0.5058148709895067	5.264430010095822e-05	0.000121445414668031	0.0001517965412961205	0.01075460620138254	-0.002100048638855075	-0.000153826134699834	-0.002160232904500897	-7.300590400265688e-05	-3.490787191993415e-05	-0.000235956521202514	-0.02846016761077089	-0.03197244344043684	-9.84022965821533e-18	-2.48737675867319e-17
10.18133333333333	-0.5363414661272288	0.01545742646123086	0.01476975899727756	0.1727179429803578	0.9850195568828115	0.01346686728127956	0.3333902006618845	0.0008036662605723831	0.0002671876006019015	0.6694668596628319	0.0279951330745547	-0.002454367671684889	0.1012729810000393	0.0179010722939699	0.01261146157117732	0.1901837776507448	0.1901837776507448	0.21671372592801	0.21671372592801	0.4029862383612793	-0.001060131583440524	1.570106554663615	0.5932299724898679	-0.001112836179712471	1.570499179925319	-0.0005318979558086797	-0.007831111272750251	0.002626748806207564	0.0004397624224843969	0.0001456537097229737	0.001722082417713842	4.985199044188689e-05	5.2888831308805e-05	-5.556662761476095e-06	-0.0003255933178229795	1.743179408575929e-06	2.833806419317771e-05	-2.202539725814913e-05	1.837166582690587e-05	-0.09163586845854457	0.03653121626568922	0.01359820460710107	0.1978007920602557	-0.02298337500578938	0.05034477254759889	-0.07411931189598235	-0.005155784577713368	-0.002271461980522727	-0.1684101840644346	-0.05885666885253359	0.01393205561554523	0.1409070395136079	-0.0009226540923978979	-0.01329659357866719	0.04827337890438606	0.04827337890438606	0.1117966952715664	0.1117966952715664	-0.1619249335935639	0.01175199308747006	0.009125687710869686	-0.144908216098755	0.002509856404662478	-4.625818707592808e-06	0.0007216032647649333	-0.01674384283356654	-0.01363631115519264	0.0006398688830964168	0.0007534107566340106	-0.0178314091135964	-0.00471108372593659	6.839900431185565e-05	-0.0001669825351410653	-0.02957875017218984	-0.00135155960057249	0.004378496502796579	9.554262751520768e-05	-0.0002823937458531367	-0.01443981596963707	0.01187503923562213	0.04448640728428506	0.002031473682921792	-0.0003434671148304837	0.02211093583631757	-0.01201375763398861	0.001239335686520036	0.0001093296352541762	0.006765691170801316	0.003204484697476438	-0.0005495719600676392	-0.0001283631182361955	-0.2075918250058726	-0.08503059396046876	0.01337687891717547	0.09990712895104641	-0.02137312658659189	-0.005876747371005012	-0.0001625544988555193	0.2586223129712103	-0.03970079479251825	0.009126924938084712	0.4782636357213867	-0.4220783032679696	-0.005045459443611905	-0.3963197185484748	4.125429468085895e-05	0.0001012135801942417	0.0001222978025237635	0.007412109868223567	-0.003409053519186075	-0.000124460746530925	-0.002487647946693583	-6.39031739896962e-05	-7.093063128971252e-05	-0.0001515316030817561	-0.03018333153163404	-0.03219801808032537	-8.313295810640857e-18	-1.44707711131811e-17
10.20266666666667	-0.537160812724786	0.01606166812732613	0.0149699276423225	0.1769168449686058	0.9845998228705055	0.01446495629081006	0.3320495880032899	0.0007206207548520138	0.0002236121364004369	0.6647102760373138	0.02697352658310343	-0.002280247826456471	0.1031989783122652	0.01796357090662149	0.01238485716104746	0.1933152797937288	0.1933152797937288	0.2177897050877076	0.2177897050877076	0.3994802750548328	-0.0008238069342664568	1.570169269120262	0.590248716560942	-0.001054055375392077	1.570501190880938	-0.0005270221620081542	-0.00766962693667753	0.002435052636370266	0.0004532779862414764	0.0001601766196491532	0.001752460231840061	5.351148814547781e-05	5.344762241936732e-05	-1.129612943027625e-05	-0.0001298545952498434	1.477978806694871e-05	3.142665081054025e-05	-2.019492008452467e-05	1.470409726502168e-05	0.0187814785737437	0.02034409483007466	0.004895379949533858	0.1946578628747445	-0.0144452395240791	0.04298718224293314	-0.04461434722460057	-0.0007623545358329891	9.154157108647605e-05	-0.2841320686069944	-0.03819416502089355	-0.000917030750483585	0.02800873744688121	0.008777139284574461	-0.004897576814536858	0.2628032849792206	0.2628032849792206	-0.01544164791206161	-0.01544164791206161	-0.1592384244842176	0.005300947927401383	-0.00828208504907646	-0.1325577036610046	0.003809806584087754	0.0003080110432771811	-0.0006072398177139845	0.0464305821339965	-0.001524922215934766	0.0006314411548142681	-0.0001639410329885085	0.03247649153466702	0.008749870419819939	-8.385897696036463e-05	-0.0002605686845142196	0.07494712600133077	0.003615940341089125	-0.006993181833999509	5.07503166982234e-05	0.0001428171055057075	-0.01809090399672796	0.02509475027770551	0.03518693695140422	0.008133188570279523	0.009984694221060424	0.02886486587656158	-0.006932987225020381	0.008783240513709597	-3.857362745142901e-05	0.006420766876088459	0.003211920158059051	-0.0003471036698388705	-0.0001267856544686448	-0.05229631381419347	-0.009710594906788607	0.00199212719997797	0.007475508276790999	0.004731862242909099	-8.106559727102212e-05	-0.00016801499596773	0.07173178168617657	0.04293561439491123	0.03171272527195688	0.2637016461322322	-0.3334991073864176	-0.002789640158056043	-0.2868245661074429	2.986428926075968e-05	8.098174572045247e-05	9.279906375140654e-05	0.004069613535064592	-0.004718058399517075	-9.509535836201599e-05	-0.002815062988886269	-5.480044397673553e-05	-0.0001069533906594909	-6.710668496099824e-05	-0.03164937166191768	-0.03395965619610358	-1.927308774508141e-18	-6.302374779194431e-18
10.224	-0.5356836626388597	0.01644049240413186	0.01508347794692398	0.1809806822342045	0.9844443638293332	0.01529726406053592	0.3320035684331191	0.000659673595572982	0.0002123090848251961	0.6575144311026483	0.02647455368000879	-0.002227134481051658	0.1024490704274523	0.01815263733510863	0.01232189158308128	0.2020934796727311	0.2020934796727311	0.2163321789382075	0.2163321789382075	0.3963911019105811	-0.0007996365826447982	1.570093481105535	0.5876179768172725	-0.0009847645141334901	1.570510608683727	-0.0005207638280431368	-0.007561286332752615	0.002493533646265741	0.0004698209592173086	0.0001682830080913819	0.001778481023540217	0.0001367277926017181	5.268725096758992e-05	-1.001860109646361e-05	-3.679447295766372e-05	6.401051537569236e-05	3.433888096432637e-05	-1.894693562180406e-05	1.598615821186163e-05	0.115583441471289	0.01515858435779785	0.00481931546893507	0.186177636625453	-0.0004381285591214814	0.03546727574495102	0.04774191332134449	-0.004018018596366814	-0.000493709135451651	-0.391197099114319	-0.01189056496876508	0.004410843396721623	-0.09433499587047808	0.008626026254215401	-0.00136872729591088	0.5700764972217481	0.5700764972217481	-0.1232673796800027	-0.1232673796800027	-0.130612264289536	-0.001259953160215022	0.000242803360878384	-0.1135133881984094	0.002503751721540947	0.0003874768391666176	0.0007594492921068033	-0.01795800245016848	0.005999159641169754	0.0006977589387967794	0.0003868589065377803	-0.01622829802224974	-0.000415784802357563	-1.463818707968876e-07	0.0002320688510550231	-0.03421859174434533	0.0005105195563896211	0.0036469775141916	5.437778775312274e-05	-3.951726990844746e-06	-0.01105836069205552	0.02772205426136542	0.02720880961789247	0.007645139650298265	0.003663938639796703	0.03057844578477533	-0.00932120930713796	0.009360899306481305	-8.7398648692973e-05	0.008585452689463677	0.003096550144746912	-0.0002917418032670497	-0.0001210340814500166	0.02178152304730012	0.01907598100747557	-0.002514042256515342	-0.04098509520134806	0.01944372169922658	0.002058991951942787	-0.0001631318836569581	-0.00580901974767059	0.07930806909139115	0.03884833314933412	0.1569522642830983	-0.2749547719480511	-0.001709748438098754	-0.2223997806632982	2.683956366868758e-05	7.89816531691687e-05	8.316458279091732e-05	0.005126823448289657	-0.003813675038424163	-9.811989299558079e-05	-0.002518478031607088	-5.497951719768936e-05	-8.608720159691965e-05	-8.948299189901293e-05	-0.03179586500691318	-0.0333847196930734	2.545672954075173e-17	-7.790643334034708e-18
10.24533333333333	-0.5324049496437944	0.01670791826471852	0.01513584422177916	0.1848540563809058	0.984567941845122	0.01599638585117435	0.3344040974058116	0.0005890113448826264	0.0002306002701758817	0.6479885350576546	0.02632513894392253	-0.002155435883576109	0.09934372966830299	0.01831788404250784	0.01231095813290758	0.2180619481997564	0.2180619481997564	0.2124421496420994	0.2124421496420994	0.3938972149678054	-0.0008018305655223122	1.570139771437207	0.5854294043864862	-0.0009550135926005121	1.57050972616457	-0.0005131580571642392	-0.007654367390407708	0.002647993538288308	0.0004735896797208829	0.0001537682084972862	0.001649225939286587	5.849377176499375e-05	5.289863395652666e-05	-7.720631348104766e-06	-0.00022433753721258	1.570133553036066e-05	3.26107198224334e-05	-1.838127320134967e-05	1.533216927602004e-05	0.1876780013055275	0.009900493309536603	-0.0008406228391813288	0.1768019454781101	0.01171448456601403	0.03050099670348794	0.1847495786688261	-0.001673144355644584	0.002866001282892041	-0.5025743602002662	-0.005423086863858558	0.000825336631147792	-0.1928130945221486	0.006544040432580961	-1.956483399041506e-05	0.9368909707313673	0.9368909707313673	-0.2434888179065641	-0.2434888179065641	-0.1034303430958479	0.002829291568103999	0.003162759925953233	-0.09110451807818896	0.0001029372348119944	-0.00065764413922001	-0.0004809176070377116	0.02754730136087097	0.007473097983479979	-0.0005661450144598909	-0.002284677411393894	0.01791937816399979	-0.006386097576395269	7.243001856584996e-06	-0.0001649023019005149	0.04864057726254092	-0.005528425954605305	-0.007428218517969419	-1.321737476423412e-05	-3.868757099568502e-05	-0.004025817387383081	0.03034935824502533	0.01923068228438072	0.007157090730317009	-0.002656816941467017	0.03229202569298909	-0.01170943138925554	0.009938558099253012	-0.000136223669934517	0.0107501385028389	0.002981180131434773	-0.0002363799366952289	-0.0001152825084313883	0.0958593599087937	0.04786255692173975	-0.007020211713008653	-0.08944569867948712	0.03415558115554407	0.004199049501156596	-0.0001582487713461862	-0.08334982118151775	0.1156805237878711	0.04598394102671136	0.05020288243396438	-0.2164104365096845	-0.0006298567181414654	-0.1579749952191535	2.381483807661548e-05	7.698156061788493e-05	7.353010183042812e-05	0.006184033361514723	-0.002909291677331251	-0.0001011444276291456	-0.002221893074327907	-5.515859041864318e-05	-6.52210125343484e-05	-0.0001118592988370276	-0.0315960324712717	-0.03264880324969775	5.084084651298729e-17	-6.620830163797334e-18
10.26666666666667	-0.5280456415958356	0.01685442484903948	0.01511376571302825	0.1885097980253537	0.9848992733857208	0.01658916221349345	0.3402602038207843	0.0005706749077639759	0.000254055491686822	0.63658767161017	0.0262271045880845	-0.00214568365951829	0.09462714297868369	0.01849452295663849	0.01231985364362524	0.2420265064645853	0.2420265064645853	0.2064707654340583	0.2064707654340583	0.3919751901670574	-0.0007622809030686063	1.570155467385061	0.5837092446090276	-0.0009308767050475698	1.570508550718171	-0.0005232792973004737	-0.007437789488568707	0.002793384187809343	0.0004745886426156343	0.0001386416120337502	0.001747870703280768	3.247348681679393e-05	5.26127339594116e-05	-1.503419874464959e-05	4.635456214167327e-05	-9.473570333027347e-06	8.172764336920325e-06	-1.806400365317973e-05	1.576858700275113e-05	0.2134815615824397	0.004747585447172405	-0.0007201977434477999	0.1663643922932567	0.0182673760836851	0.02513087430905268	0.3659320908490181	-0.0004472002475836936	-0.0004159396095694499	-0.5562969147669123	-0.003485591010457092	0.000416125067243295	-0.2384958846980611	0.009569899842692712	0.0008684332261588416	1.294401755620306	1.294401755620306	-0.3098610684643429	-0.3098610684643429	-0.08031735804991211	0.0006725139740477364	-0.000950314127978314	-0.07372202564524984	0.001774697244061155	0.0003632101492655705	-0.0001652992372864739	-0.001646784644067229	0.005963402137477928	0.0004428970795952775	0.0004425417696153754	-0.004185082494583658	0.00220291684829236	-2.259669387869072e-05	-0.0002915051471711757	-0.01139849117833208	0.001723380813776332	0.002645477888396695	3.463485460699518e-05	4.84259482044702e-05	-0.00237137371389894	0.03302456851541351	0.01738339726803441	0.00500166524840938	-0.001410676247727232	0.03256080231288154	-0.01077168433667973	0.01061968685598602	-0.0003213641845607078	0.009913046710164132	0.003151655244445029	-0.0002758546823703691	-0.0001285867716908746	0.09106693492250863	0.04159722177124317	-0.006033698354813874	-0.0886212419639222	0.0344441004068152	0.003923942763968474	-0.0001499786196260305	-0.07992919510068426	0.1143807777242091	0.04331106434189327	0.03687357404116969	-0.207170335129688	-0.000497478769594265	-0.1491982267367256	1.942503780383055e-05	6.626506462639189e-05	6.34679591178274e-05	0.006255696686682803	-0.003167744440790794	-0.0001044954082422796	-0.002429740882950693	-5.732778823482562e-05	-7.488310217885549e-05	-0.0001128028282372632	-0.03116461238031974	-0.03270174077003245	6.676379713167597e-17	7.123754244302357e-18
10.288	-0.5236174938582268	0.01694944026680024	0.01512683480820353	0.191971067619204	0.9853012497833513	0.01707115753561918	0.3500885255215723	0.0005528085130559202	0.0002235685921855859	0.6246781460856066	0.02618845422819104	-0.002123721077806987	0.08963173556626809	0.01870717223101846	0.01234864762575226	0.2726333463712413	0.2726333463712413	0.1994973524012941	0.1994973524012941	0.3903185383117825	-0.0007819249159792962	1.570130838597046	0.5821319712032569	-0.0008957283226337548	1.570517362399626	-0.0005072977827680214	-0.00748585309599365	0.002894160103230741	0.0004832321916503851	0.0001545585891391376	0.001662079978769368	7.808365268587857e-05	5.242301747988626e-05	-1.037729920162024e-05	-0.0002044458853122146	2.758328102966908e-05	3.917266480764426e-05	-1.725878512417326e-05	1.60681762533945e-05	0.1941317222102013	0.005073196444517031	0.002454465028899444	0.1585701907345846	0.01833743991274516	0.02011527418535974	0.5571447617140074	-0.001629077879651332	-0.00219107256199963	-0.5502614299264244	0.0001441627559449954	0.001970057661161942	-0.2189525372843022	0.009920011705954929	0.00184591686063864	1.559604874652677	1.559604874652677	-0.3374290202243537	-0.3374290202243537	-0.07855162945773922	-0.002720115497308246	-0.0006176840617910753	-0.07770892073244857	0.001135264878018849	0.0002786490969541869	0.001966215643151752	0.002737159867375538	0.003290466661638873	0.0001505349361650642	0.0006256576106927439	0.0006285511166009622	0.0003292571877253299	1.626020663062015e-05	0.0009573289736845939	-0.0002493490007236253	0.000305801285340268	-0.00223091952207206	3.252784218919127e-05	-5.151524062890929e-05	-0.0007169300404148003	0.03569977878580168	0.0155361122516881	0.002846239766501751	-0.0001645355539874468	0.03282957893277398	-0.009833937284103924	0.01130081561271903	-0.0005065046991868987	0.009075954917489368	0.003322130357455285	-0.0003153294280455093	-0.0001418910349503609	0.08627450993622357	0.0353318866207466	-0.005047184996619096	-0.08779678524835727	0.03473261965808633	0.003648836026780353	-0.0001417084679058748	-0.07650856901985079	0.1130810316605472	0.04063818765707519	0.02354426564837501	-0.1979302337496916	-0.0003651008210470647	-0.1404214582542978	1.503523753104562e-05	5.554856863489886e-05	5.340581640522671e-05	0.006327360011850884	-0.003426197204250337	-0.0001078463888554137	-0.00263758869157348	-5.949698605100807e-05	-8.454519182336258e-05	-0.0001137463576374988	-0.03064780063896886	-0.03240807477144839	7.749628170319177e-17	1.811568798299735e-17
10.30933333333333	-0.5197884684029266	0.01708440246551863	0.01519463325630169	0.195302261575322	0.9856608982247488	0.01745249744677184	0.3637258159504245	0.0005159246566353455	0.0002192942765126345	0.6131411645082256	0.02620718651923405	-0.002113566258634019	0.08538201208419886	0.0189311587766179	0.01243483076714699	0.3077287913104444	0.3077287913104444	0.1921961954471304	0.1921961954471304	0.3885707351832899	-0.0008901713303257489	1.570135426721825	0.5803362986000825	-0.0008797112780932147	1.570519730088789	-0.0004909963879921758	-0.007377536157379417	0.002910228160757184	0.0004836005453601074	0.0001514307472099533	0.00171455692366617	6.659311637053676e-05	5.241503736422128e-05	-3.154654015136026e-07	-8.30034243417561e-05	2.044889868516041e-05	1.549780416359789e-05	-1.697664598004643e-05	1.609482531567638e-05	0.1698645540965506	0.00757904061890197	0.0041118484716785	0.1544609627361654	0.01560615065269167	0.01573696368562856	0.707606888489267	-0.001843401527171755	0.001100532716132108	-0.5372997270261614	0.001670443431389979	-0.0004127225667112586	-0.1843042178559322	0.01121239765729418	0.005797951023576565	1.709091582897923	1.709091582897923	-0.3471420054132405	-0.3471420054132405	-0.08540837673680918	-0.007516166180878961	0.000592233903549606	-0.09008151195222451	0.0005129041565027833	2.087087345439688e-05	-0.0001684161284577575	0.004767824739227778	-0.001564450244109901	-4.029513834715072e-05	-0.0005884458845875407	0.002530738422981227	-0.0008695875688744645	-1.28232113735438e-05	-1.657073454929291e-05	0.006556341460953232	-0.0006170676690438879	-6.375955177123304e-05	1.740058422096379e-06	4.172796268061317e-05	0.002459637819379439	0.03405138810609704	0.01632854192329795	-0.001538286833575191	0.0008867595143532414	0.03203199457508268	-0.006558132742086677	0.009623393141312379	-0.0005883013922157292	0.007392007715404588	0.003536947973242966	-0.0004170538324507349	-0.0001567579206007873	0.05343278866795048	0.01539408327747817	-0.002306221096011554	-0.07052701010513669	0.03039741281927367	0.002184727489870099	-0.0001400215671033502	-0.0424548658103029	0.09685690453076855	0.03506240495010959	0.05420441855650107	-0.2081897779521829	-0.0007023233936875916	-0.1546742593963827	1.450315343214854e-05	5.317153363594705e-05	5.400578090501959e-05	0.006895712609857614	-0.003067595943586084	-0.0001114458870836384	-0.002553531747682426	-6.055109703990762e-05	-7.656692817140512e-05	-0.0001272405260245136	-0.0303601448258226	-0.03226689900924964	6.119508894567375e-17	1.477089948520553e-17
10.33066666666667	-0.5161555335822197	0.01727279265303903	0.01531124259329385	0.1985926220862275	0.9859767783097346	0.01774693715742426	0.3796933281237131	0.0004735330188877697	0.0002410922173420135	0.6014986746787025	0.02626222051441795	-0.002115503553315311	0.08156136131337485	0.0191912711481639	0.0125774326669058	0.3446371896735691	0.3446371896735691	0.184682224226446	0.184682224226446	0.386670033154015	-0.001106377033913653	1.570136668871061	0.5783121253114469	-0.0008675907113122059	1.570521561652312	-0.0005029830040586569	-0.007395480985028447	0.002836781363190852	0.0004847430822822485	0.0001435506327606279	0.001694946725584869	6.38892987462381e-05	5.205445938824354e-05	-1.119263420637653e-05	-0.0001413801485569059	1.65118908238095e-05	3.324539269094179e-05	-1.685100211525619e-05	1.732438255284585e-05	0.1757482252170801	0.01008207039470432	0.007030485862712438	0.1547420552459096	0.01423415649914231	0.01196838038846262	0.7756030502549167	-0.002145432379057664	0.0002532014850938011	-0.5601528285647608	0.003547447519154584	0.0008364219873249337	-0.1787269706050641	0.01330680788844546	0.007135175457270292	1.729569258145327	1.729569258145327	-0.3573803577106706	-0.3573803577106706	-0.09288590140607053	-0.01284129886369415	-0.000931369268970931	-0.09913085999441779	0.000769970088062784	0.0002283873182287099	-0.0006857853733163373	-0.009099880719805165	-0.005101551003308573	0.0002231146123293279	0.0001801320619295191	-0.006129618537596125	0.001153012065010616	-1.679584277370167e-05	-0.001005702520531273	-0.01710739761187415	0.0006055551431363036	0.00165243508774572	1.785640975138516e-05	6.125740076680014e-05	0.005636205679173678	0.03240299742639238	0.01712097159490779	-0.005922813433652133	0.00193805458269393	0.03123441021739138	-0.003282328200069432	0.007945970669905732	-0.0006700980852445599	0.005708060513319808	0.003751765589030647	-0.0005187782368559605	-0.0001716248062512137	0.02059106739967739	-0.004543720065790255	0.0004347428045959881	-0.05325723496191612	0.02606220598046101	0.0007206189529598459	-0.0001383346663008255	-0.008401162600755026	0.08063277740098991	0.029486622243144	0.08486457146462714	-0.2184493221546742	-0.001039545966328118	-0.1689270605384676	1.397106933325146e-05	5.079449863699524e-05	5.460574540481247e-05	0.007464065207864344	-0.002708994682921831	-0.000115045385311863	-0.002469474803791371	-6.160520802880717e-05	-6.858866451944766e-05	-0.0001407346944115284	-0.02989110547009931	-0.03224082111966549	5.078451210612537e-17	1.119033635312694e-17
10.352	-0.512199376076732	0.01752411323810082	0.01549048778325522	0.2019189420354461	0.9862803484824334	0.01797219520360302	0.3964911206967759	0.0004199856903272655	0.0002291793369960592	0.5891150513289094	0.02636078883928224	-0.002108475452046388	0.07764903979862647	0.01947617404981103	0.01272309103621195	0.3808252715799701	0.3808252715799701	0.1768578455719313	0.1768578455719313	0.3846120880655287	-0.001410830247463208	1.57012167582406	0.5761292368574241	-0.0008559169640633666	1.57052650779652	-0.0004956273844528567	-0.00741892222792438	0.002691866397836719	0.0004883833216805684	0.0001535725654987699	0.001700756285741341	7.421669358677946e-05	5.222160897719852e-05	-1.126694063052719e-05	-0.0001705256661716884	2.176461048060827e-05	3.245770740783756e-05	-1.640943510803422e-05	1.723141751320645e-05	0.1943491608956818	0.01313505394564842	0.009105612776916973	0.1569633580199551	0.01438688234780046	0.00938071271605921	0.7981546584389981	-0.002248485355543135	-0.0007208784373860188	-0.6004164186295063	0.005081349739094288	-0.0001412257674862985	-0.1884934812853375	0.01362959364619523	0.00702195752723552	1.653001612373877	1.653001612373877	-0.3775925463124034	-0.3775925463124034	-0.09900833296172937	-0.0154975501821575	-0.0003682068369256861	-0.1046309153209546	0.0003809190709618386	0.0001899301618944498	0.0008323196452412862	0.003310562136346615	-0.008438796240821453	8.370775005058261e-05	0.0003810615826644858	0.003677487798216894	-7.898740638216309e-05	1.534068689070841e-05	0.0005386211023652921	0.007458390948984078	-5.084715452759399e-05	-0.0008980448834853521	1.6513320221398e-05	-2.42514926069646e-05	0.01021262100609075	0.03048644923794131	0.0181197342647601	-0.01143391651771463	0.001591785214942283	0.02969299186578571	0.001635606975660204	0.006589680694068734	-0.000672108501918916	0.004087646912428957	0.003878192678926781	-0.0005728333012735761	-0.0001795630090848984	-0.0001337859601213413	-0.02163124423232174	0.002555585720356812	-0.04386534933995653	0.02410619733093885	-0.000754417136865063	-0.0001414255214115789	0.01358384146173921	0.06766438390996919	0.02554689991613979	0.1068896743459293	-0.2236833173335077	-0.001270336055295311	-0.1776047592676507	1.266653068583689e-05	4.963361351297091e-05	5.213964161740366e-05	0.007662114280932218	-0.002433521025203017	-0.0001156729281881141	-0.002357044122960277	-6.124838939521282e-05	-6.231686803547003e-05	-0.0001434024988284907	-0.02973166745160048	-0.03256887298728074	7.437885442938569e-17	6.248710559482443e-18
10.37333333333333	-0.5078971109318092	0.01781853658632795	0.01567124152055435	0.2052838765308815	0.986597502256582	0.01815704335438732	0.4137037521624677	0.0004043131346169744	0.0002380320420995584	0.5758977796693928	0.02645291348684746	-0.002119979885757305	0.07350018622353643	0.01978247533595776	0.01289844038484884	0.4147359546514065	0.4147359546514065	0.1685102796301905	0.1685102796301905	0.382489970635234	-0.001758917213443853	1.570125482320171	0.5738855909937215	-0.0008489285491614726	1.570527728974872	-0.0004906410486827645	-0.00740747628852149	0.002478664435916107	0.0004868447428193371	0.0001436657915044228	0.001723990386136055	6.503464214658171e-05	5.197831035541945e-05	-7.84304865060326e-06	-0.0001182643485577665	1.699907445074233e-05	3.026686750975933e-05	-1.644626000252563e-05	1.824043110832597e-05	0.2081958164141348	0.01412295444145465	0.007171912175626747	0.1583621689537305	0.01550761913507652	0.008179952695231224	0.8144941964388864	0.001405327575649767	0.002199975120980027	-0.6383073576013349	0.002943352772367784	-0.0009010031670350846	-0.2009018512620949	0.01531290643528329	0.009918704769527236	1.516063117367405	1.516063117367405	-0.406429165888108	-0.406429165888108	-0.09890205845059315	-0.01693196315410885	0.0008310878977210634	-0.1048268671518893	0.0003307201805366942	-0.0001208282307581928	-0.0009079057329139731	-0.005829207379290492	-0.01150345693141582	-0.0002623995995035779	-0.001688184194241307	-0.00449606789026093	-0.0006759985238086481	-5.527536253001878e-05	-0.0006777464201492857	-0.009475506809183232	-0.0003336563274884991	0.001520889342591911	-2.69928310342435e-05	0.0001645678977754477	0.01478903633300783	0.02856990104949024	0.01911849693461242	-0.01694501960177713	0.001245515847190636	0.02815157351418004	0.00655354215138984	0.005233390718231735	-0.0006741189185932718	0.002467233311538107	0.004004619768822915	-0.0006268883656911916	-0.0001875012119185832	-0.02085863931992007	-0.03871876839885322	0.004676428636117636	-0.03447346371799696	0.02215018868141668	-0.002229453226689972	-0.0001445163765223323	0.03556884552423344	0.05469599041894845	0.02160717758913557	0.1289147772272315	-0.2289173125123412	-0.001501126144262503	-0.1862824579968337	1.136199203842232e-05	4.847272838894658e-05	4.967353782999485e-05	0.007860163354000093	-0.002158047367484204	-0.0001163004710643651	-0.002244613442129184	-6.089157076161848e-05	-5.60450715514924e-05	-0.0001460703032454531	-0.02963958908391787	-0.03267435858307662	9.109525977064794e-17	3.630422704297501e-19
10.39466666666667	-0.5034609524448458	0.01814273212891651	0.01586490784506854	0.2086577090213444	0.9869393693092244	0.01831800101428805	0.4313685791991146	0.0004141062398224112	0.0002495457799226573	0.562146189561377	0.0265584559950422	-0.002129358666336198	0.06916814079656262	0.02010969781900818	0.01309139072257685	0.4452343276019333	0.4452343276019333	0.159610073079435	0.159610073079435	0.3804195121982407	-0.002151779443540289	1.570121319733727	0.5716915385562888	-0.0008387382984793402	1.570529371308965	-0.0004935750157964754	-0.00745916263751931	0.00223451619055804	0.0004864769008499313	0.0001338579558649494	0.001738973726421375	6.387116416506589e-05	5.147242643095812e-05	-1.079694751296004e-05	-0.0001622023109145396	1.897103075396431e-05	3.291048616272924e-05	-1.653756001569697e-05	2.001889244286182e-05	0.2031927446842406	0.01617175051243607	0.01059140481228439	0.1574846837831364	0.01619210910845249	0.007038131151452594	0.8467144850760469	-0.0003791706312209996	-0.000622895736344865	-0.6431076288971603	0.006651185601062806	-0.0001242640590740252	-0.2014005955824931	0.01541544954187242	0.008425473802094359	1.339665185175737	1.339665185175737	-0.4234527399538818	-0.4234527399538818	-0.09476492172607009	-0.01956030937433866	-0.0007967471506786689	-0.1007074523875436	0.0005164042788290034	0.0002033409036197114	0.0003781556116373436	-0.0004970731764989162	-0.01160606451967987	0.0001489974929828963	0.0003917631299258392	0.00330076832761172	0.0003121838428178973	2.202790545799853e-06	0.0001952428363568431	0.002531755894795405	0.0002755584571924414	-0.0006409840033459292	1.323723116963155e-05	1.527198973718409e-05	0.02010255887086089	0.02726173607927233	0.01827924096885896	-0.02240999896623667	0.001634003648768402	0.02673451172960983	0.01021400150173482	0.004364214224947241	-0.0006527305213470687	0.001567561592859911	0.004054704705042328	-0.0006524667688117494	-0.0001906962760203462	-0.0215781054243649	-0.04263901044205038	0.004974982524388947	-0.03389126195720651	0.02228354508643517	-0.002522818483773445	-0.0001437072917162847	0.03765767601692379	0.05347058923426417	0.02126945899401051	0.1270036785285049	-0.2202084790075221	-0.001467322694202017	-0.1796479539007644	1.053329404662274e-05	4.782945285623781e-05	4.822807364795561e-05	0.007842749319689521	-0.002085798019703188	-0.0001147335756864578	-0.002205566961662641	-6.021539862779688e-05	-5.464011646845444e-05	-0.0001441866398233017	-0.02948494939227842	-0.03337619952300862	6.344897157801264e-17	-1.161170011400211e-17
10.416	-0.4994196091662723	0.0185043231825369	0.01610637768597258	0.2119840254605497	0.9872734191063637	0.01846281122137156	0.4500491657904258	0.0003927454631587579	0.0002326889264675477	0.5487911751779105	0.02672389434364688	-0.002131511431609547	0.06507037145454361	0.02044238777256785	0.01326881086854866	0.4717459183252999	0.4717459183252999	0.150635494279257	0.150635494279257	0.3784653765686911	-0.00257904512091025	1.570109603326058	0.5695954851412349	-0.0008315123257270299	1.570533356057764	-0.0004853732126391974	-0.007491860651774506	0.001974059082595324	0.0004898348471860148	0.0001442983955283598	0.001753890358966508	6.748563831060326e-05	5.183140204522565e-05	-8.283911758428041e-06	-0.0001307576199666126	1.838956761209988e-05	2.988636989628169e-05	-1.610317701415945e-05	1.945135919950783e-05	0.1711818906275765	0.01762878360068778	0.01165349183717619	0.1539075391483427	0.01477475143165718	0.006666128993617767	0.9097216546886671	-0.001515348849577515	-0.0004597678113520946	-0.6011283834248258	0.008558587810800281	-0.0002235642321403061	-0.1789384682975798	0.01582548179552406	0.00846274929238401	1.142302283571129	1.142302283571129	-0.4134015642714554	-0.4134015642714554	-0.08799679525273643	-0.02015728633600176	0.0001229171579159239	-0.09563945880388633	5.281912461585263e-05	9.877314794479523e-05	0.0001360727299912516	-0.004049050997169447	-0.01303241280060173	8.689305413605746e-05	0.0002100916154040892	-0.004502321740903341	-0.0002280655118974008	2.580521922581551e-05	-0.0001652212998159481	-0.002408383061867412	-0.0005730394004653562	0.0009895391938965108	2.228995159471388e-05	-5.536909390172986e-05	0.02541608140871394	0.02595357110905443	0.0174399850031055	-0.02787497833069621	0.002022491450346167	0.02531744994503963	0.0138744608520798	0.003495037731662748	-0.0006313421241008654	0.0006678898741817158	0.00410478964126174	-0.0006780451719323074	-0.0001938913401221093	-0.02229757152880972	-0.04655925248524753	0.005273536412660257	-0.03330906019641607	0.02241690149145366	-0.002816183740856918	-0.000142898206910237	0.03974650650961414	0.05224518804957989	0.02093174039888544	0.1250925798297783	-0.211499645502703	-0.001433519244141531	-0.173013449804695	9.704596054823156e-06	4.718617732352903e-05	4.678260946591636e-05	0.007825335285378947	-0.002013548671922172	-0.0001131666803085506	-0.002166520481196097	-5.953922649397527e-05	-5.323516138541648e-05	-0.0001423029764011503	-0.02947059875036452	-0.03314464785127937	3.388673635306019e-17	-2.056425987857923e-17
10.43733333333333	-0.4961505886945708	0.01887293081866302	0.01634147941584937	0.2152253448040805	0.9875612603846343	0.01860528733865253	0.4701399566029353	0.0003761391785717236	0.0002376614642789249	0.5365434077150347	0.02689033062568303	-0.00214573321374603	0.06151898276092212	0.02081340948129554	0.01347427999673008	0.4938374953154953	0.4938374953154953	0.1420543029445239	0.1420543029445239	0.3766644051256122	-0.003026073129610591	1.570108407474206	0.5676158224924747	-0.0008262230476724733	1.570535077954759	-0.0004834915817244269	-0.007538114188339524	0.001690896667257604	0.0004902615465610508	0.0001404770118082298	0.001763414890013043	6.441332352332997e-05	5.179444078259904e-05	-9.677834521922844e-06	-0.0001174195722147034	1.515191038091716e-05	4.021722051736272e-05	-1.595845618294977e-05	1.990668483707907e-05	0.1377553881379168	0.01718043225119303	0.01075694548353372	0.1502786626588994	0.01217661817036728	0.006694240931275807	0.9697837036997394	-0.0003888096407282047	0.0005477879894677173	-0.5476278502103193	0.00749895676471671	-0.0008438704255836321	-0.1558539490746887	0.01842750943771737	0.01028356203761254	0.9270088293058194	0.9270088293058194	-0.3868765318930601	-0.3868765318930601	-0.08128904651963387	-0.0215682465639154	-0.000256413547027803	-0.09028503162119292	0.0003697806861250852	8.206170922038962e-05	8.51465935284824e-05	-0.001448777970715404	-0.01333418040854752	-1.212882096031399e-05	-0.0003489805210628481	0.003147822930122317	-4.033993492173777e-05	-1.770094135837136e-05	1.749638652523855e-05	0.001720938442375064	0.0001374196913576618	1.037772407176573e-05	-2.497380026161784e-06	6.569438655599145e-05	0.03100062261833469	0.02450674934323217	0.01608215925487636	-0.03286850747505713	0.002765979127794034	0.02372841491231344	0.01661206872831381	0.003588739095367903	-0.0006897889256265762	0.0005739194466057179	0.004101694371723495	-0.0006711647592903312	-0.0001939244330169194	-0.02014142873110978	-0.04345610518374737	0.004743659227227571	-0.03185946625132657	0.02188664730813942	-0.002377914478675967	-0.0001389081586940924	0.03803563502121176	0.0544454220161311	0.02163255362308532	0.1161878047308069	-0.2039809244073637	-0.001333876908002609	-0.165687993337035	1.12073229254625e-05	4.747996266311028e-05	5.198128392675786e-05	0.007599917930963916	-0.001924922465287394	-0.0001100154404126789	-0.002096989932824778	-5.798448832074794e-05	-5.054028632259025e-05	-0.000138893799636293	-0.02924345234795207	-0.03338454606779972	-9.619335607093664e-18	-7.522046131989174e-18
10.45866666666667	-0.4934368039318655	0.01924811762376359	0.01658111243277982	0.2184092489703157	0.9877915148049032	0.01874857014877756	0.4912556691894835	0.0003613372945827793	0.0002399265903722614	0.52540319078534	0.02706322660601892	-0.002156173319951403	0.05834168126062577	0.02120600229961805	0.0136855422861743	0.5112225945643186	0.5112225945643186	0.1343083288210656	0.1343083288210656	0.3749780671072144	-0.003491467676565784	1.570097750576193	0.5657291961289683	-0.0008188612034123056	1.57053768538995	-0.0004798281238375551	-0.007603235068228048	0.001412809069591117	0.0004908004939403959	0.0001387681682020908	0.001792307397205599	6.660176117208544e-05	5.156978945345254e-05	-8.26463784644234e-06	-0.0001400140745312528	1.861699577949584e-05	3.166887213900003e-05	-1.594413216652279e-05	2.087356296219371e-05	0.1191285429091938	0.01824558069204216	0.01207829999845632	0.1485248662768893	0.009375983493987817	0.006741756447747041	1.005808071004784	-0.001346186293506593	-0.0007135876599184164	-0.4972955209390749	0.009164184526400276	0.0001309678864013132	-0.1438677939233488	0.01784777332003969	0.009005858160770765	0.7010699953175166	0.7010699953175166	-0.3350999507144419	-0.3350999507144419	-0.07724991168887227	-0.0218791492973941	-0.000764055919534317	-0.08691730706131989	0.0002471222063918889	0.0001817923538680963	0.0003031190086257522	-0.005817864433748032	-0.01255664864392362	9.741630454003314e-05	0.0004081422510907466	-0.002686573977213828	0.0002651300289802866	8.209275489576842e-06	9.794614758798315e-05	-0.005777059630785346	5.534272107476535e-05	-0.0007803857123013106	1.006525020883682e-05	-7.411048194536971e-06	0.03658516382795545	0.02305992757740991	0.01472433350664723	-0.03786203661941805	0.003509466805241903	0.02213937987958724	0.01934967660454782	0.003682440459073059	-0.0007482357271522871	0.00047994901902972	0.004098599102185249	-0.0006642843466483549	-0.0001939575259117294	-0.01798528593340985	-0.04035295788224721	0.004213782041794885	-0.03040987230623709	0.02135639312482518	-0.001939645216495016	-0.0001349181104779478	0.03632476353280938	0.05664565598268231	0.02233336684728519	0.1072830296318356	-0.1964622033120244	-0.001234234571863688	-0.1583625368693751	1.271004979610185e-05	4.777374800269153e-05	5.717995838759936e-05	0.007374500576548885	-0.001836296258652615	-0.0001068642005168073	-0.002027459384453459	-5.64297501475206e-05	-4.784541125976402e-05	-0.0001354846228714356	-0.02912375810587542	-0.03321595627869369	-4.584613423828633e-17	3.591723298620211e-18
10.48	-0.4910021399587339	0.0196388531815188	0.01682458261627733	0.2215751890201771	0.9879593221183496	0.01889579862649657	0.5129342573952758	0.0003482340830022893	0.0002373403902085746	0.5152440995356929	0.02724661825909884	-0.002166029932840401	0.05534821614279224	0.02158376845114195	0.01388049694961042	0.5237661421611944	0.5237661421611944	0.1277491540000623	0.1277491540000623	0.3733457853983941	-0.003949969525713624	1.570092441219406	0.5638801174104178	-0.0008152463512770942	1.570539491817951	-0.0004795426235105131	-0.007643676105793355	0.001146295963066153	0.0004911364353268502	0.0001377655026241147	0.001804994703841946	6.572058281169337e-05	5.154013631912759e-05	-1.016605436045155e-05	-0.0001180988554317752	1.681236724857256e-05	3.116945829125461e-05	-1.5862418405305e-05	2.124566262467109e-05	0.1082001662270291	0.01832792131788081	0.01090506259899059	0.1483840165295571	0.006280631566726208	0.006967746850677094	1.026913676205307	-0.0001444594688634567	0.0002315548781437759	-0.4543202044075481	0.008225464400332935	-0.0007975934222096048	-0.1350942286688346	0.01758862304564609	0.009178589155847381	0.4780052488534952	0.4780052488534952	-0.2800863805590709	-0.2800863805590709	-0.07646412580764625	-0.02131156026438437	3.1979570854597e-05	-0.08721002021254572	0.0001500786566958265	4.038616827464804e-05	-7.74051650928461e-05	-8.273012495438479e-05	-0.01221035096022317	-1.607458337897963e-05	-0.0002676160550955106	0.002299992422858426	-0.0001865165734684186	-6.705139087808766e-06	-0.0001364121525377031	0.004041357554097701	-0.0001204806476908578	0.0004511627365399866	9.729893986400841e-07	3.232546660606284e-05	0.04118893890322419	0.02156235140860194	0.01447584720985005	-0.04228511210967226	0.003366340725232711	0.02083942887042802	0.0190583847267323	0.00380076485868067	-0.0007464025950968689	0.001736368576869532	0.004072695434868776	-0.0006500664470774444	-0.0001923937908467612	-0.0149321460077353	-0.03587831824861742	0.003641671302402172	-0.03052249862681931	0.02123534688044404	-0.001454601910417237	-0.0001351837970894385	0.03875323096020673	0.05910218528827257	0.02420660662649787	0.1107194766254709	-0.1954075754497221	-0.001259188232989702	-0.1579123516818115	1.348994443802642e-05	4.915549787739484e-05	5.883778752442669e-05	0.007170171584883645	-0.001959269306383628	-0.0001051447681854443	-0.002047860868480878	-5.593207590350298e-05	-4.99595999780387e-05	-0.0001314216982999593	-0.02906169388413219	-0.03322150373360725	-2.156397332255707e-17	-1.324700647340745e-18
10.50133333333333	-0.488859561142226	0.02002763612139576	0.01705313784050451	0.2247446524758734	0.9880562747405556	0.01904188557759652	0.5350857610987069	0.0003439856510387749	0.0002395843338054248	0.5060529561144161	0.0274225714956541	-0.002179220210604177	0.05264914167815622	0.02195733852173935	0.01407321318858837	0.5317505052125291	0.5317505052125291	0.1223467257335547	0.1223467257335547	0.3716862589748514	-0.004409557125890745	1.570089117207489	0.5619751175104165	-0.0008099700191090531	1.570541662438074	-0.0004746422881989468	-0.007696759437802846	0.000901161204944499	0.0004922414596066138	0.0001373563298590503	0.001823197034383008	6.552260824750752e-05	5.146649254281464e-05	-8.120439843202335e-06	-0.0001293003172263325	1.79157840660923e-05	3.886929065653805e-05	-1.575850810713298e-05	2.182739940636801e-05	0.09174555947573416	0.01806252276595574	0.01068002256686362	0.1488551855739218	0.002733356190214449	0.006634738327210577	1.050143898908429	-0.0005160507044151589	-0.0002607616823680819	-0.4065504120293617	0.008466832977214752	-0.0001815631956091371	-0.116268670186082	0.01745439073318173	0.008796005867817395	0.2736464441730567	0.2736464441730567	-0.2266549612304658	-0.2266549612304658	-0.07980410369408544	-0.02198093845638932	-0.0005779298379920845	-0.09215991782234324	0.0004028859594696687	0.0002159353653538493	0.0007357597884249054	-0.007003079537890312	-0.01055242848111335	0.0001695178257877738	0.0004637822023012189	-0.002169540486146887	0.0003291803848746189	4.085152803203569e-06	0.0004679803067684544	-0.008881748464601073	0.0003279719724912945	-1.170637982986651e-05	1.214617554829505e-05	1.224243173229499e-05	0.04579271397849294	0.02006477523979396	0.01422736091305288	-0.04670818759992647	0.003223214645223519	0.0195394778612688	0.01876709284891677	0.003919089258288282	-0.0007445694630414508	0.002992788134709345	0.004046791767552302	-0.000635848547506534	-0.0001908300557817931	-0.01187900608206075	-0.03140367861498763	0.003069560563009459	-0.03063512494740154	0.02111430063606291	-0.0009695586043394581	-0.0001354494837009292	0.04118169838760408	0.06155871459386283	0.02607984640571056	0.1141559236191061	-0.1943529475874198	-0.001284141894115717	-0.157462166494248	1.426983907995099e-05	5.053724775209814e-05	6.049561666125402e-05	0.006965842593218406	-0.00208224235411464	-0.0001034253358540813	-0.002068262352508298	-5.543440165948537e-05	-5.207378869631339e-05	-0.0001273587737284831	-0.02908758374703855	-0.03318797274543729	2.234124923744709e-19	-5.906951578419328e-18
10.52266666666667	-0.4871940302072618	0.02040239234416817	0.01727093705195704	0.2279288098441036	0.9880717935741562	0.01917922927766274	0.5578221090030072	0.0003372175318395478	0.0002396212199115011	0.4979192470413294	0.02759499430618544	-0.002189991124637709	0.05052861926487225	0.02232137146129477	0.01425105721205193	0.5356506674243605	0.5356506674243605	0.1179076658027805	0.1179076658027805	0.3699032841920885	-0.004863502836825903	1.570077436410735	0.5599037045327845	-0.0008065140602772061	1.570543491840115	-0.0004737672164246554	-0.007742659185429226	0.000679165669285854	0.0004922199327308146	0.0001357086311321702	0.001840260749017367	6.746613372731514e-05	5.143269735473839e-05	-9.33001153998857e-06	-0.0001450475951433722	1.669567779523503e-05	2.098219649616966e-05	-1.572378568448083e-05	2.213791309956381e-05	0.06015332726698974	0.01696465751677716	0.009760425188474035	0.1495368992600195	-0.001444487810022996	0.006138795940570851	1.0854997970831	-0.0002049403031051363	0.0001351783176681545	-0.3548611449484387	0.007919628364670559	-0.000664396661344707	-0.07796725709687238	0.0167137562727768	0.007967769743063777	0.09938196804678417	0.09938196804678417	-0.1957348446540557	-0.1957348446540557	-0.08783122985552737	-0.02076533900552994	-0.0003842371473410773	-0.102717685253738	3.54750615356805e-05	1.533895198137012e-05	-0.0002914846313308013	0.0005165395872372169	-0.01012162170892096	-8.226629178717521e-05	-0.0003406456991444341	0.002245192176325315	-6.581227317236597e-05	-5.376490567297245e-06	-0.0003044949327327142	0.00381409047591456	-0.0002286833346631017	-0.0008610919770891145	-3.469124558914918e-06	1.765115163085359e-05	0.04852107698648593	0.01875666445228448	0.0139956023195742	-0.04998388376901498	0.003776855396298192	0.01834982408642091	0.01444803385419091	0.004532417296004343	-0.000758663883319598	0.005888947846935464	0.003950738831558703	-0.0005921234918906991	-0.0001864223946447129	-0.003320752062530019	-0.02722162897849982	0.002635520972335277	-0.03587963932551787	0.022569736270118	-0.0007285057182794717	-0.0001405179417324371	0.04282920608388024	0.06295202475408281	0.02776664543646911	0.122935262392682	-0.1971982680929569	-0.001359720311638889	-0.1608531485840998	1.430228902193073e-05	5.278312790516581e-05	5.99229769889183e-05	0.006981611033737202	-0.002175163324819603	-0.0001040398644159167	-0.002079004804862489	-5.575887615618214e-05	-5.322187223104635e-05	-0.000126488120647265	-0.02907403101352208	-0.03299152569805811	-2.045961593252998e-18	-7.266819865986531e-18
10.544	-0.486474123751002	0.02074692964308513	0.01747051157363029	0.2311196596576278	0.9879875596438135	0.01929943686622133	0.5815758251860192	0.0003315517252489995	0.0002398461740410974	0.4909601571245782	0.02776994008100843	-0.002200578432584117	0.04951722879775311	0.02267216797007701	0.01441704969650241	0.5363060325899126	0.5363060325899126	0.113729647033673	0.113729647033673	0.3679182514006173	-0.005303603251427874	1.570078393818174	0.5575633704522061	-0.000803576848248024	1.570544866996067	-0.0004716235128635451	-0.007767880462803062	0.0004751946798903574	0.0004925402707775834	0.0001346667324044311	0.001853964847483062	6.617755543888527e-05	5.131717928631367e-05	-9.29856089379479e-06	-0.0001197967527697757	1.727536875123208e-05	3.643834638033485e-05	-1.56751929367084e-05	2.261391999332888e-05	0.00309326459719147	0.01522949865450708	0.00897145790005526	0.1494826023202387	-0.006618465429474877	0.005028227873370678	1.145522175037652	-0.0004127088973515054	-0.0002431303051630727	-0.2964298661229027	0.00870336087955669	-0.0001643501249412326	-0.01228755023312697	0.01621347534819678	0.007684924085339965	-0.030553278915632	-0.030553278915632	-0.2021823523242108	-0.2021823523242108	-0.09874704201048787	-0.02068294192515289	0.0006069018050302843	-0.1173712712235677	0.0003542534467198482	0.0001733497944911371	0.0008546940184391818	-0.005064472951714176	-0.008862627268943126	0.0002015676622785302	0.0005205759522206896	-0.002484504501959085	2.617065660234528e-05	-3.576367229464428e-06	0.0005843261514228337	-0.00503817468735383	0.0004967029625088917	0.003114222749345241	1.344651852832101e-05	2.77574192856656e-05	0.05124943999447893	0.01744855366477499	0.01376384372609551	-0.05325957993810349	0.004330496147372864	0.01716017031157303	0.01012897485946506	0.005145745333720406	-0.0007727583035977453	0.008785107559161582	0.003854685895565103	-0.0005483984362748644	-0.0001820147335076327	0.005237501957000713	-0.02303957934201201	0.002201481381661094	-0.04112415370363421	0.02402517190417308	-0.0004874528322194854	-0.0001455863997639449	0.04447671378015639	0.06434533491430278	0.02945344446722767	0.1317146011662579	-0.200043588598494	-0.001435298729162061	-0.1642441306739517	1.433473896391046e-05	5.502900805823349e-05	5.935033731658259e-05	0.006997379474255997	-0.002268084295524564	-0.000104654392977752	-0.00208974725721668	-5.608335065287892e-05	-5.436995576577931e-05	-0.0001256174675660468	-0.02911349262255232	-0.03277302943709561	-3.827548779935136e-18	-8.697282822050912e-18
10.56533333333334	-0.4871000519859451	0.0210452777833451	0.01765181661473694	0.2343133619313935	0.9877906930691829	0.01939442483493067	0.6067244774879405	0.0003283706278485941	0.0002363053052163542	0.4852052649788769	0.02795773033533652	-0.002210514669279739	0.0500592394605022	0.02300170036196506	0.01456811449258805	0.534668744704335	0.534668744704335	0.1091036476085275	0.1091036476085275	0.3656505871596984	-0.005726033830573303	1.570078872767985	0.5548711677971687	-0.0007991948587829579	1.570547022053615	-0.0004641575709997578	-0.007830186964359663	0.0003025037176790562	0.0004935604288654907	0.0001375826993269111	0.001870783435543759	6.303471057549782e-05	5.121193406666843e-05	-5.642028376432639e-06	-0.0001445559018915423	1.870134446727664e-05	4.320393296057003e-05	-1.555514512966181e-05	2.284674578063866e-05	-0.05908034571507995	0.01268034245999296	0.007944480897799748	0.1502430517216096	-0.01165590477548834	0.003844557815818824	1.209587476122804	6.376418614026822e-05	-7.105689148225381e-05	-0.2473613443489767	0.008933289451531446	-0.0006784789303550223	0.06033198512862374	0.01462515493373712	0.006562925780573828	-0.1145029773259169	-0.1145029773259169	-0.233332224323021	-0.233332224323021	-0.1137665976738747	-0.01888122293639627	-0.0003913710782957176	-0.1348590459162964	9.646658148421472e-05	4.616339340336591e-05	-2.800145821271962e-05	-0.001645358031727842	-0.007326953163255522	-5.561009879275537e-05	-0.0001413844021220669	0.002540378433926555	-0.0001666514876203674	-5.624261132790257e-06	-0.0001237197985714875	0.001318488887633342	-0.0001915046403215816	-0.00132420507911348	1.87116920402016e-07	-1.020423985390916e-06	0.05323112310731426	0.0167541582737903	0.01194508395946956	-0.05456967817227469	0.00510504406301679	0.01591913203501817	0.009228567171002525	0.005306475146178448	-0.0007334998376668349	0.01067231063670146	0.003752208138166255	-0.000514969832215965	-0.000174766563255424	0.01923064008697793	-0.01754857182199828	0.001724085629402943	-0.04798141486342856	0.02578183019359385	-0.0001129204156273668	-0.000145895639729212	0.03168223394013255	0.06874136576448045	0.0300976282222108	0.1165428377853476	-0.1961641890270489	-0.001302542528106137	-0.1582840523337009	1.601414196896976e-05	5.74685240262445e-05	6.409914751176124e-05	0.006898692568758426	-0.002333193619656576	-0.0001046314144941399	-0.002088273432768299	-5.596995821668031e-05	-5.503418950289339e-05	-0.0001240520477641125	-0.02919214736830071	-0.03269594033058481	-4.023553698663678e-20	-1.093370157679224e-17
10.58666666666667	-0.4888799543561028	0.021285384914557	0.01780600264955166	0.2375435153418064	0.9874980008765034	0.01946209164759767	0.6330749600757558	0.0003321084124475932	0.0002375725682466268	0.4802238833683598	0.02815242982775455	-0.002225742626522752	0.05197324673445264	0.02329382657172679	0.01470071693974331	0.5317806568333437	0.5317806568333437	0.1036961812261904	0.1036961812261904	0.3630676182370078	-0.0061075508142252	1.570068975497268	0.5518163682486253	-0.0007977581774282552	1.57054758230001	-0.0004674097932994406	-0.007875142521223908	0.0001625864286628357	0.0004923144635861899	0.0001331493030281776	0.001897463929518423	6.564462263053029e-05	5.110563154643936e-05	-9.550864647302548e-06	-0.0001232112245317623	1.6422396313325e-05	2.925067061377445e-05	-1.556569873047875e-05	2.277985722019149e-05	-0.1050918105791641	0.009769404056251258	0.00642905106018813	0.1528998963809216	-0.01560211712154691	0.002466869494401418	1.258193764340233	0.0002359362900926692	0.0002076320562446535	-0.2239132534493831	0.009351101950489103	-0.0006604489262591938	0.1163371320669975	0.0127066457738538	0.005954078873116544	-0.1478157775481746	-0.1478157775481746	-0.2754448795609276	-0.2754448795609276	-0.1283068559265929	-0.0168472923476344	-0.0003658688693447777	-0.1513647299897751	7.813081137326592e-05	2.383624890059235e-05	-0.0001501338718861277	-0.003437821886805657	-0.005790095406904365	-1.088140339721161e-05	-0.0001684268497680654	-0.00155995082252466	0.0005654916177042053	-3.67548915919854e-06	-0.0001249271724739115	-0.000715940954708899	0.0001493663496967533	0.001171830662436137	1.202636541116358e-06	-3.408008165485835e-07	0.0552128062201496	0.01605976288280563	0.0101263241928436	-0.0558797764064459	0.005879591978660716	0.01467809375846331	0.008328159482539992	0.005467204958636489	-0.0006942413717359243	0.01255951371424134	0.003649730380767408	-0.0004815412281570656	-0.0001675183930032153	0.03322377821695514	-0.01205756430198456	0.001246689877144792	-0.0548386760232229	0.02753848848301462	0.0002616120009647517	-0.000146204879694479	0.01888775410010871	0.07313739661465814	0.03074181197719392	0.1013710744044374	-0.1922847894556038	-0.001169786327050214	-0.1523239739934501	1.769354497402905e-05	5.990803999425551e-05	6.884795770693989e-05	0.006800005663260855	-0.002398302943788587	-0.0001046084360105278	-0.002086799608319919	-5.58565657804817e-05	-5.569842324000747e-05	-0.0001224866279621782	-0.02923196790440253	-0.0325486419592035	3.581773228098869e-18	-1.271828183304857e-17
10.608	-0.4914149860082042	0.02145636552787765	0.01793206491756656	0.2408564553884144	0.9871323001040986	0.01949807991812541	0.6602113993482276	0.0003361170482245311	0.000237227093108422	0.4754953880078072	0.02835365917717694	-0.002242363616502008	0.05485613007133272	0.02354730245740725	0.01481740827504409	0.5286194401963076	0.5286194401963076	0.09742481931177618	0.09742481931177618	0.3601659212170415	-0.006449822328519683	1.570067986513346	0.548427616779232	-0.0007939329952772849	1.570548907351812	-0.0004634483973114698	-0.007948783333574115	6.871068396202693e-05	0.0004928718636103334	0.0001332404045077424	0.001911588443601644	6.846792560214734e-05	5.104649718847952e-05	-8.031115788885211e-06	-0.0001266515239497926	1.916090511884861e-05	4.722098572871375e-05	-1.550257098914842e-05	2.327376215253799e-05	-0.1277054711628327	0.006335105408479026	0.005397159095849648	0.1582518228446573	-0.01853065533006787	0.0009028381380169572	1.279791202673554	0.0001143268783352898	-0.000158273458891056	-0.2216897571502151	0.009466479047486751	-0.0007826024975698286	0.1493085613729522	0.01094510860364461	0.00495219514417241	-0.1449738812356286	-0.1449738812356286	-0.3063060722477622	-0.3063060722477622	-0.1439268230664621	-0.01505388565633484	9.209045614460083e-05	-0.1658897198866746	0.0002004971672255223	7.598562373998373e-05	0.0003203683553298215	-0.003537876162241533	-0.003190195539460101	2.668765870848139e-05	7.999488074513558e-05	0.002046237391971604	-0.0001662932664124332	-3.323449895187037e-06	0.0001398941139768739	0.0001246499751105845	6.153236896900119e-05	0.0002993902081505704	3.84896362992351e-06	2.62529759955472e-05	0.05539330580747835	0.01560210579109124	0.007141408750945699	-0.05508340670116101	0.005483227172921721	0.01333060421873599	0.009797259510768276	0.005639277571663108	-0.000688293308634854	0.01294744740573069	0.003553137920471987	-0.0004579973966637224	-0.0001605765460835003	0.0466490670328064	-0.004145720355561559	0.0006556773619411239	-0.0592984082581644	0.02843796998669966	0.001088615879159972	-0.000140271366287306	-0.0003242816995613783	0.08082708680735769	0.03126559183344967	0.07188836084869749	-0.1800323502590586	-0.0009160458468063323	-0.1375598389458391	1.909816239114796e-05	6.102227400180403e-05	7.237234700135933e-05	0.006954203753763965	-0.002508455767482618	-0.0001084229077466048	-0.002155265564189806	-5.744224642045351e-05	-5.815074837025629e-05	-0.0001279718937442481	-0.02906639043127347	-0.0327670391591136	4.906049750893356e-18	-8.222306960366812e-18
10.62933333333334	-0.4941212785383035	0.02155888602919801	0.0180366173322393	0.2443196396170381	0.9867138310474376	0.01950043385169193	0.6874209862258639	0.0003358963780017406	0.0002343074347071808	0.470666706719911	0.02855429899200471	-0.002254219900585416	0.0581464282589497	0.02375605584953372	0.01491057961609589	0.5257476123406595	0.5257476123406595	0.09089119585743803	0.09089119585743803	0.3569182248956667	-0.006741880806553603	1.570065179413454	0.5447572228829716	-0.0007926162331436323	1.570549783212646	-0.0004623229894636539	-0.008029158438171405	1.881531740421511e-05	0.000491897937154459	0.0001324249146767328	0.001949020228872732	6.428869436558072e-05	5.090174704976362e-05	-9.022455047165446e-06	-0.000129360043051118	1.70920874969803e-05	3.29154828468089e-05	-1.543845230695894e-05	2.302995060758614e-05	-0.12114751789147	0.003351268556223833	0.004412502309361367	0.1669852884448862	-0.02054914377056424	-0.0006863495957134451	1.265051352324391	-0.0001605611473818629	-3.36976246650141e-05	-0.2333056841378561	0.009295833082242454	-0.0002137577485235365	0.1545322743235804	0.008513912003166377	0.003749079412275183	-0.1206855792930358	-0.1206855792930358	-0.3000318989287967	-0.3000318989287967	-0.1607442904336458	-0.01213982019820657	-0.0005363172416074973	-0.1777687075085672	-0.0001570335652502746	-1.827540445126915e-05	-0.0004160077600256575	-0.004069161784969668	-0.001666934955998459	-0.0001544432608988804	-0.0002534197851344081	0.0006251058513378464	-9.099596431300394e-05	-1.170196860507831e-05	-0.0003603416834143053	-0.0006473365500178172	-0.0003013205028712329	-0.001854027274767957	1.295537246661885e-06	-6.950172056326727e-05	0.05557380539480712	0.01514444869937685	0.004156493309047796	-0.05428703699587611	0.005086862367182725	0.01198311467900866	0.01126635953899656	0.005811350184689726	-0.0006823452455337836	0.01333538109722004	0.003456545460176568	-0.0004344535651703793	-0.0001536346991637853	0.06007435584865766	0.003766123590861438	6.466484673745557e-05	-0.06375814049310589	0.02933745149038469	0.001915619757355191	-0.000134337852880133	-0.01953631749923146	0.08851677700005725	0.03178937168970543	0.04240564729295753	-0.1677799110625134	-0.0006623053665624506	-0.1227957038982281	2.050277980826686e-05	6.213650800935255e-05	7.589673629577879e-05	0.007108401844267077	-0.002618608591176648	-0.0001122373794826818	-0.002223731520059693	-5.902792706042532e-05	-6.060307350050512e-05	-0.000133457159526318	-0.02883714695838477	-0.03295332905868221	6.074699121000367e-18	-3.743930482466103e-18
10.65066666666667	-0.4964533090278296	0.02159826910293734	0.01811492673001325	0.2480003357963315	0.9862569050983255	0.01946664870029478	0.7139727686682339	0.0003316819793898534	0.0002350814466673683	0.4654926326275746	0.02874552413563109	-0.002269026913500511	0.06131529999649787	0.02392311775296905	0.01499017643297753	0.5235242965929758	0.5235242965929758	0.08481243931064313	0.08481243931064313	0.3533183786771047	-0.006981761865869894	1.570060713026672	0.5408633081393617	-0.0007938052709648457	1.570550275180816	-0.000460546786883572	-0.008103393653689778	0	0.0004906124370597991	0.0001330098461141999	0.001970663564435429	6.622543681522987e-05	5.054813468974627e-05	-7.498921535525393e-06	-0.0001165501606438412	1.651298725389263e-05	3.097295002263077e-05	-1.546685964555554e-05	2.15568159283321e-05	-0.0968401438994374	0.0003955763417943131	0.003001406307820781	0.1784393093457177	-0.02233746843724059	-0.002494835088466989	1.220600895498407	-0.0001518953138856821	5.687583140839547e-05	-0.2504335501520543	0.008588649815131872	-0.0009282613864129141	0.1418778441320713	0.007136665216151453	0.003562976896568264	-0.08935560026553263	-0.08935560026553263	-0.2654942582770152	-0.2654942582770152	-0.1769289890740368	-0.01020964051066463	2.156884434338436e-05	-0.1872058202433887	1.234292738078982e-05	4.522153930099634e-05	0.0003411479338181483	-0.00328151835178272	-0.0002695701847875446	-1.599670550091888e-05	0.000145537367105184	0.001293943518332314	0.0001500886507483291	-1.653133311276866e-05	0.0002672467801390704	0.0009454858740079652	0.0001256387195825109	0.0009056706634500465	-2.547649742643981e-06	-4.737153373931169e-05	0.05304450693580157	0.01393525085277915	0.002357062470631627	-0.0511268307532696	0.005212223185586373	0.0106618027171813	0.0108088606998486	0.006180358038040856	-0.0007155681949617728	0.0135994293277975	0.003359767461706504	-0.0004137231371795878	-0.0001490433162703736	0.06688392674993915	0.01070715069929501	-0.0003706093913093901	-0.06558647931066047	0.02967827664368895	0.002759039748348839	-0.0001307005838522295	-0.02939926853154063	0.09476239934615113	0.0330484667376169	0.02819479808663631	-0.1553098407896755	-0.0005340580198938291	-0.1107160590955339	1.940081619494072e-05	6.203670717951022e-05	7.193818861869205e-05	0.007421430023017864	-0.002640712373502223	-0.0001160889073755254	-0.002259336933800586	-6.066118532734252e-05	-6.125087800142039e-05	-0.0001399285246638331	-0.02842453838535125	-0.03308379528965678	4.500419924992409e-18	4.242742874120265e-19
10.672	-0.4982258096229865	0.02157809704047267	0.01816776651127693	0.251948381604347	0.9857586407363639	0.01939339761364761	0.7393473239047513	0.0003329416300427522	0.0002346270258275729	0.4600382976197333	0.02891891874656607	-0.002283323817835941	0.06417122771249936	0.02406006391303905	0.01505619376533356	0.5218666127255657	0.5218666127255657	0.07974935098401795	0.07974935098401795	0.3493612463104281	-0.007171544887988598	1.570062002632989	0.5367731870096106	-0.0007935069175062963	1.570550894494061	-0.0004580661738592612	-0.008185858044942068	0	0.0004890853061986683	0.0001316918000874387	0.001999534583176713	6.546679495348641e-05	5.040623873706016e-05	-7.686109014202212e-06	-0.0001275378042323072	1.727331775119938e-05	3.886434703449265e-05	-1.54869461414206e-05	2.191471170148181e-05	-0.06869159029433623	-0.002232025462901681	0.002024725761522822	0.1920493161375856	-0.02442461997522382	-0.004386281025402076	1.154686301775714	0.0003526309711918395	-0.0001488631996634265	-0.2595801449664491	0.00762422064242294	-0.0001659350691799184	0.1251937723035778	0.005690561062666637	0.002476002737999725	-0.06765759051740833	-0.06765759051740833	-0.2048130032878826	-0.2048130032878826	-0.1942398668193984	-0.007443129210932707	3.307111464401987e-06	-0.1961630562092959	-1.759063277251289e-05	-6.336803735786915e-06	-0.0003499692808791929	-0.00484064701002449	9.792624317970491e-05	-0.0001770961452555241	-0.0004318239224058103	0.001302701149330464	-0.0003436882435060701	8.146444582225775e-06	-0.0005207217762565165	-0.002878354612118761	-0.0001757488709592523	-0.0009320963526391801	2.075616252743991e-06	0.000102157384349588	0.05051520847679603	0.01272605300618144	0.0005576316322154592	-0.04796662451066312	0.005337584003990021	0.009340490755353936	0.01035136186070063	0.006549365891391987	-0.0007487911443897621	0.01386347755837496	0.003262989463236441	-0.0003929927091887964	-0.000144451933376962	0.07369349765122064	0.01764817780772858	-0.0008058836293562358	-0.06741481812821505	0.03001910179699321	0.003602459739342486	-0.0001270633148243259	-0.03926221956384979	0.101008021692245	0.03430756178552839	0.01398394888031508	-0.1428397705168376	-0.0004058106732252075	-0.09863641429283963	1.829885258161457e-05	6.193690634966787e-05	6.79796409416053e-05	0.007734458201768652	-0.002662816155827798	-0.0001199404352683689	-0.002294942347541478	-6.229444359425972e-05	-6.189868250233566e-05	-0.0001463998898013482	-0.02799749740437374	-0.03331767415576756	2.799248837076804e-18	4.58061230437096e-18
10.69333333333334	-0.4994049100085264	0.02151537182015885	0.01820018785963585	0.256206842089413	0.9852122585905272	0.01927774809313679	0.7631147032123827	0.0003354010091230753	0.0002333512513851717	0.4544571888413086	0.02908378211810455	-0.002294010161704045	0.06666068122113132	0.02415864215963015	0.01510095817804274	0.520513569104942	0.520513569104942	0.07611861857104921	0.07611861857104921	0.3450390929365736	-0.007303747336706695	1.570059833025409	0.5324964754144096	-0.0007946072861896283	1.570551390541068	-0.0004604141962138342	-0.008258833582692686	3.539893315608202e-07	0.0004866231379243868	0.0001290710536132508	0.002027669423382225	6.304422362807439e-05	5.074825733139812e-05	-1.184372016933906e-05	-0.0001276845471755174	1.864213945725798e-05	2.451874819283041e-05	-1.54625318639722e-05	2.375608496070028e-05	-0.04351022804228562	-0.003761669640670237	0.0009919601515735897	0.2074377550306344	-0.02688479332410839	-0.006470655520731595	1.071134694978703	-7.546967020040975e-06	3.411503880351937e-06	-0.2629277568964	0.00769300671983498	-0.000718488596829026	0.1093071658689714	0.003700853639496772	0.001742614404251157	-0.0635813755600806	-0.0635813755600806	-0.1367595672670029	-0.1367595672670029	-0.2108404868384269	-0.005017121589764504	-0.0001191839852892915	-0.2049328391375574	-9.770619765103421e-05	3.134383940293793e-05	6.175043091409142e-05	-0.002676238804330174	-3.190850728565261e-05	-8.733245756262403e-05	7.899721286520133e-05	0.001262306698099865	5.182822263885701e-05	1.313674384564173e-05	3.380281155011095e-05	0.00147916028699555	0.0001546058042444156	-0.0002714669240027721	5.04426089272002e-06	4.372408413682268e-05	0.04495204538078937	0.01111508812120578	-0.0001142200560675735	-0.04254144278144861	0.004776884503521091	0.007977342779384736	0.008434677348566651	0.00636098436999036	-0.0006938091400869229	0.01419639116405292	0.003182920208816271	-0.000391799731173476	-0.0001413389112345988	0.07752242474243257	0.02214956985764399	-0.001056975331060971	-0.06957605213128804	0.03065348538914472	0.004133412294375863	-0.0001279947877449472	-0.04501477217450588	0.1050971231476624	0.03568467573602961	0.01010042186431697	-0.133126045308162	-0.0003646918949985808	-0.09051172455973681	1.593984369677451e-05	6.126552945614148e-05	6.072063211266665e-05	0.007995414918827975	-0.002703272380392474	-0.0001232389944311963	-0.002313322465496133	-6.368425847668248e-05	-6.300538334634258e-05	-0.0001494866921982116	-0.02744876783033799	-0.03324405341613829	-1.926179007973815e-18	8.454126043422474e-18
10.71466666666667	-0.50015312205966	0.02141276902597362	0.01820911668326715	0.2608099989152343	0.9846078831704433	0.01911668510083797	0.7849479161881741	0.0003375056939732683	0.0002336697420759946	0.4488508112930372	0.0292412352479148	-0.002308969365577943	0.06888255945040993	0.02422435437591886	0.01513148199381427	0.5189664526315237	0.5189664526315237	0.0738634427554921	0.0738634427554921	0.340370570611339	-0.007388436315109255	1.570060651799988	0.5280228073857465	-0.0007981935719708177	1.570551314610036	-0.0004583367369871459	-0.008328862544336827	0	0.0004839255073862143	0.0001304913941260394	0.00205029397629729	6.491572353072443e-05	5.050674813671138e-05	-1.038862026165701e-05	-0.0001235389514195797	1.749244106156043e-05	3.331212050696574e-05	-1.506560002825163e-05	2.263905557653267e-05	-0.02829580894373601	-0.005970548013345133	-0.0001776984316924503	0.2243645980833906	-0.02986148943591355	-0.008643794005526	0.9733582081657104	0.0003193783871171488	5.991565763180963e-07	-0.2619490921395742	0.006929510480401355	-0.0005665156947230966	0.1001085898642001	0.002609370721818696	0.001140946775095272	-0.08585192046690071	-0.08585192046690071	-0.07585457228054164	-0.07585457228054164	-0.226711956011289	-0.002988741368851197	0.0002834679388400218	-0.2146277218463545	-0.0002506453606966574	-5.995974479087883e-05	6.491961736403684e-05	-0.004564405500042427	2.970239060589607e-05	-0.0001991707324953123	-5.297201737677556e-05	0.0007861117158510521	5.888093412473888e-05	-4.655928563884003e-05	5.469885882746939e-06	-0.002475947859073646	-0.0004118601304988888	0.001237182193216809	3.699913734076137e-05	-0.0001751928634678535	0.03938888228478272	0.009504123236230119	-0.0007860717443506063	-0.03711626105223412	0.004216185003052161	0.006614194803415537	0.006517992836432673	0.006172602848588733	-0.0006388271357840839	0.01452930476973088	0.003102850954396102	-0.0003906067531581556	-0.0001382258890922356	0.0813513518336445	0.0266509619075594	-0.001308067032765706	-0.07173728613436103	0.03128786898129624	0.004664364849409239	-0.0001289262606655685	-0.05076732478516197	0.1091862246030797	0.03706178968653084	0.006216894848318869	-0.1234123200994865	-0.000323573116771954	-0.08238703482663401	1.358083481193445e-05	6.059415256261508e-05	5.3461623283728e-05	0.0082563716358873	-0.002743728604957149	-0.0001265375535940236	-0.002331702583450789	-6.507407335910522e-05	-6.411208419034949e-05	-0.000152573494595075	-0.02692043275581111	-0.033200942745171	-6.47425270896935e-18	1.207487378470141e-17
10.736	-0.5006681302147611	0.02126582054562403	0.0181965629340264	0.2657918162473799	0.9839355292193369	0.01890742973681427	0.804577240173363	0.0003412800099398957	0.0002338069764500161	0.4432861754335938	0.02938873093561731	-0.002321863151371433	0.07096306034367246	0.02426394623235754	0.01514737611630009	0.5167530909877007	0.5167530909877007	0.07280598489781087	0.07280598489781087	0.3353653799326058	-0.007434886730920265	1.570063537049496	0.5233311495844156	-0.0008057480937233861	1.570550910201338	-0.0004500762126316319	-0.008399158765170561	0	0.0004818567689828623	0.0001327512018688156	0.002075293386344146	6.588113795907182e-05	4.80032188696159e-05	1.71229366742459e-06	-0.0001276364827072515	1.626012944303151e-05	4.348311065881298e-05	-1.730267253784471e-05	1.454104283603789e-05	-0.02059571131632822	-0.007846477224188709	-0.001041494153923572	0.2430323921982711	-0.03323020678940306	-0.01099530266303051	0.8657301929640148	0.0001685640579846359	-1.390072095306891e-05	-0.261055009531828	0.006864494765645747	-0.0006142882247775282	0.09500689233801031	0.001122726680117456	0.0003141479441465829	-0.1217912048528863	-0.1217912048528863	-0.02597772970054572	-0.02597772970054572	-0.2423698618773005	-0.001452097990844492	2.002333382492575e-05	-0.2254684722377215	-0.0003645917157033177	6.505184314262522e-06	0.0003786987196067016	-0.002668727152216689	0.0001126919276146205	-0.000101977832788069	0.0001260647686446695	0.001400909289388433	6.806272392037876e-06	-0.0001032999695156344	0.0005818855001531137	0.001058853141373525	0.0001560143185398519	-0.0001767180610894301	-0.0001305987827328566	-0.0003173326072196835	0.03236641464701111	0.008126160594119114	-0.00179099171159367	-0.0292283371598126	0.00410088551039396	0.005079022870635701	0.006693298869039485	0.006384237937761349	-0.0006540207888730633	0.01451984496312261	0.003041004749946768	-0.0003778131630239106	-0.0001333477792923749	0.085492894602752	0.02902496939626057	-0.001437131487879948	-0.07463330427884972	0.03207872153754255	0.004893290792118002	-0.0001303559898654935	-0.06118249081213961	0.1104619396225531	0.03616346207372068	-0.003144278394066132	-0.1188225441142648	-0.0002506282235844327	-0.07720537298936514	1.142521878530457e-05	5.976136355179673e-05	4.724562708520163e-05	0.008355480614357468	-0.002667382513565043	-0.0001269854301985283	-0.002264724604112873	-6.507480797019744e-05	-6.250552806668679e-05	-0.0001520094496323595	-0.0264769588508656	-0.03307953537818967	-4.593238687991136e-18	6.5328541067486e-18
10.75733333333333	-0.5010578779865151	0.0210762535090052	0.01816287571267646	0.2711943832391283	0.9831875644462406	0.01864663885211843	0.8218362135954149	0.0003504193742384455	0.0002319601737391697	0.4376561659861405	0.02953268183093696	-0.002333984820559852	0.07293911052440888	0.0242731261109984	0.01514339319084225	0.513764034452782	0.513764034452782	0.07264004616780084	0.07264004616780084	0.3300360616562614	-0.007454066645488255	1.570062914091834	0.518392012828007	-0.0008097815134236167	1.570550929071447	-0.0004562933066618987	-0.008470157012659508	1.086905693205432e-05	0.0004750004013485741	0.0001299495506712036	0.002103381362013986	6.414712091744414e-05	4.971940495250226e-05	-8.904664833921868e-06	-0.0001224338001921601	1.81622104831243e-05	3.033465893052824e-05	-1.568310958987697e-05	2.047716188113796e-05	-0.01655264800496216	-0.009966037663585885	-0.002158961441928198	0.2638098786711481	-0.03695000399748877	-0.01347524906853891	0.7511378428716132	0.0008223516682348972	-0.0001854043201300511	-0.2680778660155011	0.006597186194507292	-0.0004941297629977899	0.09031633556487689	-0.0002417521967274156	-0.0007225264696225777	-0.1585733165071433	-0.1585733165071433	0.007725345938636801	0.007725345938636801	-0.2570989182873411	-0.0004321318773179122	-4.542648327522044e-05	-0.2378288738849089	7.945795671001937e-05	-2.027735665780072e-05	-0.001292357106302943	-0.004630220498968389	0.001049381867363923	-0.0006480109728955895	-0.0005274837930381819	0.00107566474300579	-0.0001941907661854315	0.0003490390284219674	-0.002124330654469941	-0.001604052815064577	-0.0001180108187530963	-0.0009490154830456229	0.0003985587114870984	0.001140506991431698	0.0253439470092395	0.006748197952008109	-0.002795911678836733	-0.02134041326739108	0.00398558601773576	0.003543850937855865	0.006868604901646295	0.006595873026933963	-0.0006692144419620426	0.01451038515651434	0.002979158545497434	-0.0003650195728896656	-0.0001284696694925142	0.08963443737185949	0.03139897688496174	-0.00156619594299419	-0.07752932242333839	0.03286957409378887	0.005122216734826764	-0.0001317857190654184	-0.07159765683911723	0.1117376546420266	0.03526513446091051	-0.01250545163645113	-0.1142327681290432	-0.0001776833303969116	-0.07202371115209626	9.269602758674687e-06	5.892857454097837e-05	4.102963088667525e-05	0.00845458959282764	-0.002591036422172937	-0.000127433306803033	-0.002197746624774957	-6.507554258128965e-05	-6.089897194302407e-05	-0.0001514454046696441	-0.02609549042916483	-0.03285700958585758	-2.757583896275163e-18	1.064858011546911e-18
10.77866666666667	-0.5014199848068988	0.02084307018898947	0.01811072991936444	0.2770589943602659	0.982355124292537	0.01833161375176338	0.8365810560993245	0.000363888763721429	0.0002302626859548032	0.4318344985177145	0.0296782408861206	-0.002347166210583718	0.07482097721859671	0.02423972874314956	0.01512218939567313	0.509976350333185	0.509976350333185	0.07304863288560498	0.07304863288560498	0.3244187258786516	-0.007453083458236745	1.570064429448602	0.513184103102086	-0.0008119030884057677	1.570550420184297	-0.0004607327914327798	-0.008556240132069133	4.676369840171366e-05	0.0004728094630998002	0.0001283065598517908	0.002130210847179044	6.33986988066879e-05	5.062432778893783e-05	-1.597007539128919e-05	-0.0001296757595669314	1.748174003769978e-05	2.774552693769512e-05	-1.441040562063637e-05	2.340939386859865e-05	-0.0187409836152717	-0.01230030879721701	-0.002471320438778288	0.2862308043180802	-0.04119335421416168	-0.01603219961728703	0.6298974080123732	0.0003589739572671286	2.002299021479978e-05	-0.2778328232283807	0.006696819345156786	-0.0006659503837339839	0.0862528682812443	-0.003071867310481396	-0.0009672303663847069	-0.1969911162051665	-0.1969911162051665	0.02838742459183443	0.02838742459183443	-0.2689405380754154	0.0007034573900358963	0.0001381445776598458	-0.2500318316309065	-0.0003266401043454527	-2.899703688465995e-05	0.0004162442866456786	-0.003621350514358354	0.00237232659957792	0.000125071788812089	0.0001909180548538385	0.001306251920891085	5.860133002006291e-05	-0.0001402841321810331	0.0007396792172248133	0.0004397837752898957	2.529030093501274e-05	0.0003537222444032729	-0.0001432332093377987	-0.000457377135641318	0.01423752650086154	0.004448229266574229	-0.002902948308970321	-0.01088383189813951	0.002218148783489289	0.001639948838979427	0.004124653309430793	0.005606280356776015	-0.0004605497113885515	0.01522423848486888	0.002940277393281798	-0.0003799028724874461	-0.0001225312547767829	0.09323349108475057	0.03239956935320843	-0.001625855475978835	-0.08015156313310733	0.03348302181328739	0.005126009988283367	-0.0001334626452414843	-0.0808896130819033	0.1111512819048235	0.03550539081287998	-0.01457088160335359	-0.1115122177861615	-0.0001628192349464125	-0.06953891523886273	7.022686242346096e-06	6.173620706172158e-05	2.84308236500478e-05	0.008337652534333344	-0.002695330524070639	-0.000132619464207442	-0.00210296637432482	-6.737691250809353e-05	-6.599867525932014e-05	-0.0001510768945032408	-0.02551229449479122	-0.03277209813253703	-4.255832455350236e-18	1.037595248579446e-18
10.8	-0.5019149276216957	0.02053414283139259	0.01806845718695985	0.2834168555463564	0.9814256253308867	0.01796371425927247	0.8486566370260223	0.0003622612651713301	0.0002325481690494162	0.4257964459943603	0.02980338747195476	-0.002359169896430929	0.07662538549175862	0.024134268144839	0.01511484358421667	0.5053390675106905	0.5053390675106905	0.0737577076218027	0.0737577076218027	0.3185862583373381	-0.007416408657310128	1.570066702805437	0.5077402368134303	-0.000825778296246198	1.570549625039013	-0.0004581564249868687	-0.008632402520202241	0.0001145026538915972	0.0004667884788120892	0.00013030721279342	0.002153425280971373	6.385598349826936e-05	4.902113287331578e-05	-8.161837325319737e-06	-0.0001243773339777597	1.800706967781132e-05	3.038415781432664e-05	-1.599132097354861e-05	1.838034999098865e-05	-0.0290060224812073	-0.0170670411868193	-0.001233361981857416	0.3100520722604699	-0.04604926724249712	-0.01843222333127494	0.5008945700080036	-0.0005929815848665461	0.0001879991997742645	-0.2883639649150319	0.004683517192993849	-0.0003837199964364539	0.0830546085936967	-0.006997680052512557	0.0005766595034392555	-0.2382231949037926	-0.2382231949037926	0.03589609766303492	0.03589609766303492	-0.2772675211345509	0.002913956904723166	2.563602312067379e-05	-0.2599498016412874	-0.001022445123753669	-4.711405676923707e-05	-0.0006346210547286776	-0.003700151941794938	0.004034786306759896	-0.001007077789045944	-0.0001858921904404964	0.0007367536768123803	-8.115575346627324e-05	0.0001139029891665682	-0.0007299260960321385	-0.000428391724694936	-4.967060734092451e-06	-0.0004589127140333197	0.0001310319000352736	0.0003941373790813324	0.003131105992483579	0.002148260581140349	-0.003009984939103909	-0.0004272505288879382	0.0004507115492428182	-0.0002639532598970119	0.001380701717215291	0.004616687686618065	-0.0002518849808150604	0.01593809181322341	0.002901396241066162	-0.0003947861720852267	-0.0001165928400610516	0.09683254479764163	0.03340016182145513	-0.00168551500896348	-0.08277380384287623	0.03409646953278591	0.005129803241739971	-0.0001351395714175502	-0.09018156932468939	0.1105649091676204	0.03574564716484945	-0.01663631157025606	-0.1087916674432797	-0.0001479551394959133	-0.06705411932562919	4.775769726017503e-06	6.45438395824648e-05	1.583201641342036e-05	0.008220715475839049	-0.002799624625968341	-0.0001378056216118509	-0.002008186123874683	-6.96782824348974e-05	-7.109837857561621e-05	-0.0001507083843368374	-0.02503715974093731	-0.0324924367125556	-5.754081014425433e-18	1.010332485611979e-18
